source_cluster,source_modern,found_name,found_normalized,category,relationship,confidence,matched_clusters,is_cross_link
"Galen","Galen","Rasis","Rhazes",PERSON,"mentioned alongside",high,395,True
"Galen","Galen","Benzacaria","Ibn Zuhr",PERSON,"synonym for Rasis",high,,False
"Galen","Galen","HaUrodoam","Al-Razi",PERSON,"mentioned alongside",medium,,False
"Galen","Galen","Mesué","Mesue the Younger",PERSON,"mentioned alongside",high,546,True
"Galen","Galen","Hypocras","Hippocrates",PERSON,"mentioned alongside",high,21,True
"Galen","Galen","Aris- tóteles","Aristotle",PERSON,"mentioned alongside",high,,False
"Galen","Galen","Platão","Plato",PERSON,"mentioned alongside",high,242,True
"Galen","Galen","MuUás","Mullahs",PERSON,"called",medium,,False
"Galen","Galen","Avicena","Avicenna",PERSON,"mentioned alongside",high,19,True
"Galen","Galen","calamo yngoentarío","calamus aromaticus",PLANT,"synonym for arata",high,,False
"Galen","Galen","calamo arábio","calamus arabicus",PLANT,"synonym for arata",high,,False
"Galen","Galen","calamo ale- xandrino","calamus alexandrinus",PLANT,"synonym for arata",high,,False
"Galen","Galen","Hipocras","Hippocrates",PERSON,"mentioned alongside",high,21,True
"Galen","Galen","Plutarco","Plutarch",PERSON,"mentioned alongside",high,,False
"Galen","Galen","Cornelio Celso","Cornelius Celsus",PERSON,"mentioned alongside",high,180,True
"Galen","Galen","cardamomo mayor","greater cardamom",PLANT,"mentioned alongside",high,,False
"Galen","Galen","cardamomo menor","lesser cardamom",PLANT,"mentioned alongside",high,,False
"Galen","Galen","Plinio","Pliny the Elder",PERSON,"mentioned alongside",high,25,True
"Galen","Galen","Dioscorides","Dioscorides",PERSON,"mentioned alongside",high,3,True
"Galen","Galen","Diocorides","Dioscorides",PERSON,"mentioned alongside",high,3,True
"Galen","Galen","Avicena","Avicenna",PERSON,"mentioned alongside",high,19,True
"Galen","Galen","Serapiam","Serapion the Younger",PERSON,"mentioned alongside",high,59,True
"Galen","Galen","Serapião","Serapion the Younger",PERSON,"mentioned alongside",high,59,True
"Galen","Galen","Dioscorides","Dioscorides",PERSON,"mentioned alongside",high,3,True
"Galen","Galen","mtrtus sihestris","myrtus sylvestris",PLANT,"synonym for cubebas",high,,False
"Galen","Galen","mirto agreste","myrtle agreste",PLANT,"synonym for cubebas",high,,False
"Galen","Galen","Plinio","Pliny the Elder",PERSON,"mentioned alongside",high,25,True
"Galen","Galen","Dioscorides","Dioscorides",PERSON,"mentioned alongside",high,3,True
"Galen","Galen","Avicena","Avicenna",PERSON,"mentioned alongside",high,19,True
"Galen","Galen","Serapiam","Serapion the Younger",PERSON,"mentioned alongside",high,59,True
"Galen","Galen","Rasis","Rhazes",PERSON,"mentioned alongside",high,395,True
"Galen","Galen","licium","lycium",SUBSTANCE,"synonym for cate",high,,False
"Galen","Galen","Auicenna","Avicenna",PERSON,"mentioned alongside",high,19,True
"Galen","Galen","ruteggiare","rue",PLANT,"alternative term for",low,416,True
"Galen","Galen","Marie","Maria",PERSON,"mentioned alongside",low,,False
"Galen","Galen","gallta mufcata","grain of musk",SUBSTANCE,"mentioned in recipe with",low,,False
"Galen","Galen","legno di finocchio","fennel wood",PLANT,"mentioned in recipe with",low,,False
"Galen","Galen","Seme d'Anici","anise seed",PLANT,"mentioned in recipe with",low,,False
"Galen","Galen","OXYMELE","oxymel",SUBSTANCE,"mentioned alongside",high,84,True
"Galen","Galen","Di Finocchio","of Fennel",PLANT,"part of oxymel name",high,,False
"Galen","Galen","Aceto bianco","white vinegar",SUBSTANCE,"mentioned in recipe with",low,,False
"Galen","Galen","Spigo nardi","Spikenard",PLANT,"ingredient in a syrup",high,186,True
"Galen","Galen","LINCTI","Linctus",SUBSTANCE,"type of preparation; synonym for 'LO CE HI»'",high,,False
"Galen","Galen","LO CE HI»","Loch",SUBSTANCE,"type of preparation; synonym for 'LINCTI'",high,,False
"Galen","Galen","EciPECapi","Ecipe",SUBSTANCE,"ingredient; synonym for 'capi'",high,,False
"Galen","Galen","capi","Thymiama",SUBSTANCE,"ingredient; synonym for 'EciPECapi'",high,793,True
"Galen","Galen","LINCTI","Linctus",SUBSTANCE,"type of preparation; synonym for 'LO CE HI»'",high,,False
"Galen","Galen","LO CE HI»","Loch",SUBSTANCE,"type of preparation; synonym for 'LINCTI'",high,,False
"Galen","Galen","EciPECapi","Ecipe",SUBSTANCE,"ingredient; synonym for 'capi'",high,,False
"Galen","Galen","capi","Thymiama",SUBSTANCE,"ingredient; synonym for 'EciPECapi'",high,793,True
"Galen","Galen","lapis LazzoU","Lapis Lazuli",SUBSTANCE,"ingredient; preparation described",high,,False
"Galen","Galen","LATTO VARO","Lactucarium",SUBSTANCE,"preparation; synonym for 'LETÌA'",high,,False
"Galen","Galen","LETÌA","Lactucarium",SUBSTANCE,"preparation; synonym for 'LATTO VARO'",high,,False
"Galen","Galen","NiccoUo Ale^mdrìno","Niccolò Alessandrino",PERSON,"authority cited",high,,False
"Galen","Galen","Pomi dolci","Sweet apples",PLANT,"ingredient",high,,False
"Galen","Galen","Borrana","Borrago",PLANT,"ingredient",high,,False
"Galen","Galen","Bajfsilico","Basil",PLANT,"ingredient",high,,False
"Galen","Galen","AS- fetida","Asafoetida",PLANT,"ingredient",high,,False
"Galen","Galen","Sa fetida","Asafoetida",PLANT,"ingredient",high,,False
"Galen","Galen","EciPE aloe","Aloe",PLANT,"ingredient",high,384,True
"Galen","Galen","aloe","Aloe",PLANT,"ingredient",high,384,True
"Galen","Galen","Myrrha","Myrrh",PLANT,"ingredient",high,489;671,True
"Galen","Galen","ruta","Rue",PLANT,"ingredient",high,416,True
"Galen","Galen","Scamonea","Scammony",PLANT,"ingredient",high,229,True
"Galen","Galen","Gherofani","Cloves",PLANT,"ingredient",high,,False
"Galen","Galen","òaie indo","Indian sugar",SUBSTANCE,"synonym for 'zucchero candi'",high,,False
"Galen","Galen","zucchero can- dì","Candi sugar",SUBSTANCE,"synonym for 'òaie indo'",high,,False
"Galen","Galen","Soìatrocj","Sausage tree",PLANT,"ingredient",medium,,False
"Galen","Galen","pìjolc","Pills",SUBSTANCE,"type of preparation",high,565,True
"Galen","Galen","Colocmthida","Colocynth",PLANT,"ingredient",high,507,True
"Galen","Galen","Agarico","Agaric",SUBSTANCE,"ingredient",high,65,True
"Galen","Galen","Goaxma Arabica","Gum Arabic",SUBSTANCE,"ingredient",high,,False
"Galen","Galen","Petta","Pepper",PLANT,"ingredient",high,,False
"Galen","Galen","Rhabarbaro","Rhubarb",PLANT,"ingredient",high,141,True
"Galen","Galen","oppio","Opium",SUBSTANCE,"ingredient",high,83;196,True
"Galen","Galen","Myrrha","Myrrh",PLANT,"ingredient",high,489;671,True
"Galen","Galen","mandragora","Mandrake",PLANT,"ingredient",high,,False
"Galen","Galen","Trementina","Turpentine",SUBSTANCE,"ingredient",high,259,True
"Galen","Galen","Pece greca","Greek pitch",SUBSTANCE,"ingredient",high,,False
"Galen","Galen","rame","Copper",SUBSTANCE,"ingredient",high,,False
"Galen","Galen","Verderame","Verdigris",SUBSTANCE,"ingredient",high,637,True
"Galen","Galen","Arjftolocfottilc","Aristolochia rotunda",PLANT,"ingredient",high,,False
"Galen","Galen","jlimearfo","Calx of arsenic",SUBSTANCE,"ingredient",high,,False
"Galen","Galen","Sale ammoniaca","Sal ammoniac",SUBSTANCE,"ingredient",high,,False
"Galen","Galen","Ammom^co","Ammoniac",SUBSTANCE,"ingredient",high,,False
"Galen","Galen","Allume rotondo","Round alum",SUBSTANCE,"ingredient",high,,False
"Galen","Galen","Myrrha","Myrrh",PLANT,"ingredient",high,489;671,True
"Galen","Galen","So Bengiu","Benzoin",SUBSTANCE,"ingredient",high,,False
"Galen","Galen","Antimonio","Antimony",SUBSTANCE,"ingredient",high,612,True
"Galen","Galen","Trifero","Triphera",SUBSTANCE,"synonym for 'Bianco di Galeno'",high,,False
"Galen","Galen","Bitume","Bitumen",SUBSTANCE,"ingredient",high,457,True
"Galen","Galen","A^omelite di Phi/a^rio","Amomum of Physalies",PLANT,"ingredient",low,,False
"Galen","Galen","Bitume Giudaico","Judean bitumen",SUBSTANCE,"ingredient",high,457,True
"humoral theory","Humoralism","Rhewms","Rheums",CONCEPT,"bodily fluid",high,563,True
"humoral theory","Humoralism","Cachexia","Cachexia",DISEASE,"a condition",high,52,True
"humoral theory","Humoralism","Humors","Humors",CONCEPT,"bodily fluid",high,2;15,False
"humoral theory","Humoralism","Oyl of Spike","Oil of Spike",SUBSTANCE,"synonym for 'Chimical Oyl drawn from Lavender'",high,,False
"humoral theory","Humoralism","Chimical Oyl","Chemical Oil",SUBSTANCE,"type of oil; synonym for 'Oyl of Spike'",high,,False
"humoral theory","Humoralism","Lavender","Lavender",PLANT,"source of oil",high,767,True
"humoral theory","Humoralism","Diarhodon Abba∣tis","Diarhodon Abbatis",SUBSTANCE,"a cordial powder",high,834,True
"humoral theory","Humoralism","Aromaticum Rosarum","Aromaticum Rosarum",SUBSTANCE,"a cordial powder",high,764,True
"humoral theory","Humoralism","maos humores","bad humors",CONCEPT,"removed from the stomach",high,,False
"Dioscorides","Dioscorides","cardamomo mayor","greater cardamom",PLANT,"mentioned as an alternative to Dioscorides' practice",high,,False
"Dioscorides","Dioscorides","cardamomo menor","lesser cardamom",PLANT,"mentioned as an alternative to Dioscorides' practice",high,,False
"Dioscorides","Dioscorides","Galeno","Galen",PERSON,"referenced by the author",high,1,True
"Dioscorides","Dioscorides","Plinio","Pliny",PERSON,"referenced by the author",high,25,True
"Dioscorides","Dioscorides","lentilhas de agoa","water lentils",PLANT,"compared to the leaves described",high,225,True
"Dioscorides","Dioscorides","Plinio","Pliny",PERSON,"referenced by the author",high,25,True
"Dioscorides","Dioscorides","Galeno","Galen",PERSON,"mentioned as a valid author",high,1,True
"Dioscorides","Dioscorides","Plinio","Pliny",PERSON,"mentioned as a valid author",high,25,True
"Dioscorides","Dioscorides","Avi- cenna","Avicenna",PERSON,"mentioned as a valid author",high,19,True
"Dioscorides","Dioscorides","Serapio","Serapion",PERSON,"mentioned as a valid author",high,59,True
"Dioscorides","Dioscorides","Aecio de Amida","Aetius of Amida",PERSON,"mentioned as a valid author",high,,False
"Dioscorides","Dioscorides","Paulo de Egina","Paul of Aegina",PERSON,"mentioned as a valid author",high,,False
"Dioscorides","Dioscorides","João Ruellio","Johannes Ruellius",PERSON,"mentioned as a valid author",high,,False
"Dioscorides","Dioscorides","António Mnsa","Antonio Musa",PERSON,"mentioned as a valid author",high,,False
"Dioscorides","Dioscorides","Mattheus Sylvatico","Matthaeus Sylvaticus",PERSON,"mentioned as a valid author",high,,False
"Dioscorides","Dioscorides","Pandetario","Pandectarius",BOOK,"an alternative name for a work by Matthaeus Sylvaticus",high,,False
"Dioscorides","Dioscorides","Vsilerío Gordo","Usherius Gordus",PERSON,"mentioned as a valid author",high,,False
"Dioscorides","Dioscorides","Galeno","Galen",PERSON,"referenced by the author",high,1,True
"Dioscorides","Dioscorides","Plinio","Pliny",PERSON,"referenced by the author",high,25,True
"Dioscorides","Dioscorides","Avicena","Avicenna",PERSON,"referenced by the author",high,19,True
"Dioscorides","Dioscorides","Serapiam","Serapion",PERSON,"referenced by the author",high,59,True
"Dioscorides","Dioscorides","Rasis","Rhazes",PERSON,"referenced by the author",high,395,True
"Dioscorides","Dioscorides","licium","lycium",SUBSTANCE,"identified with 'cate'",high,,False
"Dioscorides","Dioscorides","Licia","Lycia",PLACE,"a place associated with the origin of 'licium'",high,,False
"Dioscorides","Dioscorides","junco aromático","sweet flag",PLANT,"compared to 'esquinanto'",high,158,True
"Dioscorides","Dioscorides","calamo aromático","calamus",PLANT,"compared to 'esquinanto'",high,158,True
"Dioscorides","Dioscorides","esquinanto","squill",PLANT,"the subject of discussion",high,,False
"Dioscorides","Dioscorides","Nizamoxa","Nizamoxa",PLACE,"a place where learned physicians call 'esquinanto'",low,354,True
"Dioscorides","Dioscorides","frol fbca","flower of 'esquinanto'",PLANT,"associated with 'esquinanto'",high,,False
"Dioscorides","Dioscorides","esquinanto","squill",PLANT,"the subject of discussion",high,,False
"Dioscorides","Dioscorides","Mascate","Muscat",PLACE,"a place where 'calamo aromático' is known",high,,False
"Dioscorides","Dioscorides","Meca","Mecca",PLACE,"geographically close to Muscat",high,600,True
"Dioscorides","Dioscorides","calamo aromático","calamus",PLANT,"discussed by the author",high,158,True
"Dioscorides","Dioscorides","epatico","hepatic",SUBSTANCE,"a type of 'Socotorino'",high,826,True
"Dioscorides","Dioscorides","Socotorino","Socotrine",SUBSTANCE,"a reference point for quality",high,,False
"Dioscorides","Dioscorides","cauallino","equine",SUBSTANCE,"a type of substance used in horse medicine",high,384,True
"Dioscorides","Dioscorides","Amomo","Amomum",PLANT,"a reference for substitution",high,556,True
"Dioscorides","Dioscorides","ARISTOLOCHIE","Aristolochia",PLANT,"the subject of discussion",high,1179,True
"Dioscorides","Dioscorides","Ariftolochia","Aristolochia",PLANT,"the subject of discussion",high,1179,True
"Dioscorides","Dioscorides","rotonda","round",CONCEPT,"a type of Aristolochia",high,1092,True
"Dioscorides","Dioscorides","lunga","long",CONCEPT,"a type of Aristolochia",high,,False
"Dioscorides","Dioscorides","clematite","clematitis",PLANT,"a type of Aristolochia",high,,False
"Dioscorides","Dioscorides","rapa","turnip",PLANT,"compared to the root of round Aristolochia",high,605,True
"Dioscorides","Dioscorides","tartufo","truffle",PLANT,"compared to the root of round Aristolochia",high,,False
"Dioscorides","Dioscorides","Ammoniaci","Ammoniac",SUBSTANCE,"mentioned in relation to Ammoniaci",high,,False
"Dioscorides","Dioscorides","Ammoniaco chy","Ammoniac",SUBSTANCE,"synonym for Ammoniaci",high,,False
"Dioscorides","Dioscorides","chy","chy",CONCEPT,"part of a name for Ammoniaci",low,,False
"Dioscorides","Dioscorides","miama","miama",CONCEPT,"part of a name for Ammoniaci",low,,False
"Dioscorides","Dioscorides","Phnio","Pliny",PERSON,"mentioned alongside Dioscoride",high,25,True
"Dioscorides","Dioscorides","meropio","Meropio",PLANT,"plant from which Ammoniaci is derived",high,,False
"Dioscorides","Dioscorides","thymalo","Thymalo",PLANT,"a plant understood under the name Efula",high,,False
"Dioscorides","Dioscorides","Efula","Efula",PLANT,"a general term for three plants",high,,False
"Dioscorides","Dioscorides","Scebram","Scebram",PLANT,"mentioned as synonymous with Efula maggiore",high,,False
"Dioscorides","Dioscorides","Mesue","Mesue",PERSON,"mentioned alongside Dioscoride",high,,False
"Dioscorides","Dioscorides","tithymalo cypanfsia","Tithymalo cypanfsia",PLANT,"synonym for Efula minore",high,,False
"Dioscorides","Dioscorides","Sceb","Sceb",PLANT,"part of a name synonymous with Efula minore",low,,False
"Dioscorides","Dioscorides","Pepio","Pepio",PLANT,"synonym for Efula rotonda",high,,False
"Dioscorides","Dioscorides","HARMEL","Harmel",PLANT,"mentioned as a type of wild rue",high,,False
"Dioscorides","Dioscorides","ruta salvatica","wild rue",PLANT,"Harmel is a species of",high,,False
"Dioscorides","Dioscorides","Moly","Moly",PLANT,"synonym for Harmel",high,,False
"Dioscorides","Dioscorides","Befasi","Befasi",PLANT,"synonym for Harmel",high,,False
"Dioscorides","Dioscorides","Harmala","Harmala",PLANT,"synonym for Harmel",high,,False
"Dioscorides","Dioscorides","Myrabolani","Myrabolani",FRUIT,"a term used by the Arabs",high,,False
"Dioscorides","Dioscorides","noce vnguentaria","unguentary nut",PLANT,"common name for Dioscoride's Myrabolani",high,,False
"Dioscorides","Dioscorides","beeni","beeni",PLANT,"vulgar name for Dioscoride's Myrabolani",high,,False
"Dioscorides","Dioscorides","Citrini","Citrini",FRUIT,"a type of Myrabolani",high,,False
"Dioscorides","Dioscorides","Cheboli","Cheboli",FRUIT,"a type of Myrabolani",high,,False
"Dioscorides","Dioscorides","Indi","Indi",FRUIT,"a type of Myrabolani",high,704,True
"Dioscorides","Dioscorides","Emblici","Emblici",FRUIT,"a type of Myrabolani",high,580,True
"Dioscorides","Dioscorides","Belinci","Belinci",FRUIT,"a type of Myrabolani",high,,False
"Dioscorides","Dioscorides","piflàsphalto","pissasphalt",SUBSTANCE,"mentioned as having the same virtue as bitumen",high,,False
"Dioscorides","Dioscorides","bitume","bitumen",SUBSTANCE,"mentioned alongside pissasphalt",high,457,True
"Dioscorides","Dioscorides","pece","pitch",SUBSTANCE,"mentioned alongside bitumen",high,99,True
"Dioscorides","Dioscorides","Mumia","Mummy",SUBSTANCE,"discussed in relation to artificial mummy",high,675,True
"Dioscorides","Dioscorides","pompholige","pompholige",SUBSTANCE,"mentioned in contrast to cadmia",high,,False
"Dioscorides","Dioscorides","cadmia","cadmia",SUBSTANCE,"mentioned in contrast to pompholige",high,,False
"Dioscorides","Dioscorides","VALERIANA","Valerian",PLANT,"the subject of the following text",high,207,True
"Dioscorides","Dioscorides","maggiore","maggiore",PLANT,"a type of Valeriana",high,,False
"Dioscorides","Dioscorides","domestica","domestic",PLANT,"synonym for Valeriana maggiore",high,,False
"Dioscorides","Dioscorides","saluoca","salvoca",PLANT,"a type of Valeriana",high,,False
"Dioscorides","Dioscorides","minore","minore",PLANT,"synonym for Valeriana salvoca",high,,False
"Dioscorides","Dioscorides","orobi","orobi",PLANT,"flour used in a mixture",high,,False
"Dioscorides","Dioscorides","fico","fig",PLANT,"mentioned in relation to a liquid",high,,False
"Dioscorides","Dioscorides","hypociftide","Hypocistis",PLANT,"mentioned as a source of juice",high,226,True
"Dioscorides","Dioscorides","imbrentina","imbrentina",PLANT,"plant near which Hypocistis grows",low,,False
"Dioscorides","Dioscorides","Minio","Minium",SUBSTANCE,"mentioned as 'Molibdena' by the ancients",high,,False
"Dioscorides","Dioscorides","Molibdena","Molybdena",SUBSTANCE,"ancient name for Minium",high,,False
"Dioscorides","Dioscorides","Myli","Myli",CONCEPT,"listed as a substance",low,,False
"Dioscorides","Dioscorides","Nigella","Nigella",PLANT,"listed as a substance",high,810,True
"Dioscorides","Dioscorides","PilTasphako","Pissasphalt",SUBSTANCE,"listed as a substance",high,,False
"Dioscorides","Dioscorides","Ribes","Ribes",PLANT,"listed as a substance",high,,False
"Dioscorides","Dioscorides","Sale Indo","Indian Salt",SUBSTANCE,"listed as a substance",high,,False
"Dioscorides","Dioscorides","Sale ammoniaco","Ammoniac Salt",SUBSTANCE,"listed as a substance",high,,False
"Dioscorides","Dioscorides","Scariola","Scariola",PLANT,"listed as a substance",high,824,True
"Dioscorides","Dioscorides","Secacul","Secacul",CONCEPT,"listed as a substance",low,,False
"Dioscorides","Dioscorides","Silienfi","Silienfi",CONCEPT,"listed as a substance",low,,False
"Dioscorides","Dioscorides","Sifone","Siphon",TOOL,"listed as a substance",high,,False
"Dioscorides","Dioscorides","Stratiot","Stratiotes",PLANT,"listed as a substance",high,,False
"Dioscorides","Dioscorides","acque","water",SUBSTANCE,"mentioned in relation to Stratiotes",high,17,True
"Dioscorides","Dioscorides","Taraflàcon","Taracon",CONCEPT,"listed as a substance",low,,False
"Dioscorides","Dioscorides","Terra famia","Terra Famia",SUBSTANCE,"listed as a substance",high,,False
"Dioscorides","Dioscorides","Trementina","Turpentine",SUBSTANCE,"listed as a substance",high,259,True
"Dioscorides","Dioscorides","joyna","Joyna",PLANT,"common name for Elycrison",high,,False
"Dioscorides","Dioscorides","Elycrison","Helichrysum",PLANT,"Latin name for Joyna",high,,False
"Dioscorides","Dioscorides","Elelichrifſſo","Helichrysum",PLANT,"synonym for Elycrison",high,,False
"Dioscorides","Dioscorides","joyna","Joyna",PLANT,"common name for Elycrison",high,,False
"Dioscorides","Dioscorides","Elycrison","Helichrysum",PLANT,"Latin name for Joyna",high,,False
"Dioscorides","Dioscorides","Elelichrifſſo","Helichrysum",PLANT,"synonym for Elycrison",high,,False
"calor","heat","Bicho","Bicho",DISEASE,"vernacular name for heat-related ailment in Brazil",high,,False
"calor","heat","vermelhidão","vermelhidão",DISEASE,"symptom of heat-related ailment",high,,False
"calor","heat","impigem","impigem",DISEASE,"symptom of heat-related ailment",high,,False
"calor","heat","fogo","fogo",DISEASE,"symptom of heat-related ailment",high,317;902,True
"calor","heat","abertura","abertura",DISEASE,"symptom of heat-related ailment",high,,False
"pedras","Calculus (medicine)","Cardanilho","Cardanilho",SUBSTANCE,"vernacular name for verdigris",high,,False
"pedras","Calculus (medicine)","piedra de la Yjada","piedra de la Yjada",SUBSTANCE,"type of stone",high,,False
"pedras","Calculus (medicine)","plasma de Esmeraldas","plasma de Esmeraldas",SUBSTANCE,"description of a stone",medium,,False
"pedras","Calculus (medicine)","Bezaarticas","Bezaarticas",SUBSTANCE,"term for antidotes to poisons",high,,False
"pedras","Calculus (medicine)","Bezaar","Bezoar",SUBSTANCE,"alternative name for calculus",high,215,True
"pedras","Calculus (medicine)","Napelo","Aconite",PLANT,"mentioned in the context of calculus",low,828;231,True
"pedras","Calculus (medicine)","Bezaar cetrina","Yellow bezoar",SUBSTANCE,"specific type of bezoar",high,,False
"pedras","Calculus (medicine)","alma","alma",CONCEPT,"synonym for 'pedras preciosas' in Moorish language",high,,False
"pedras","Calculus (medicine)","iraa","iraa",CONCEPT,"synonym for 'pedras preciosas' in heathen language",high,,False
"pedras","Calculus (medicine)","itam","itam",CONCEPT,"synonym for 'pedras preciosas' in Malay language",high,,False
"pedras","Calculus (medicine)","nilá" condi","nila condi",CONCEPT,"synonym for 'rubim' and 'çajira'",high,,False
"pedras","Calculus (medicine)","rubim","ruby",SUBSTANCE,"mentioned as equivalent to 'nilá' condi'",high,,False
"pedras","Calculus (medicine)","çajira","çajira",SUBSTANCE,"mentioned as equivalent to 'nilá' condi'",high,,False
"pedras","Calculus (medicine)","nilá" condi","nila condi",CONCEPT,"synonym for 'rubim' and 'çajira'",high,,False
"pedras","Calculus (medicine)","rubim","ruby",SUBSTANCE,"referred to by Arabians and Persians",high,,False
"pedras","Calculus (medicine)","yao","yao",CONCEPT,"Arabian and Persian name for 'rubim'",high,,False
"pedras","Calculus (medicine)","manica","manica",CONCEPT,"name for 'rubim' in the local language",high,,False
"pedras","Calculus (medicine)","jacintos","jacinth",SUBSTANCE,"mentioned alongside granadas",medium,,False
"pedras","Calculus (medicine)","granadas","garnet",SUBSTANCE,"mentioned alongside jacintos",medium,,False
"pedras","Calculus (medicine)","esmeralda oriental","Oriental emerald",SUBSTANCE,"variety of corindon",high,,False
"pedras","Calculus (medicine)","coryndon","corundum",SUBSTANCE,"type of mineral",high,,False
"pedras","Calculus (medicine)","esmeralda","emerald",SUBSTANCE,"mentioned in pharmacopoeias",high,,False
"pedras","Calculus (medicine)","feru^egi","feru^egi",SUBSTANCE,"synonym for 'smaragdi' (emerald)",high,,False
"pedras","Calculus (medicine)","smaragdi","smaragdi",SUBSTANCE,"Latin for emerald",high,,False
"pedras","Calculus (medicine)","turqueja","turquoise",SUBSTANCE,"identified by Orta",high,730,True
"pedras","Calculus (medicine)","bade /rangi","bade rangi",CONCEPT,"Persian name for 'mal francei*'",high,,False
"pedras","Calculus (medicine)","mal francei*","mal francese",CONCEPT,"meaning of 'bade /rangi'",high,,False
"pedras","Calculus (medicine)","pedra ba^ar","bezoar stone",SUBSTANCE,"a stone inquired about",high,887,True
"pedras","Calculus (medicine)","pietrofo","pietrofo",CONCEPT,"descriptive term; meaning 'stone-like' or 'petrifying'",medium,,False
"pedras","Calculus (medicine)","scagiuolo","scagiuolo",SUBSTANCE,"made from specular stone",high,,False
"pedras","Calculus (medicine)","pietra speculare","specular stone",SUBSTANCE,"used to make scagiuolo",high,,False
"pedras","Calculus (medicine)","allume","alum",SUBSTANCE,"compared to scagiuolo",high,,False
"pedras","Calculus (medicine)","allu^e di feccia","lees alum",SUBSTANCE,"made from wine lees",high,,False
"pedras","Calculus (medicine)","Piombo","Lead",SUBSTANCE,"mentioned for grinding",high,402,True
"pedras","Calculus (medicine)","rame","copper",SUBSTANCE,"mentioned for grinding",high,,False
"pedras","Calculus (medicine)","Liman","Limen",SUBSTANCE,"mentioned for grinding",high,,False
"pedras","Calculus (medicine)","porfido","porphyry",SUBSTANCE,"a type of hard stone used for grinding",high,,False
"pedras","Calculus (medicine)","acqua d'endiua","water of endive",SUBSTANCE,"used as a solvent",high,17,True
"distillation","Distillation","Antimonio Diaphoretico","Antimonium diaphoreticum",SUBSTANCE,"synonym",high,,False
"distillation","Distillation","Unicorno mineral","Unicornu minerale",SUBSTANCE,"synonym",high,,False
"distillation","Distillation","Mercurio Diaphoretico fixo","Mercurium diaphoreticum fixum",SUBSTANCE,"synonym",high,455,True
"distillation","Distillation","Diafeltetafon","Diafeltetafon",SUBSTANCE,"synonym",high,,False
"distillation","Distillation","Colcothar","Colcothar",SUBSTANCE,"synonym",high,,False
"distillation","Distillation","oleo,que Freytag.inAur.Medic. cap. 13. fol. ſefaz deTherebentinadeBeta","Oil of turpentine",SUBSTANCE,"derived substance",medium,,False
"distillation","Distillation","Pomatum","Pomatum",SUBSTANCE,"called",high,1085,True
"distillation","Distillation","Flixweed","Sisymbrium officinale",PLANT,"called",high,,False
"cold","cold","Diacalaminthes","Diacalaminthes",SUBSTANCE,"called",high,,False
"cold","cold","Cachexia","Cachexia",DISEASE,"called",high,52,True
"cold","cold","Drop•ort","Drosera rotundifolia",PLANT,"called",high,,False
"cold","cold","Flower-de-luce","Iris pseudacorus",PLANT,"synonym",high,,False
"cold","cold","Diarhodon Abba•tis","Diarhodon Abbatis",SUBSTANCE,"called",high,834,True
"cold","cold","Aromaticum Rosarum","Aromaticum Rosarum",SUBSTANCE,"synonym",high,764,True
"cold","cold","English Rubarb","Rheum officinale",PLANT,"called",high,,False
"cold","cold","fric","frio",CONCEPT,"synonym",low,7,False
"Medicina","Medicine","botica","botica",PLACE,"synonym",high,192,True
"Medicina","Medicine","Luminare majus","Luminare majus",CONCEPT,"a treatise on pharmacy and materia medica",high,,False
"Medicina","Medicine","pharmacia","pharmacy",CONCEPT,"related to Luminare majus",high,192;323,True
"Medicina","Medicine","materia medica","materia medica",CONCEPT,"related to Luminare majus",high,8,False
"Medicina","Medicine","Joanes Jacobi","Joanes Jacobi",PERSON,"author of Luminare majus",high,,False
"Medicina","Medicine","PAO CHAMADO CATE","bread called cate",SUBSTANCE,"discussed in the colloquy",high,,False
"Medicina","Medicine","medicina","medicine",CONCEPT,"prepared or composed",high,8,False
"Medicina","Medicine","acqua piouana","rainwater",SUBSTANCE,"used in preparation",high,,False
"Medicina","Medicine","medicina","medicine",CONCEPT,"uses woods",high,8,False
"Medicina","Medicine","LEGNI","woods",SUBSTANCE,"used in medicine",high,,False
"Medicina","Medicine","Medicina","medicine",CONCEPT,"application of alum",high,8,False
"Medicina","Medicine","allume scissile","scissile alum",SUBSTANCE,"a type of alum used in medicine",high,,False
"Medicina","Medicine","rotondo","round",SUBSTANCE,"a type of alum used in medicine",high,1092,True
"Medicina","Medicine","strongyle","strongyle",SUBSTANCE,"a type of alum used in medicine",high,,False
"Medicina","Medicine","astragalote","astragalote",SUBSTANCE,"a type of alum used in medicine",high,,False
"Medicina","Medicine","liquido","liquid",SUBSTANCE,"a type of alum used in medicine",high,,False
"Medicina","Medicine","piatite","piatite",SUBSTANCE,"a type of alum used in medicine",high,,False
"Medicina","Medicine","splinthite","splinthite",SUBSTANCE,"a type of alum used in medicine",high,,False
"Medicina","Medicine","Pozzuolo","Pozzuoli",PLACE,"location where alum is found",high,,False
"Medicina","Medicine","Volterrano","Volterra",PLACE,"location where alum is found",high,,False
"France","France","Ibériens","Iberians",PERSON,"mentioned alongside Corsicans and Tibareni",low,,False
"France","France","Corses","Corsicans",PERSON,"mentioned alongside Iberians and Tibareni",low,,False
"France","France","Tibareni","Tibareni",PERSON,"mentioned alongside Iberians and Corsicans",low,,False
"France","France","France méridionale","Southern France",PLACE,"province where a custom is observed",high,,False
"France","France","Caribes de la Terre-Ferme","mainland Caribs",PERSON,"compared in stature",high,,False
"France","France","England","England",PLACE,"where the plant grows and flowers/seeds",high,29,True
"France","France","Italy","Italy",PLACE,"natural habitat of the plant",high,12,True
"France","France","Spain","Spain",PLACE,"natural habitat of the plant",high,459,True
"France","France","France","France",PLACE,"natural habitat of the plant",high,9,False
"France","France","Dioseorides","Dioscorides",PERSON,"cited for virtues and use of the plant",high,3,True
"France","France","greater Turnsole","greater Turnsole",PLANT,"the plant being discussed",high,,False
"France","France","benjuy","benzoin",SUBSTANCE,"smelled and identified",high,,False
"France","France","opus cirinaico","Cyrinean work",SUBSTANCE,"synonym for benzoin",high,,False
"France","France","çumo cirinaico","Cyrinean juice",SUBSTANCE,"synonym for benzoin",high,560,True
"France","France","Judéa","Judea",PLACE,"origin of the substance",high,,False
"France","France","França","France",PLACE,"where the substance was distributed",high,9,False
"France","France","benjudeo","Jewish benzoin",SUBSTANCE,"etymological name for benzoin",high,,False
"France","France","Itnaloes","Itnaloes",SUBSTANCE,"a substance seen by Sinforiano",high,,False
"France","France","Liam de França","Liam of France",PLACE,"location where true Itnaloes was seen",high,,False
"France","France","calambac","calambac",SUBSTANCE,"a very good type of substance",high,,False
"France","France","Malaca","Malacca",PLACE,"place where calambac is more expensive",high,325,True
"Egypto","Egypt","tembul","tembul",PLANT,"mistakenly identified",high,,False
"Egypto","Egypt","Siria","Syria",PLACE,"location where a plant is found",high,431,True
"Egypto","Egypt","Egipto","Egypt",PLACE,"location with abundance of the substance",high,10,False
"Egypto","Egypt","índia","India",PLACE,"origin of the most praised substance",high,45,True
"Egypto","Egypt","Soldam de Babylonia","Sultan of Babylon",PERSON,"title of the ruler of Egypt",high,,False
"Egypto","Egypt","Manga","mango",PLANT,"fruit mentioned in the context of Egypt",high,,False
"Egypto","Egypt","Mar Deiguana","Mar Deiguana",PLACE,"a sea or region called by the Indians",medium,,False
"Egypto","Egypt","Babilónia","Babylon",PLACE,"kingdom or country during Barbosa's time; identified as Egypt",high,290,True
"terra","earth","valle di terra","valley of earth",PLACE,"a place where things are placed or dried",low,,False
"terra","earth","terra cotta","terracotta",SUBSTANCE,"baked earth vessels",high,11,False
"terra","earth","giulebbo","julep",SUBSTANCE,"a syrup used in cooking ingredients",high,,False
"terra","earth","Ribes","Ribes",PLANT,"a plant or substance listed",low,,False
"terra","earth","Sale Indo","Indian Salt",SUBSTANCE,"a type of salt",high,,False
"terra","earth","Sale ammoniaco","Ammoniac Salt",SUBSTANCE,"a type of salt",high,,False
"terra","earth","Scariola","Endive",PLANT,"a plant listed",high,824,True
"terra","earth","Secacul","Secacul",PLANT,"a plant listed",low,,False
"terra","earth","Sifone","Siphon",CONCEPT,"a term listed; possibly a botanical or medical instrument",low,,False
"terra","earth","Stratiotes dell'acqua","Water Stratiotes",PLANT,"a plant",high,,False
"terra","earth","Taraflacon","Taraflacon",SUBSTANCE,"a substance listed",low,,False
"terra","earth","Terra famia","Terra famia",SUBSTANCE,"a type of earth or soil",high,,False
"terra","earth","Trementina","Turpentine",SUBSTANCE,"a substance listed",high,259,True
"terra","earth","Nueua España","New Spain",PLACE,"a region where new lands were discovered",high,,False
"terra","earth","Peru","Peru",PLACE,"a region where new lands were discovered",high,118,True
"terra","earth","Pinipinichi","Pinipinichi",PLANT,"a tree from which a milk-like substance is extracted on the coast of Tierra firme",high,,False
"terra","earth","Cacas","Cacas",PLACE,"celebrated mines of great wealth in the West Indies",low,,False
"terra","earth","Cacas","Cacas",PLACE,"a place in the West Indies; known for mines",high,,False
"terra","earth","Cacatecas","Zacatecas",PLACE,"a place known for mines",high,518,True
"terra","earth","Plata","silver",SUBSTANCE,"a substance found in rich mines",high,473,True
"terra","earth","Oro","gold",SUBSTANCE,"a substance found in rich mines",high,293,True
"terra","earth","yeruas (alutiferas","health-giving herbs",PLANT,"plants produced by the land; good for many illnesses",medium,,False
"terra","earth","Mechoacan","Michoacán",PLACE,"a province where a substance is brought from",high,,False
"terra","earth","Mexico","Mexico",PLACE,"a place where a substance is used for purging",high,312,True
"terra","earth","Peru","Peru",PLACE,"a place where a substance is used for purging",high,118,True
"terra","earth","Indias","Indies",PLACE,"a region where a substance is used for purging",high,45,True
"terra","earth","Mechoacan","Michoacán",PLACE,"a location from which a plant's root is brought",high,,False
"terra","earth","Colima","Colima",PLACE,"a land from which a plant's root is brought",high,,False
"terra","earth","Colina","Colina",PLACE,"a land from which a plant's root is brought",low,,False
"terra","earth","Mechoacan","Michoacán",PLACE,"a location from which a plant's root is brought",high,,False
"terra","earth","Colima","Colima",PLACE,"a land from which a plant's root is brought",high,,False
"terra","earth","Colina","Colina",PLACE,"a land from which a plant's root is brought",low,,False
"terra","earth","Tierra Firme","Tierra Firme",PLACE,"a region from which a turpentine is brought",high,472,True
"terra","earth","Abeto","fir",PLANT,"a type of tree from which turpentine is collected",high,890,True
"terra","earth","Pinos","pines",PLANT,"trees that are not pines; from which turpentine is collected",high,,False
"terra","earth","Cipreſes","cypresses",PLANT,"trees that are not cypresses; from which turpentine is collected",high,,False
"terra","earth","Indias","Indies",PLACE,"a region from which certain spices are brought",high,45,True
"terra","earth","Cartagena","Cartagena",PLACE,"a place from which certain spices are brought",high,,False
"terra","earth","Tierra Firme","Tierra Firme",PLACE,"a coast from which certain spices are brought",high,472,True
"terra","earth","Nata","Nata",PLACE,"a place near Veragua from which certain spices are brought",high,,False
"terra","earth","Veragua","Veragua",PLACE,"a region near Nata from which certain spices are brought",high,,False
"terra","earth","Pimienta","pepper",SUBSTANCE,"a spice brought from various places",high,,False
"terra","earth","Pimienta luenga","long pepper",SUBSTANCE,"a type of pepper",high,462,True
"terra","earth","Tierra Firime","Tierra Firme",PLACE,"a region from which a balsam is brought",high,472,True
"terra","earth","Carthagena","Carthagena",PLACE,"a place between which and Nombre de Dios a province lies",high,,False
"terra","earth","Nombre de Dios","Nombre de Dios",PLACE,"a place between which and Carthagena a province lies",high,,False
"terra","earth","Tolu","Tolu",PLACE,"a province between Carthagena and Nombre de Dios",high,,False
"terra","earth","Ballamo","balsam",SUBSTANCE,"a substance brought from Tolu",high,108,True
"terra","earth","ticor","ticor",SUBSTANCE,"synonym for Ballamo",high,,False
"terra","earth","Bihora","viper",ANIMAL,"an animal whose bite is more dangerous than another's",high,405,True
"terra","earth","Efcuergonera","Escheveria",PLANT,"an herb that is contrary to a certain animal",high,,False
"Italie","Italy","l'Empire britan- nique","the British Empire",PLACE,"a region where inhabitants consume sugar",high,,False
"Italie","Italy","les Pays-Bas","the Netherlands",PLACE,"a region where inhabitants consume sugar",high,,False
"Italie","Italy","la France","France",PLACE,"a region where inhabitants consume sugar",high,9,True
"Italie","Italy","l'Allemagne proprement dite","Germany proper",PLACE,"a region where inhabitants consume sugar",high,,False
"Italie","Italy","la Suisse","Switzerland",PLACE,"a region where inhabitants consume sugar",high,,False
"Italie","Italy","la Russie","Russia",PLACE,"a region where inhabitants are dispersed",high,441,True
"Italie","Italy","la Pologne","Poland",PLACE,"a region where inhabitants are dispersed",high,234,True
"Italie","Italy","la Bohême","Bohemia",PLACE,"a region where inhabitants are dispersed",high,,False
"Italie","Italy","la Moravie","Moravia",PLACE,"a region where inhabitants are dispersed",high,,False
"Italie","Italy","les Pays-Bas","the Netherlands",PLACE,"a region with a certain population",high,,False
"Italie","Italy","l'Allemagne proprement dite","Germany proper",PLACE,"a region with a certain population",high,,False
"Italie","Italy","la Suisse","Switzerland",PLACE,"a region with a certain population",high,,False
"Italie","Italy","la Péninsule ibériennc","the Iberian Peninsula",PLACE,"a region with a certain population",high,,False
"Italie","Italy","le Danemark","Denmark",PLACE,"a region with a certain population",high,786,True
"Italie","Italy","la Suède","Sweden",PLACE,"a region with a certain population",high,,False
"Italie","Italy","l'Asie-Mineure","Asia Minor",PLACE,"a region with remaining population",high,,False
"Italie","Italy","les cotes de Barbarie","the Barbary Coast",PLACE,"a region with remaining population",high,,False
"Italie","Italy","Spaine","Spain",PLACE,"place where the known entity grows plentifully",high,459,True
"Italie","Italy","France","France",PLACE,"place where the known entity grows plentifully",high,9,True
"Italie","Italy","Dioseorides","Dioscorides",PERSON,"mentioned in relation to the known entity",high,3,True
"Italie","Italy","greater Turnsole","Turnsole",PLANT,"a name for the known entity",high,,False
"Italie","Italy","musa","musa",PLANT,"called by this name in Italy",high,,False
"Italie","Italy","Venezianos","Venetians",PERSON,"people who provided information about the entity",high,,False
"Italie","Italy","musa","musa",PLANT,"called by this name in Italy",high,,False
"Italie","Italy","amexas","ameixas",PLANT,"described as being similar to this",medium,495,True
"Italie","Italy","Espanha","Spain",PLACE,"potential location of the entity",medium,459,True
"Allemagne","Germany","Empire britan- nique","British Empire",PLACE,"area with a high concentration of inhabitants",high,,False
"Allemagne","Germany","Pays-Bas","Netherlands",PLACE,"area with a high concentration of inhabitants",high,87,True
"Allemagne","Germany","France","France",PLACE,"area with a high concentration of inhabitants",high,9,True
"Allemagne","Germany","Suisse","Switzerland",PLACE,"area with a high concentration of inhabitants",high,,False
"Allemagne","Germany","Italie","Italy",PLACE,"area with a high concentration of inhabitants",high,12,True
"Allemagne","Germany","Russie","Russia",PLACE,"area with dispersed inhabitants",high,441,True
"Allemagne","Germany","Pays-Bas","Netherlands",PLACE,"area with inhabitants",high,87,True
"Allemagne","Germany","Suisse","Switzerland",PLACE,"area with inhabitants",high,,False
"Allemagne","Germany","Italie","Italy",PLACE,"area with inhabitants",high,12,True
"Allemagne","Germany","Péninsule ibériennc","Iberian Peninsula",PLACE,"area with inhabitants",high,595,True
"Allemagne","Germany","Danemark","Denmark",PLACE,"area with inhabitants",high,786,True
"Allemagne","Germany","Suède","Sweden",PLACE,"area with inhabitants",high,,False
"Allemagne","Germany","Seriphos","Seriphos",PLACE,"place where a condition is mentioned",high,,False
"Allemagne","Germany","Dinamarca","Denmark",PLACE,"place associated with people experiencing a condition",high,786,True
"Allemagne","Germany","Flandres","Flanders",PLACE,"place associated with people experiencing a condition",high,,False
"Allemagne","Germany","malde Loanda","scurvy",DISEASE,"vulgar name for scurvy; mentioned in relation to people from Denmark and Flanders",high,,False
"Allemagne","Germany","Lingadoc","Languedoc",PLACE,"place associated with people experiencing a condition",high,,False
"Allemagne","Germany","canunt","canunt",CONCEPT,"Latin term possibly related to singing or chanting; juxtaposed with conditions",low,,False
"Allemagne","Germany","Idem","Idem",CONCEPT,"Latin term meaning 'the same'; used to refer to previous statements",medium,,False
"Allemagne","Germany","Sai folsi le","Sal sōl",SUBSTANCE,"a synonym for 'Sal gemma'; mentioned as coming from Alamagna",high,,False
"Allemagne","Germany","Auicenna","Avicenna",PERSON,"mentioned in relation to the naming of a substance",high,19,True
"Allemagne","Germany","opus cireniacum","juice of Cyrene",CONCEPT,"a name for something; which the author claims is not the primary source of the known entity",high,,False
"Allemagne","Germany","Cirenia","Cyrene",PLACE,"place associated with 'opus cireniacum'",high,,False
"Allemagne","Germany","Ganges","Ganges",PLACE,"river in India; beyond which the main source of the known entity is located",high,191,True
"Allemagne","Germany","Ganga","Ganga",PLACE,"native Indian name for the Ganges river",high,,False
"Allemagne","Germany","ameíîdoado","amomum",SUBSTANCE,"a name for benjuy from Siam",medium,556,True
"Allemagne","Germany","Siam","Siam",PLACE,"place of origin for benjuy",high,,False
"Allemagne","Germany","Malaca","Malacca",PLACE,"location where tigers are found",high,325,True
"Allemagne","Germany","reimóes","tigers",ANIMAL,"name used in Malacca for tigers",high,,False
"Allemagne","Germany","pharmacopolarum Bardnonensium","pharmacologists of Bardone",PERSON,"mentioned as authors of a work",high,,False
"Allemagne","Germany","Bardnone","Bardone",PLACE,"place associated with the pharmacologists",high,,False
"Allemagne","Germany","CK^sius","Caselius",PERSON,"mentioned as an author",high,,False
"Allemagne","Germany","Exoticorum","Exoticorum",CONCEPT,"title of a work by Caselius",high,,False
"Allemagne","Germany","Dioscorides","Dioscorides",PERSON,"mentioned as a valid author",high,3,True
"Allemagne","Germany","Galeno","Galen",PERSON,"mentioned as a valid author",high,1,True
"Allemagne","Germany","Plinio","Pliny",PERSON,"mentioned as a valid author",high,25,True
"Allemagne","Germany","Avi- cenna","Avicenna",PERSON,"mentioned as a valid author",high,19,True
"Allemagne","Germany","Serapio","Serapion",PERSON,"mentioned as a valid author",high,59,True
"humores","humors","suco-cetrmo","suco cetrino",SUBSTANCE,"synonym for humores",high,,False
"humores","humors","Ormuz","Ormuz",PLACE,"place mentioned in relation to trade",high,351,True
"humores","humors","apas","apas",SUBSTANCE,"called a type of food/consumption",high,,False
"humores","humors","Guzarate","Guzarate",PLACE,"place mentioned in relation to quality of substance",high,,False
"humores","humors","Ormuz","Ormuz",PLACE,"place mentioned in relation to quality of substance",high,351,True
"humores","humors","tangue","tangue",CONCEPT,"referred to as a term of abuse; possibly related to humors",high,,False
"humores","humors","amfiarn","amfiarn",CONCEPT,"referred to as a term of abuse; possibly related to humors",high,,False
"humores","humors","maju","maju",SUBSTANCE,"called a type of electuary",high,,False
"humores","humors","Balagate","Balagate",PLACE,"place mentioned in relation to consumption of substance",high,,False
"humores","humors","o Sabayo","Sabayo",PERSON,"called by this name in Spain",high,,False
"humores","humors","saibo","saibo",CONCEPT,"means 'lord' in Arabic and Persian",high,,False
"humores","humors","Gate","Gate",PLACE,"natural name for a place",high,865,True
"humores","humors","Malabar","Malabar",PLACE,"geographical reference",high,133,True
"humores","humors","Canará","Canará",PLACE,"geographical reference",high,221,True
"humores","humors","chamderros","chamderros",SUBSTANCE,"called a type of gum",high,,False
"humores","humors","reimôes","reimôes",ANIMAL,"called by this name in Malay",high,,False
"humores","humors","rey da China","King of China",PERSON,"called a king of China",high,,False
"humores","humors","humore","humore",SUBSTANCE,"variant spelling of humor",high,2,True
"humores","humors","NVTRIRE","nutrire",CONCEPT,"term related to nutrition of medicines",low,,False
"agua","Water","Volcan de Fuego","Volcan de Fuego",PLACE,"known entity is a type of natural phenomenon associated with it",high,,False
"agua","Water","Volcan de Guatimala","Volcan de Guatimala",PLACE,"synonym for Volcan de Fuego",high,,False
"agua","Water","Ciudad Vieja","Ciudad Vieja",PLACE,"place ruined by water and stones",high,,False
"agua","Water","Almolonga","Almolonga",PLACE,"synonym for Ciudad Vieja",high,,False
"agua","Water","gota artherica","gout",DISEASE,"condition treated by 'agua dela aró'",high,147,True
"agua","Water","agua dela aró","water of the aro",SUBSTANCE,"treatment for gout",high,,False
"agua","Water","iatica","sciatica",DISEASE,"condition treated by 'agua dela aró'",high,52,True
"agua","Water","acque piouane","rainwater",SUBSTANCE,"used to prepare medicines",high,,False
"agua","Water","bagno Mane","Bain-marie",CONCEPT,"modern term for 'scaldare in vajo doppio'",high,230,True
"agua","Water","scaldare in vajo doppio","double-pot heating",CONCEPT,"ancient term for 'bagno Mane'",high,,False
"agua","Water","diplomate","diplomate",CONCEPT,"synonym for 'scaldare in vajo doppio'",high,,False
"agua","Water","hepaticofilaua","hepaticofilaua",PLANT,"processed by dissolving in 'acqua d'endiua'",high,,False
"agua","Water","acqua d'endiua","water of Endivia",SUBSTANCE,"solvent for hepaticofilaua",high,17,False
"agua","Water","hepaticofilaua","hepaticofilaua",PLANT,"processed by dissolving in water",high,,False
"agua","Water","acqua","water",SUBSTANCE,"used to dissolve and decant hepaticofilaua",high,17,False
"agua","Water","acqua","water",SUBSTANCE,"used to clarify a substance by repeated washing",high,17,False
"agua","Water","acacia","Acacia",PLANT,"mentioned in passing",low,104,True
"agua","Water","Pomatum","Pomatum",SUBSTANCE,"ointment called Pomatum",high,1085,True
"agua","Water","Polipus","Polypus",DISEASE,"sores in the nose called Polipus",high,464,True
"agua","Water","sappkira","sapphira",SUBSTANCE,"distinguishes sappkira of water from true oriental sappkira",high,,False
"agua","Water","al-bataMish","al-bataMish",CONCEPT,"vulgar name for something",medium,,False
"agua","Water","ooirdierl^te","cordierite",SUBSTANCE,"same stone to which a name is applied today",medium,,False
"agua","Water","iolitej","iolite",SUBSTANCE,"synonym for ooirdierl^te",high,,False
"estomago","Stomach","aloés","aloes",SUBSTANCE,"aloes is remitted and weakened by mel",high,384,True
"estomago","Stomach","mel","mel",SUBSTANCE,"aloes is remitted and weakened by mel",high,140,True
"estomago","Stomach","per acidens","per accidens",CONCEPT,"what physicians call...",high,,False
"estomago","Stomach","per acidens","per accidens",CONCEPT,"what physicians call...",high,,False
"estomago","Stomach","Nizamoxa","Nizamoxa",PERSON,"referred to by author; likely a person",high,354,True
"estomago","Stomach","Nizamaluquo","Nizamaluquo",PERSON,"vulgar name for Nizamoxa",high,354,True
"estomago","Stomach","Jblium indum","Jblium indum",SUBSTANCE,"a substance; potentially a plant product; mentioned by Nizamoxa",medium,,False
"Avicena","Avicenna","Abolahi","Abolahi",PERSON,"called Avicena by Persians; Arabs; and Turks",high,,False
"Avicena","Avicenna","Canum","Canum",CONCEPT,"called the five books of Avicena",high,,False
"Avicena","Avicenna","Rasis","Rasis",PERSON,"known to Persians; Arabs; and Turks",high,395,True
"Avicena","Avicenna","Benzacaria","Benzacaria",PERSON,"called Rasis by Persians; Arabs; and Turks",high,,False
"Avicena","Avicenna","HaUrodoam","HaUrodoam",PERSON,"known to Persians; Arabs; and Turks",high,,False
"Avicena","Avicenna","Mesué","Mesué",PERSON,"known to Persians; Arabs; and Turks",high,,False
"Avicena","Avicenna","elephawtiasis","elephantiases",DISEASE,"a disease for which 'arabes' is a name",high,,False
"Avicena","Avicenna","marad ehkelb","marad ehkelb",DISEASE,"the dog's disease; a name for 'rcávaé'",high,,False
"Avicena","Avicenna","amomum","amomum",PLANT,"a plant whose name is associated with Avicena",high,556,True
"Avicena","Avicenna","pomba","pigeon",ANIMAL,"the literal meaning of a part of the name of amomum",high,535,True
"Avicena","Avicenna","Rasis","Rasis",PERSON,"author of a chapter on lack of coitus",high,395,True
"Avicena","Avicenna","Gerardo Cremonense","Gerardo of Cremona",PERSON,"translator; discussed in relation to Avicena's language",high,,False
"Avicena","Avicenna","araby","Arabic",CONCEPT,"the language Avicena wrote in; used in Syria; Mesopotamia; Persia; Tartary",high,,False
"Avicena","Avicenna","Mouros","Moors",PERSON,"speakers of a language related to 'araby'",high,,False
"Avicena","Avicenna","araby","Arabic",CONCEPT,"the language Avicena wrote in",high,,False
"Avicena","Avicenna","Mouros","Moors",PERSON,"speakers of a related language",high,,False
"Avicena","Avicenna","magaraby","maghrebi",CONCEPT,"called the language of our Moors; meaning 'Moor of the West'",high,,False
"Avicena","Avicenna","garby","west",CONCEPT,"means 'ponente' (west) in Arabic",high,,False
"Avicena","Avicenna","MuUás","Mullas",PERSON,"learned individuals; scholars",high,,False
"Avicena","Avicenna","Galeno","Galen",PERSON,"author whose works were written in the language of Syria",high,1,True
"Avicena","Avicenna","falso profeta","false prophet",PERSON,"author whose works were written in the language of Syria",high,,False
"Avicena","Avicenna","assabel diriri","assabel diriri",SUBSTANCE,"an authoritative Arabic term for a substance",high,,False
"Avicena","Avicenna","SerapiO","Serapio",PERSON,"mentioned in relation to Avicena's corrections",high,59,True
"Avicena","Avicenna","cassab","cassab",SUBSTANCE,"sounds like 'calamo' and 'aldirira'; related to aromatics",medium,,False
"Avicena","Avicenna","calamo","calamus",SUBSTANCE,"a substance name; similar sounding to 'cassab'",medium,158,True
"Avicena","Avicenna","aldirira","aldirira",SUBSTANCE,"of aromatics; same as 'dirire'",high,,False
"Avicena","Avicenna","dirire","dirire",SUBSTANCE,"means 'aroma' near us; same as 'aldirira'",high,1161,True
"Avicena","Avicenna","cassab","cassab",SUBSTANCE,"sounds like 'calamo' and 'aldirira'; related to aromatics",medium,,False
"Avicena","Avicenna","calamo","calamus",SUBSTANCE,"a substance name; similar sounding to 'cassab'",medium,158,True
"Avicena","Avicenna","aldirira","aldirira",SUBSTANCE,"of aromatics; same as 'dirire'",high,,False
"Avicena","Avicenna","dirire","dirire",SUBSTANCE,"means 'aroma' near us; same as 'aldirira'",high,1161,True
"Avicena","Avicenna","Mouros","Moors",PERSON,"introduced the medicine to the Malayos",high,,False
"Avicena","Avicenna","Coraçone","Coraçone",PLACE,"place from which the Moors came",high,,False
"Avicena","Avicenna","dirimguo","dirimguo",SUBSTANCE,"corrupted name for the medicine given by Malayos",high,,False
"Avicena","Avicenna","lanquas","lanquas",PLANT,"a name used by Malayos for galangal minor from China",high,,False
"Avicena","Avicenna","lanquas -kitsjil","lanquas-kitsjil",PLANT,"a designation distinguishing galangal minor from China",high,,False
"Avicena","Avicenna","Ibn Khurdádbah","Ibn Khurdadbih",PERSON,"mentioned Avicenna's drug",high,,False
"Avicena","Avicenna","Mefucnon","Mefucnon",PERSON,"mentioned in relation to weighing ingredients",high,,False
"Avicena","Avicenna","vnguentorofato","unguentum rosatum",SUBSTANCE,"an ointment whose weight is determined as described",high,,False
"Avicena","Avicenna","Nimpnea","Nymphaea",PLANT,"an ingredient in the ointment",high,,False
"Avicena","Avicenna","oppio","opium",SUBSTANCE,"an ingredient in the ointment",high,83;196,True
"Avicena","Avicenna","Cafia lignea","Cassia lignea",PLANT,"an ingredient in the ointment",high,,False
"Avicena","Avicenna","Zafferano","Saffron",SUBSTANCE,"an ingredient in the ointment",high,611,True
"Avicena","Avicenna","dituXia","dittany",PLANT,"an ointment name",high,,False
"Avicena","Avicenna","Miserere mei","Miserere mei",DISEASE,"synonym for intestinal obstruction",high,,False
"Avicena","Avicenna","fapore di ruta","flavor of rue",CONCEPT,"described flavor of cassia",low,,False
"Avicena","Avicenna","cinamomo","cinnamon",SUBSTANCE,"flavor compared to rue",high,28,True
"Avicena","Avicenna","ruta","rue",PLANT,"flavor compared to cinnamon",high,416,True
"Avicena","Avicenna","cinamomo m^iìicato jayyoLvilnv","medicinal cinnamon",SUBSTANCE,"mentioned in Galen's text",low,,False
"Avicena","Avicenna","ruteggiare","to make like rue",CONCEPT,"verb describing substitution",low,,False
"Hydropeſia","Dropsy","fel daterra","gall of the earth",PLANT,"used in medicine",high,,False
"Hydropeſia","Dropsy","Hydropicos","dropsical persons",PERSON,"patients with dropsy",high,20,False
"Hydropeſia","Dropsy","vinho de enforcado","hangman's wine",SUBSTANCE,"a type of thin white wine",high,,False
"Hydropeſia","Dropsy","gieſta brava","wild broom",PLANT,"ash used in remedy",high,,False
"Hydropeſia","Dropsy","Zimbro","juniper",PLANT,"alternative ingredient for ash",high,715,True
"Hippocrates","Hippocrates","Canum","Canum",CONCEPT,"books of Hippocrates",low,,False
"Hippocrates","Hippocrates","Rasis","Rhazes",PERSON,"mentioned alongside Hippocrates",high,395,True
"Hippocrates","Hippocrates","Benzacaria","Benzacaria",PERSON,"common name for Rasis",high,,False
"Hippocrates","Hippocrates","HaUrodoam","Haly Abbas",PERSON,"mentioned alongside Hippocrates",high,,False
"Hippocrates","Hippocrates","Mesué","Mesue",PERSON,"mentioned alongside Hippocrates",high,,False
"Hippocrates","Hippocrates","Galeno","Galen",PERSON,"mentioned alongside Hippocrates",high,1,True
"Hippocrates","Hippocrates","Aris- tóteles","Aristotle",PERSON,"mentioned alongside Hippocrates",high,,False
"Hippocrates","Hippocrates","Platão","Plato",PERSON,"mentioned alongside Hippocrates",high,242,True
"Hippocrates","Hippocrates","arata","arata",SUBSTANCE,"name for a simple medicine",high,898,True
"Hippocrates","Hippocrates","calamo yngoentarío","fragrant reed",PLANT,"synonym for Calamus aromaticus",high,,False
"Hippocrates","Hippocrates","calamo arábio","Arabian reed",PLANT,"synonym for Calamus aromaticus",high,,False
"Hippocrates","Hippocrates","calamo ale- xandrino","Alexandrian reed",PLANT,"synonym for Calamus aromaticus",high,,False
"purga","purging","Ba- stard Rubarb","Bastard Rhubarb",PLANT,"roots used in purgative drinks",high,,False
"purga","purging","English Rubarb","English Rhubarb",PLANT,"properties discussed",high,,False
"purga","purging","la olla","the pot",CONCEPT,"location for application of remedy",low,,False
"purga","purging","mirabolanos","myrobalans",PLANT,"three forms used for purging",high,378,True
"purga","purging","iinepala","iinepala",CONCEPT,"local term for three forms of myrobalans",high,,False
"purga","purging","medicine purganti","purgative medicines",CONCEPT,"added to juleps",high,,False
"purga","purging","Scamonea","Scammony",SUBSTANCE,"part of purgatives",high,229,True
"purga","purging","Turbith","Turbith",SUBSTANCE,"part of purgatives",high,276;70,True
"purga","purging","Cartamo fcorticato","Scorched Safflower",SUBSTANCE,"part of purgatives",medium,,False
"purga","purging","loelleba ro nero","Black Hellebore",PLANT,"alternative for purging",high,156,True
"purga","purging","epitimo","Epithyme",PLANT,"alternative for purging",high,162,True
"purga","purging","polipodio","Polypody",PLANT,"alternative for purging",high,179,True
"purga","purging","Mechoacan","Mechoacan",SUBSTANCE,"used for purging",high,,False
"purga","purging","Mexico","Mexico",PLACE,"place where Mechoacan is used for purging",high,312,True
"purga","purging","Peru","Peru",PLACE,"place where Mechoacan is used for purging",high,118,True
"purga","purging","Indias","Indies",PLACE,"place where Mechoacan is used for purging",high,45,True
"Vomitos","vomiting","Diarrhodon","Diarrhodon",SUBSTANCE,"powder that comforts and strengthens",high,,False
"Vomitos","vomiting","Abbatis","Abbatis",SUBSTANCE,"powder that comforts and strengthens",high,,False
"Vomitos","vomiting","Aromaticum Rosarum","Aromaticum Rosarum",SUBSTANCE,"powder that comforts and strengthens",high,764,True
"Vomitos","vomiting","Red Rose Water","Red Rose Water",SUBSTANCE,"familiar substance",high,81,True
"dry","Dryness","Itch","Itch",DISEASE,"disease healed by the substance",high,,False
"dry","Dryness","Rupture","Rupture",DISEASE,"condition helped by the substance",high,,False
"dry","Dryness","Nose","Nose",ANATOMY,"part of the body where sores are healed",high,366,True
"Plinio","Pliny the Elder","cardamomo mayor","Greater Cardamom",PLANT,"used as in Europe",high,,False
"Plinio","Pliny the Elder","cardamomo menor","Lesser Cardamom",PLANT,"used as in Europe",high,,False
"Plinio","Pliny the Elder","Galeno","Galen",PERSON,"referenced authority",high,1,True
"Plinio","Pliny the Elder","Dioscorides","Dioscorides",PERSON,"referenced authority",high,3,True
"Plinio","Pliny the Elder","lentilhas de agoa","Water lentils",PLANT,"described by Dioscorides",high,225,True
"Plinio","Pliny the Elder","Dioscorides","Dioscorides",PERSON,"described water lentils",high,3,True
"Plinio","Pliny the Elder","Plinio","Pliny the Elder",PERSON,"received false information",high,25,False
"Plinio","Pliny the Elder","Autuario","Antuarium",PERSON,"stated that Moors call it tembul",medium,,False
"Plinio","Pliny the Elder","tembul","tembul",SUBSTANCE,"name used by Moors",low,,False
"Plinio","Pliny the Elder","Siria","Syria",PLACE,"place where the substance is found",high,431,True
"Plinio","Pliny the Elder","Egitto","Egypt",PLACE,"place where the substance is abundant",high,10,True
"Plinio","Pliny the Elder","Índia","India",PLACE,"place of origin for the most praised substance",high,45,True
"Plinio","Pliny the Elder","Galeno","Galen",PERSON,"called the substance licium",high,1,True
"Plinio","Pliny the Elder","Dioscorides","Dioscorides",PERSON,"called the substance licium",high,3,True
"Plinio","Pliny the Elder","Avicena","Avicenna",PERSON,"called the substance licium",high,19,True
"Plinio","Pliny the Elder","Serapiam","Serapion",PERSON,"called the substance licium",high,59,True
"Plinio","Pliny the Elder","Rasis","Rhazes",PERSON,"called the substance licium",high,395,True
"Plinio","Pliny the Elder","licium","Licium",SUBSTANCE,"called by Galen; Plinio; Dioscorides; Avicena; Serapiam; Rasis",high,,False
"Plinio","Pliny the Elder","Licia","Lycia",PLACE,"place where licium was first found",high,,False
"Herb","herb","Carduus Benedictus","Carduus Benedictus",PLANT,"synonym",high,,False
"Herb","herb","blessed Thistle","blessed Thistle",PLANT,"synonym",high,,False
"Herb","herb","holy Thistle","holy Thistle",PLANT,"synonym",high,,False
"Herb","herb","Herb of the Holy Ghost","Herb of the Holy Ghost",PLANT,"alternative name",high,,False
"Herb","herb","Angelica","Angelica",PLANT,"alternative name",high,212,True
"Herb","herb","Herb of the Holy Ghost","Herb of the Holy Ghost",PLANT,"alternative name",high,,False
"Herb","herb","Angelica","Angelica",PLANT,"alternative name",high,212,True
"Herb","herb","Kings E•vil","King's Evil",DISEASE,"condition treated",high,,False
"Herb","herb","Herb of Mars","Herb of Mars",PLANT,"astrological association",high,,False
"Herb","herb","Basili•con","Basilicon",PLANT,"alternative name",high,,False
"Herb","herb","meya oytava","meya oytava",CONCEPT,"quantity",low,,False
"Herb","herb","cabeças de macellagalega","cabeças de macellagalega",PLANT,"ingredient",high,,False
"Herb","herb","Elicryſon","Elicryson",PLANT,"synonym",high,,False
"Herb","herb","Joyna","Joyna",PLANT,"synonym",high,,False
"Herb","herb","centaurea menorhuma","centaurea menorhuma",PLANT,"ingredient",high,,False
"Herb","herb","herva doce","herva doce",PLANT,"ingredient",high,,False
"Herb","herb","caldo de frangaó","caldo de frangaó",SUBSTANCE,"base liquid",high,314,True
"Herb","herb","lugardobalfamo","lugardobalfamo",SUBSTANCE,"ingredient",high,,False
"Herb","herb","aguadaRainhadeUngria","aguadaRainhadeUngria",SUBSTANCE,"ingredient",high,,False
"Herb","herb","caldo de gallo velho","caldo de gallo velho",SUBSTANCE,"base liquid",high,314,True
"Herb","herb","palhas-alhas","palhas-alhas",PLANT,"ingredient",high,,False
"Herb","herb","alfavacadecobra","alfavacadecobra",PLANT,"ingredient",high,382,True
"Herb","herb","hervadoce","hervadoce",PLANT,"ingredient",high,26,False
"Herb","herb","hortela","hortela",PLANT,"ingredient",high,154,True
"Herb","herb","poda raizdaButua","poda raizdaButua",PLANT,"ingredient",high,,False
"Herb","herb","Parreyra brava","Parreyra brava",PLANT,"synonym",high,,False
"Herb","herb","Bella-dona","Bella-dona",PLANT,"synonym of 'herva'",high,,False
"Herb","herb","uvas decão","uvas decão",PLANT,"synonym of 'herva'",high,388,True
"Herb","herb","poligano","Polygonum",PLANT,"synonym of 'herva'",high,,False
"Herb","herb","herva andorinha","herva andorinha",PLANT,"synonym of 'poligano'",high,,False
"Herb","herb","fombreircira","fombreircira",PLANT,"synonym of 'herva'",high,,False
"Herb","herb","Petafitis","Petafitis",PLANT,"synonym of 'Medicos'",low,,False
"Herb","herb","poligano","Polygonum",PLANT,"synonym of 'herva'",high,,False
"Herb","herb","herva andorinha","herva andorinha",PLANT,"synonym of 'poligano'",high,,False
"Herb","herb","fombreircira","fombreircira",PLANT,"synonym of 'herva'",high,,False
"Herb","herb","Petafitis","Petafitis",PLANT,"synonym of 'Medicos'",low,,False
"Herb","herb","tanchagem","tanchagem",PLANT,"alternative name for plant used with 'hervas'",medium,,False
"Herb","herb","anagalis de flor vermelha","Anagallis arvensis",PLANT,"synonym of 'herva'",high,,False
"Herb","herb","marugem","marugem",PLANT,"vernacular name for 'anagalis de flor vermelha'",high,,False
"Herb","herb","Mecca","Mecca",PLACE,"synonym of 'afombra'",low,600,True
"Herb","herb","morangãos","morangãos",PLANT,"alternative name for plant used with 'hervas'",medium,,False
"Herb","herb","hervaTurca","hervaTurca",PLANT,"synonym of 'herva'",high,,False
"Herb","herb","herva dos Cancros","herva dos Cancros",PLANT,"synonym of 'hervaTurca'",high,,False
"Herb","herb","olhosde caranguejos","olhosde caranguejos",ANIMAL,"ingredient used with 'hervas'",medium,,False
"Herb","herb","equiceto","Equisetum",PLANT,"synonym of 'herva'",high,,False
"Herb","herb","hipuris","Hippuris",PLANT,"synonym of 'equiceto'",high,,False
"Herb","herb","cavallinha","cavallinha",PLANT,"vernacular name for 'equiceto'",high,708,True
"Herb","herb","rabodecavallo","rabodecavallo",PLANT,"vernacular name for 'equiceto'",high,,False
"Herb","herb","Agarico","Agaricus",FUNGUS,"ingredient used with 'hervas'",medium,65,True
"China","China","camfora de pães","camfora de pães",SUBSTANCE,"type of camfora",high,,False
"China","China","Chin-cheo","Chin-cheo",PLACE,"origin of camfora",high,,False
"China","China","Camjbra","camphor",SUBSTANCE,"synonym of camfora",high,474,True
"China","China","Carambolas","Carambola",PLANT,"mentioned alongside camfora",medium,,False
"China","China","rey bárbaro","rey bárbaro",PERSON,"purified camfora",medium,,False
"China","China","camfaras","camphors",SUBSTANCE,"type of camphors",high,,False
"China","China","rey bárbaro","barbarian king",PERSON,"title given to a king",low,,False
"China","China","Ruelio","Ruelio",PERSON,"mentioned alongside Mateolo Senense",high,,False
"China","China","Mateolo Senense","Mateolo Senense",PERSON,"mentioned alongside Ruelio",high,,False
"China","China","canforãy","camphor",SUBSTANCE,"vulgar name for camphor",high,474,True
"China","China","Dryohalanops","Dryohalanops",PLANT,"source of a different camphor",high,,False
"China","China","Cinnamomum Camphora","Cinnamomum Camphora",PLANT,"producer of camphor",high,28,True
"China","China","qerfah","qerfah",SUBSTANCE,"Arabic for bark",high,,False
"China","China","cor^ tex","cortex",SUBSTANCE,"Latin for bark",high,,False
"China","China","qerfah ed-darsini","qerfah ed-darsini",SUBSTANCE,"Arabic for bark of the China tree",high,,False
"China","China","Caismanis","Caismanis",SUBSTANCE,"Malay name",high,,False
"China","China","Caismão","Caismão",SUBSTANCE,"Malay name",high,,False
"China","China","gota artherica","gout",DISEASE,"form of gout",high,147,True
"China","China","agua dela aró","water of the aloe",SUBSTANCE,"remedy for gout",medium,,False
"China","China","sciati","sciatica",DISEASE,"type of pain",high,52,True
"China","China","Butua","Butua",PLANT,"root called Parreyra brava",high,,False
"China","China","Parreyra brava","Parreyra brava",PLANT,"common name for Butua root",high,,False
"China","China","falf-parrilha","false sarsaparilla",PLANT,"used with China root",high,,False
"Canela","Cinnamon","canino","canine",ANIMAL,"mentioned in relation to illness",low,,False
"Canela","Cinnamon","Cu maca","Cu maca",PLACE,"province named by Indians where Cinnamon grows",high,,False
"Canela","Cinnamon","Cu maca","Cu maca",PLACE,"province named by Indians where Cinnamon grows",high,,False
"Canela","Cinnamon","cássia","cassia",PLANT,"true cassia",high,548,True
"Canela","Cinnamon","cinamomo","cinnamon",PLANT,"true cinnamon",high,28,False
"Canela","Cinnamon","cássia lignea","cortex cassiae",SUBSTANCE,"thick cassia used by Arabs and Turks",high,,False
"Canela","Cinnamon","cássia lignea","cassia lignea",PLANT,"synonym of canela grossa",high,,False
"Canela","Cinnamon","cássia lignea","cassia lignea",PLANT,"confused with canela",high,,False
"Canela","Cinnamon","pau da China","pau da China",PLANT,"synonym for canella",high,28,False
"Canela","Cinnamon","Querfá","Querfa",PLANT,"Arabic name for canella",high,,False
"Canela","Cinnamon","Querfé","Querfe",PLANT,"Arabic name for canella",high,,False
"Canela","Cinnamon","qerfah","qerfah",PLANT,"Arabic name for canella",high,,False
"Canela","Cinnamon","casca","casca",CONCEPT,"meaning of qerfah",high,,False
"Canela","Cinnamon","qerfah ed-darsini","qerfah ed-darsini",PLANT,"name for canella",high,,False
"Canela","Cinnamon","Querfé","Querfe",PLANT,"Arabic name for canella",high,,False
"Canela","Cinnamon","qerfah","qerfah",PLANT,"Arabic name for canella",high,,False
"Canela","Cinnamon","casca","casca",CONCEPT,"meaning of qerfah",high,,False
"Canela","Cinnamon","qerfah ed-darsini","qerfah ed-darsini",PLANT,"name for canella",high,,False
"Canela","Cinnamon","pau da China","pau da China",PLANT,"synonym for qerfah ed-darsini",high,28,False
"Canela","Cinnamon","Caismanis","Caismanis",PLANT,"name for canella",high,,False
"Canela","Cinnamon","Caismão","Caismão",PLANT,"name for canella",high,,False
"Canela","Cinnamon","canela de Calecut","canela de Calecut",PLANT,"type of canela",high,,False
"Canela","Cinnamon","checani","checani",PLANT,"name for canela preta",high,,False
"Canela","Cinnamon","espiquenardo","espiquenardo",PLANT,"compared to canela",low,186,True
"Canela","Cinnamon","maçan","maçan",PLANT,"compared to canela",low,,False
"Canela","Cinnamon","cravo","cravo",PLANT,"compared to canela",low,320,True
"Canela","Cinnamon","lentilhas de agoa","lentilhas de agoa",PLANT,"compared to leaves of canela tree",low,225,True
"Canela","Cinnamon","cannella","cannella",PLANT,"ingredient",high,28,False
"Canela","Cinnamon","rhabarbaro","rhabarbaro",PLANT,"ingredient",high,141,True
"Canela","Cinnamon","legno aloe","legno aloe",PLANT,"ingredient",high,,False
"Canela","Cinnamon","galanga","galanga",PLANT,"ingredient",high,35,True
"Canela","Cinnamon","cipperi","cipperi",PLANT,"ingredient",high,,False
"Canela","Cinnamon","calamo aromatico","calamo aromatico",PLANT,"ingredient",high,158,True
"Canela","Cinnamon","rameos","rameos",PLANT,"ingredient",high,,False
"Canela","Cinnamon","carda momo","carda momo",PLANT,"ingredient",high,,False
"Canela","Cinnamon","bafi lieo","bafi lieo",PLANT,"ingredient",high,,False
"Canela","Cinnamon","cinamomo","cinamomo",PLANT,"ingredient",high,28,False
"Canela","Cinnamon","ruta","ruta",PLANT,"ingredient",high,,False
"Canela","Cinnamon","Avicenna","Avicenna",PERSON,"cited author",high,19,True
"Canela","Cinnamon","Galeno","Galeno",PERSON,"cited author",high,1,True
"Canela","Cinnamon","origaneggiare","origaneggiare",CONCEPT,"verb related to origin",low,,False
"Canela","Cinnamon","cinnamomo","cinnamomo",PLANT,"ingredient",high,28,False
"Canela","Cinnamon","gengiouo","gengiouo",PLANT,"ingredient",high,,False
"Canela","Cinnamon","zafferano","zafferano",PLANT,"ingredient",high,,False
"Canela","Cinnamon","prezzemolo","prezzemolo",PLANT,"ingredient",high,,False
"Canela","Cinnamon","gallta mufcata","gallta mufcata",PLANT,"ingredient",high,,False
"Canela","Cinnamon","legno di finocchio","legno di finocchio",PLANT,"ingredient",high,,False
"Canela","Cinnamon","alero","alero",PLANT,"ingredient",high,,False
"Canela","Cinnamon","Calamo aromatico","Calamo aromatico",PLANT,"ingredient",high,158,True
"Canela","Cinnamon","Nardo indica","Nardo indica",PLANT,"ingredient",high,,False
"Canela","Cinnamon","Zafferano","Zafferano",PLANT,"ingredient",high,,False
"Canela","Cinnamon","Gengiouo","Gengiouo",PLANT,"ingredient",high,,False
"Canela","Cinnamon","pepe lungo","pepe lungo",PLANT,"ingredient",high,,False
"Canela","Cinnamon","Pepe nero","Pepe nero",PLANT,"ingredient",high,,False
"Canela","Cinnamon","Muko","Muko",SUBSTANCE,"ingredient in a compound preparation",low,400,True
"Canela","Cinnamon","DIAGAL ANCA DI Mefue","DIAGAL ANCA DI Mefue",CONCEPT,"name of a preparation",low,,False
"Canela","Cinnamon","Alanga","Alanga",SUBSTANCE,"ingredient in a compound preparation",low,,False
"Canela","Cinnamon","Gherotani","Gherotani",SUBSTANCE,"ingredient in a compound preparation",low,,False
"Canela","Cinnamon","Mace","Mace",PLANT,"ingredient in a compound preparation",high,91,True
"Canela","Cinnamon","Leuiftico","Levisticum",PLANT,"ingredient in a compound preparation",high,988,True
"Canela","Cinnamon","Gengiouo","Zingiber",PLANT,"ingredient in a compound preparation",high,,False
"Canela","Cinnamon","Pepe lungo bianco","Piper longum",PLANT,"ingredient in a compound preparation",high,,False
"Canela","Cinnamon","Calamo aromati","Acorus calamus",PLANT,"ingredient in a compound preparation",high,158,True
"Canela","Cinnamon","calamento fecco","Mentha spicata",PLANT,"ingredient in a compound preparation",high,,False
"Canela","Cinnamon","Menta fecca","Mentha",PLANT,"ingredient in a compound preparation",high,,False
"Canela","Cinnamon","Cardamomo","Cardamom",PLANT,"ingredient in a compound preparation",high,382,True
"Canela","Cinnamon","Nardo indica","Nardostachys jatamansi",PLANT,"ingredient in a compound preparation",high,,False
"Canela","Cinnamon","Seme d'Appio","Apium graveolens",PLANT,"ingredient in a compound preparation",high,353,True
"Canela","Cinnamon","Trgcilcif-arpich","Tragacanth",SUBSTANCE,"ingredient in a compound preparation",high,,False
"Canela","Cinnamon","Canfora","Camphor",SUBSTANCE,"ingredient in a compound preparation",high,474,True
"Canela","Cinnamon","Mele rofatp colato","Mellis rosatum",SUBSTANCE,"ingredient in a compound preparation",low,,False
"Canela","Cinnamon","TRYFpR MAGNA di Ntccolaom","Theriaca Magna",CONCEPT,"name of a preparation",high,,False
"Canela","Cinnamon","Ppio","Allium",PLANT,"ingredient in a compound preparation",high,,False
"Canela","Cinnamon","Gherofani","Gherofani",SUBSTANCE,"ingredient in a compound preparation",low,,False
"Canela","Cinnamon","Gak vìga","Galeopsis",PLANT,"ingredient in a compound preparation",low,,False
"Canela","Cinnamon","Nardo indica","Nardostachys jatamansi",PLANT,"ingredient in a compound preparation",high,,False
"Canela","Cinnamon","Zedoana","Zedoary",PLANT,"ingredient in a compound preparation",high,103,True
"Canela","Cinnamon","Gengiouo","Zingiber",PLANT,"ingredient in a compound preparation",high,,False
"Canela","Cinnamon","Cofto","Costus",PLANT,"ingredient in a compound preparation",high,483,True
"Canela","Cinnamon","Stirace","Styrax",SUBSTANCE,"ingredient in a compound preparation",high,,False
"Canela","Cinnamon","calamita","Lodestone",SUBSTANCE,"ingredient in a compound preparation",high,,False
"Canela","Cinnamon","Calamo aromatico","Acorus calamus",PLANT,"ingredient in a compound preparation",high,158,True
"Canela","Cinnamon","Calamento","Mentha",PLANT,"ingredient in a compound preparation",high,,False
"Canela","Cinnamon","Ghiaggiuolo","Iris",PLANT,"ingredient in a compound preparation",high,582,True
"Canela","Cinnamon","Peuccdano","Peucedanum",PLANT,"ingredient in a compound preparation",high,,False
"Canela","Cinnamon","Erapino","Serapias",PLANT,"ingredient in a compound preparation",low,,False
"Canela","Cinnamon","Ammo- ntaco","Ammoniacum",SUBSTANCE,"ingredient in a compound preparation",high,,False
"Canela","Cinnamon","OpoponacQ","Opoponax",PLANT,"ingredient in a compound preparation",high,,False
"Canela","Cinnamon","Bdellio","Bdellium",SUBSTANCE,"ingredient in a compound preparation",high,,False
"Canela","Cinnamon","Colocynthida","Colocynth",PLANT,"ingredient in a compound preparation",high,507,True
"Canela","Cinnamon","Harmel","Peganum harmala",PLANT,"ingredient in a compound preparation",high,,False
"Canela","Cinnamon","Alo?","Aloe",PLANT,"ingredient in a compound preparation",high,384,True
"Canela","Cinnamon","EpJthymo","Thymus",PLANT,"ingredient in a compound preparation",high,210,True
"Canela","Cinnamon","Flermodattili","Hermodactylus",PLANT,"ingredient in a compound preparation",high,,False
"Canela","Cinnamon","Radici a'eiulaJ»","Radix a'eiulaJ",PLANT,"ingredient in a compound preparation",low,,False
"Canela","Cinnamon","Scamonea","Scammony",PLANT,"ingredient in a compound preparation",high,229,True
"Canela","Cinnamon","Turbithi","Turpeth",PLANT,"ingredient in a compound preparation",high,276;70,True
"Canela","Cinnamon","Nardo indica","Nardostachys jatamansi",PLANT,"ingredient in a compound preparation",high,,False
"Canela","Cinnamon","Zafferano","Saffron",PLANT,"ingredient in a compound preparation",high,611,True
"Canela","Cinnamon","Caitoro","Coriander",PLANT,"ingredient in a compound preparation",high,485,True
"Canela","Cinnamon","Gengiouo","Zingiber",PLANT,"ingredient in a compound preparation",high,,False
"Canela","Cinnamon","Euphorbio","Euphorbia",PLANT,"ingredient in a compound preparation",high,170;804,True
"Canela","Cinnamon","fugo di porri","Allium porrum juice",PLANT,"solvent for preparation",high,,False
"Canela","Cinnamon","China","Cinchona",PLANT,"a substance analogous to the known entity",high,27;350,True
"Canela","Cinnamon","Dryohalanops","Dryobalanops",PLANT,"source of a substance",high,,False
"Canela","Cinnamon","Cinnamomum Camphora","Cinnamomum camphora",PLANT,"plant that produces camphor",high,28,False
"Canela","Cinnamon","Laurus Camphorãy","Laurus camphora",PLANT,"synonym for Cinnamomum Camphora",high,,False
"Canela","Cinnamon","quirfé","Karkh",SUBSTANCE,"Arabic name for the known entity",high,,False
"Canela","Cinnamon","quirfd","Karkh",SUBSTANCE,"Arabic name for the known entity",high,,False
"Canela","Cinnamon","darchini","Darchini",SUBSTANCE,"Persian name for the known entity",high,,False
"Canela","Cinnamon","cuurdo","Karuva",SUBSTANCE,"Sinhala name for the known entity",high,,False
"Canela","Cinnamon","caismão","Kaisman",SUBSTANCE,"Malay name for the known entity",high,,False
"Canela","Cinnamon","cameá","Karra",SUBSTANCE,"Malayalam name for the known entity",high,,False
"Canela","Cinnamon","Zegir","Zejir",PLACE,"origin of a name",low,,False
"Canela","Cinnamon","cinamomo musilitico","Musilaginous cinnamon",PLANT,"type of the known entity",medium,28,False
"Canela","Cinnamon","Corý","Kori",PLACE,"landmark near the island of Ceilam",low,,False
"Canela","Cinnamon","Comorim","Comorin",PLACE,"cape",high,,False
"Angleterre","England","pays de Galles","Wales",PLACE,"part of the territory comparable to Cuba's size",high,,False
"Angleterre","England","Whorts","Bilberry",PLANT,"synonym for bilberries",high,,False
"Angleterre","England","Whortleberries","Bilberry",PLANT,"synonym for bilberries",high,,False
"Angleterre","England","Fields","Fields",PLACE,"habitat for thistles",low,,False
"Angleterre","England","Eg","Egg",SUBSTANCE,"commonly known object",low,310,True
"Angleterre","England","Romane Wormwood","Artemisia pontica",PLANT,"type of wormwood",high,,False
"Angleterre","England","Romans","Romans",PERSON,"historical group",low,,False
"carne","Meat","lavadurade carne","lavadura de carne",CONCEPT,"described as the color of",high,,False
"carne","Meat","hepaticas","hepaticas",DISEASE,"called",high,52,True
"carne","Meat","Bella-dona","Belladonna",PLANT,"Italian name for",high,,False
"carne","Meat","mil pès","milpés",ANIMAL,"called",high,,False
"carne","Meat","piflàsphalto","pissasphalt",SUBSTANCE,"similar to",high,,False
"carne","Meat","bitume","bitumen",SUBSTANCE,"used in artificial preparation of",high,457,True
"carne","Meat","pece","pitch",SUBSTANCE,"used in artificial preparation of",high,99,True
"carne","Meat","Mumia","mummy",SUBSTANCE,"compared to",high,675,True
"carne","Meat","piflàsphalto","pissasphalt",SUBSTANCE,"similar to",high,,False
"carne","Meat","MVSCO","musk",SUBSTANCE,"is a secretion from",high,400;411;955,True
"carne","Meat","Gaz-zella","Gazella",ANIMAL,"source of",high,,False
"frutas","Fruit","Heps","hips",PLANT,"called",high,,False
"frutas","Fruit","Barberries","barberries",PLANT,"conserves made from",high,,False
"frutas","Fruit","Sloes","sloe",PLANT,"conserves made from",high,,False
"frutas","Fruit","Barberries","barberries",PLANT,"conserves made from",high,,False
"frutas","Fruit","Sloes","sloe",PLANT,"conserves made from",high,,False
"frutas","Fruit","Albahaca","albahaca",PLANT,"leaves compared to",high,,False
"frutas","Fruit","Charranfolí","Charranfolí",PLANT,"called",high,,False
"frutas","Fruit","Pimientos","peppers",PLANT,"shape of",high,,False
"frutas","Fruit","Melones","melons",PLANT,"shape of",high,107,True
"frutas","Fruit","Cerezas","cherries",PLANT,"shape of",high,,False
"frutas","Fruit","Guayacan","guayacan",PLANT,"bark compared to",high,,False
"frutas","Fruit","jambos","jambos",PLANT,"called",high,,False
"frutas","Fruit","jambolóes","jambolões",PLANT,"compared to",high,,False
"frutas","Fruit","piperela","piperela",SUBSTANCE,"synonym of a red berry from the Arabs",high,,False
"frutas","Fruit","guoma","gum",SUBSTANCE,"alternative name for what the vulgo considers fruit",high,,False
"frutas","Fruit","resina","resin",SUBSTANCE,"alternative name for what the vulgo considers fruit",high,,False
"frutas","Fruit","mangostSes","mangosteen",PLANT,"a praised fruit",high,,False
"frutas","Fruit","mangostSes","mangosteen",PLANT,"a praised fruit",high,,False
"frutas","Fruit","pau da China","China root",PLANT,"mentioned alongside fruits",medium,28,True
"frutas","Fruit","cobras de capelo","hooded cobra",ANIMAL,"called this by the vulgo",high,338,True
"frutas","Fruit","regulus serpens","regulus serpens",ANIMAL,"Latin name for hooded cobra",high,,False
"frutas","Fruit","pimenta longa","long pepper",SUBSTANCE,"a fruit produced by the pepper tree",high,462,True
"frutas","Fruit","anana","pineapple",PLANT,"called the king of fruits",high,,False
"frutas","Fruit","corle","coriander",PLANT,"mentioned in the context of losing its fruit",high,485,True
"frutas","Fruit","radici","roots",PLANT,"source of barks used in medicine",high,120,True
"frutas","Fruit","gambi","stems",PLANT,"source of barks used in medicine",high,,False
"frutas","Fruit","rami","branches",PLANT,"source of barks used in medicine",high,,False
"frutas","Fruit","legni","woods",PLANT,"identifies foreign fruits",high,,False
"frutas","Fruit","ELATERIO","Elaterium",SUBSTANCE,"a juice derived from",high,,False
"frutas","Fruit","cocomero faluatico","Cucumis colocynthis",PLANT,"source of elaterio",high,,False
"frutas","Fruit","afinin o","Colocynth",PLANT,"synonym for cocomero faluatico",high,507,True
"frutas","Fruit","ELATERIO","Elaterium",SUBSTANCE,"a juice derived from",high,,False
"frutas","Fruit","cocomero faluatico","Cucumis colocynthis",PLANT,"source of elaterio",high,,False
"frutas","Fruit","afinin o","Colocynth",PLANT,"synonym for cocomero faluatico",high,507,True
"frutas","Fruit","Myrabolani","Myrobalan",PLANT,"a type of fruit; mentioned as distinct from the known entity",high,704,True
"frutas","Fruit","noce vnguentaria","Nux unguentaria",PLANT,"synonym for Myrobalan according to Dioscorides",high,,False
"frutas","Fruit","Diofcoride","Dioscorides",PERSON,"classical authority cited",high,3,True
"frutas","Fruit","beenj","Bencao",PLANT,"vernacular name for noce vnguentaria",high,,False
"frutas","Fruit","Citrini","Citrine myrobalans",PLANT,"a type of Myrabolani",high,,False
"frutas","Fruit","Cheboli","Chebulic myrobalans",PLANT,"a type of Myrabolani",high,,False
"frutas","Fruit","Indi","Indian myrobalans",PLANT,"a type of Myrabolani",high,704,True
"frutas","Fruit","Emblici","Emblic myrobalans",PLANT,"a type of Myrabolani",high,580,True
"frutas","Fruit","Bei linci","Belleric myrobalans",PLANT,"a type of Myrabolani",high,,False
"frutas","Fruit","bagno Marie","Bain-marie",CONCEPT,"method of cooking",high,230,True
"frutas","Fruit","Galeno","Galen",PERSON,"classical authority cited",high,1,True
"frutas","Fruit","OLII","Oils",SUBSTANCE,"extracted from",high,,False
"frutas","Fruit","mandorle dolci","Sweet almonds",PLANT,"source of oils",high,,False
"frutas","Fruit","mandorle amare","Bitter almonds",PLANT,"source of oils",high,,False
"frutas","Fruit","pinocchi","Pine nuts",PLANT,"source of oils",high,,False
"frutas","Fruit","p. flac fbr","Pistachios",PLANT,"source of oils",high,,False
"frutas","Fruit","heen","Walnuts",PLANT,"source of oils",high,,False
"frutas","Fruit","OLII","Oils",SUBSTANCE,"extracted from",high,,False
"frutas","Fruit","mandorle dolci","Sweet almonds",PLANT,"source of oils",high,,False
"frutas","Fruit","mandorle amare","Bitter almonds",PLANT,"source of oils",high,,False
"frutas","Fruit","pinocchi","Pine nuts",PLANT,"source of oils",high,,False
"frutas","Fruit","p. flac fbr","Pistachios",PLANT,"source of oils",high,,False
"frutas","Fruit","heen","Walnuts",PLANT,"source of oils",high,,False
"frutas","Fruit","Jefamod","Sesamum",PLANT,"source of oils",high,,False
"frutas","Fruit","cherua","Coriander seeds",PLANT,"source of oils",high,,False
"frutas","Fruit","noci mofcade","Nutmeg",PLANT,"a fragrant fruit requiring little cooking",high,334,True
"frutas","Fruit","mace","Mace",PLANT,"spice derived from nutmeg; requiring little cooking",high,91,True
"frutas","Fruit","noci mofcade","Nutmeg",PLANT,"a fragrant fruit requiring little cooking",high,334,True
"frutas","Fruit","mace","Mace",PLANT,"spice derived from nutmeg; requiring little cooking",high,91,True
"Chymica","Alchemy","khachkhasch","khachkhasch",PLANT,"vernacular name for poppy of opium",high,,False
"Chymica","Alchemy","caxcax","caxcax",PLANT,"vernacular name for poppy of opium",high,,False
"Tabaco","Tobacco","laureola","laureola",PLANT,"synonym for Oriola",high,,False
"Tabaco","Tobacco","Oriola","Oriola",PLANT,"vernacular name for laureola",high,,False
"Tabaco","Tobacco","Pi Sunóbre ciele","Pi Sunóbre ciele",PLANT,"indigenous name for tobacco",high,,False
"Tabaco","Tobacco","tabaxir","tabaxir",SUBSTANCE,"synonym for tabaxir",high,248;33,False
"Tabaco","Tobacco","tabaxir","tabaxir",SUBSTANCE,"synonym for tabaxir",high,248;33,False
"Tabaco","Tobacco","tabaxir","tabaxir",SUBSTANCE,"synonym for tabaxir",high,248;33,False
"Tabaco","Tobacco","açucare de mambum","sugar of mambum",SUBSTANCE,"synonym of tabaxir",high,,False
"Tabaco","Tobacco","mambú","mambu",PLANT,"plant name for the source of tabaxir",high,,False
"Tabaco","Tobacco","espodio","spodium",SUBSTANCE,"related substance; mentioned in proximity",low,588,True
"cera","Wax","Cera bianca","white wax",SUBSTANCE,"type of cera",high,,False
"cera","Wax","olio rofàto bradi","roasted oil",SUBSTANCE,"ingredient in a preparation with cera",high,,False
"cera","Wax","Albume d'huouo","egg white",SUBSTANCE,"ingredient in a preparation with cera",high,1270,True
"cera","Wax","olio di màdorlc dol-","sweet almond oil",SUBSTANCE,"ingredient in a preparation with cera",high,403,True
"cera","Wax","Cera bianca","white wax",SUBSTANCE,"type of cera",high,,False
"cera","Wax","olio rofàto","roasted oil",SUBSTANCE,"ingredient in a preparation with cera",high,125,True
"cera","Wax","Albume d'huouo","egg white",SUBSTANCE,"ingredient in a preparation with cera",high,1270,True
"cera","Wax","olio di màdorlc dol-","sweet almond oil",SUBSTANCE,"ingredient in a preparation with cera",high,403,True
"cera","Wax","biacca","lead white",SUBSTANCE,"ingredient in a preparation with cera",high,,False
"cera","Wax","ly targiro","litharge",SUBSTANCE,"ingredient in a preparation with cera",high,201,True
"cera","Wax","cera","wax",SUBSTANCE,"component of candles",high,34;634,False
"cera","Wax","bambagia nuoua bietta buona","new fine good cotton",SUBSTANCE,"component of candles; along with cera",high,,False
"cera","Wax","cire de Cuba","wax of Cuba",SUBSTANCE,"specific type of cire",high,34,False
"cera","Wax","abeilles d'Europe","European bees",ANIMAL,"source of cire de Cuba",high,,False
"cera","Wax","Apis","Apis",ANIMAL,"genus of the European bees producing cire de Cuba",high,,False
"cera","Wax","cire","wax",SUBSTANCE,"substance found in Cuba",high,34,False
"cera","Wax","roi Ferdinand","King Ferdinand",PERSON,"recipient of wax from Christophe Colomb",high,,False
"cera","Wax","oleodehypericão","St. John's wort oil",SUBSTANCE,"ingredient in a remedy with cera virgem",high,304,True
"cera","Wax","mel rofado","rosate honey",SUBSTANCE,"ingredient in a remedy with cera virgem",high,167,True
"cera","Wax","levo decabrito lavado","washed goat's leaven",SUBSTANCE,"ingredient in a remedy with cera virgem",high,,False
"cera","Wax","cera virgem","virgin wax",SUBSTANCE,"ingredient in a remedy",high,,False
"cera","Wax","Confolidantes","Consolidants",CONCEPT,"classification of remedies containing cera",high,,False
"cera","Wax","raizes de verbafco","verbascum roots",PLANT,"ingredient in Confolidantes",high,,False
"galanga","Galangal","chamligiam","chamligiam",PLANT,"synonym for galanga",high,,False
"galanga","Galangal","galungem","galungem",PLANT,"synonym for galanga",high,,False
"galanga","Galangal","asi","asi",PLANT,"Arabic name for galanga",high,,False
"galanga","Galangal","Lancuaz","Lancuaz",PLANT,"name for galanga in Java",high,,False
"galanga","Galangal","lancquas","lancquas",PLANT,"variant name for galanga",high,,False
"galanga","Galangal","lanquas","lanquas",PLANT,"variant name for galanga",high,,False
"galanga","Galangal","lanquas -kitsjil","lanquas-kitsjil",PLANT,"name for lesser galanga from China",high,,False
"galanga","Galangal","bunga-pala","bunga-pala",PLANT,"synonym for maça",high,,False
"galanga","Galangal","galago","galago",PLANT,"local name for maça in Banda",high,35,False
"galanga","Galangal","Appio","apio",PLANT,"synonym for Cardamone",high,,False
"galanga","Galangal","prezzemolo","prezzemolo",PLANT,"synonym for Cardamone",high,,False
"galanga","Galangal","Gherofani","cloves",PLANT,"ingredient in compound medicine",high,,False
"galanga","Galangal","Legno aloè","aloewood",PLANT,"ingredient in compound medicine",high,,False
"galanga","Galangal","Nardo indica","Indian nard",PLANT,"ingredient in compound medicine",high,,False
"galanga","Galangal","Noci mofcade","nutmeg",PLANT,"ingredient in compound medicine",high,334,True
"galanga","Galangal","Gengiouo","ginger",PLANT,"ingredient in compound medicine",high,362,True
"galanga","Galangal","Spodio","spodium",SUBSTANCE,"ingredient in compound medicine",high,588,True
"galanga","Galangal","Schinantho","squinant",PLANT,"ingredient in compound medicine",high,,False
"galanga","Galangal","Logonzsa","long pepper",PLANT,"ingredient in compound medicine",high,462,True
"galanga","Galangal","Cinnamomo","cinnamon",PLANT,"ingredient in compound medicine",high,28,True
"Plant","Plant","Brakes","Brakes",PLANT,"local name for the Female Fern",high,,False
"Plant","Plant","canaveral","sugarcane field",PLANT,"area designated for sugarcane",high,,False
"Plant","Plant","Mechoacan","Mechoacan",PLACE,"region from which a plant is brought",high,,False
"Plant","Plant","turmas","truffles",PLANT,"comparison for fruita",low,,False
"Veneza","Venice","Carrhagena","Carthage",PLACE,"source of terebinthine",high,,False
"Veneza","Venice","Tremecina","Tremecina",SUBSTANCE,"type of terebinthine",high,,False
"Veneza","Venice","Trementina","terebinthine",SUBSTANCE,"comparison for Tremecina",high,259,True
"palmiers","palm tree","pico de Adam","Adam's peak",PLACE,"location on a high palm",high,,False
"humida","Moisture","alfavacadecobra","alfavacadecobra",PLANT,"ingredient",high,382,True
"humida","Moisture","hervadoce","hervadoce",PLANT,"ingredient",high,26,True
"humida","Moisture","hortela","mint",PLANT,"ingredient",high,154,True
"humida","Moisture","Butua","Butua",PLANT,"source of raizdaButua",high,,False
"humida","Moisture","Parreyra brava","Parreyra brava",PLANT,"common name for raizdaButua",high,,False
"humida","Moisture","raiz da China","China root",PLANT,"ingredient in decoction",high,,False
"humida","Moisture","falsa-parrilha","falsa-parrilha",PLANT,"ingredient in decoction",high,,False
"grego","Greece","aloés","aloes",SUBSTANCE,"synonym",high,384,True
"grego","Greece","aloa","aloe",SUBSTANCE,"synonym",high,384,True
"grego","Greece","cebar","cebar",SUBSTANCE,"Arabic name for aloe",high,,False
"grego","Greece","areá","area",SUBSTANCE,"Gujarati and Deccani name for aloe",high,,False
"grego","Greece","calecomer","calecomer",SUBSTANCE,"Ganarin name for aloe",high,,False
"grego","Greece","lovam","lovan",SUBSTANCE,"corrupted Greek name for olibanum",high,,False
"grego","Greece","olibano","olibanum",SUBSTANCE,"Greek name for olibanum",high,,False
"grego","Greece","conder","confer",SUBSTANCE,"Arabic name for resin",high,,False
"grego","Greece","çamac","zamac",SUBSTANCE,"Arabic word for resin",high,,False
"Índia","India","opus cireniacum","opus cireniacum",SUBSTANCE,"described as juice of Cyrene; alternative name for something from India",medium,,False
"Índia","India","Ganges","Ganges",PLACE,"river in India",high,191,True
"Índia","India","Ganga","Ganga",PLACE,"Indian name for Ganges",high,,False
"Índia","India","benjujr","benzoin",SUBSTANCE,"substance from Siam",high,,False
"Índia","India","ameíldoado","ameildoado",SUBSTANCE,"name for benzoin",high,,False
"Índia","India","Ganges","Ganges",PLACE,"river in India",high,191,True
"Índia","India","Ganga","Ganga",PLACE,"Indian name for Ganges",high,,False
"Índia","India","benjujr","benzoin",SUBSTANCE,"substance from Siam",high,,False
"Índia","India","ameíldoado","ameildoado",SUBSTANCE,"name for benzoin",high,,False
"Índia","India","Judéa","Judea",PLACE,"place where benzoin is found",high,,False
"Índia","India","Palestina","Palestine",PLACE,"place where benzoin is found",high,626,True
"Índia","India","Mogores","Mogols",PEOPLE,"people from Orta",high,,False
"Índia","India","Báber","Babur",PERSON,"commander of the Mogores",high,780,True
"Índia","India","Grão-Mogol","Great Mogul",TITLE,"title of empire founded by Babur",high,,False
"Índia","India","Humáyum","Humayun",PERSON,"son of Babur",high,,False
"Índia","India","Dehli","Delhi",PLACE,"city taken by Babur",high,,False
"Índia","India","Agra","Agra",PLACE,"city taken by Babur",high,,False
"Índia","India","Péninsule de l'Inde","Indian Peninsula",PLACE,"location for sugar cultivation",high,,False
"Índia","India","Asie","Asia",PLACE,"continent containing the Indian Peninsula",high,,False
"Índia","India","Saint-Domingue","Saint-Domingue",PLACE,"location mentioned in chronicle",high,63,True
"Índia","India","Paru","Peru",PLACE,"location of chronicle",high,118,True
"Índia","India","Indes occidentales","West Indies",PLACE,"region described by Herrera",high,,False
"Índia","India","Antigua","Antigua",PLACE,"city founded",high,,False
"Índia","India","Vaia","Vajá",PLACE,"city founded",high,,False
"Índia","India","Saint-Sébastien","Saint-Sébastien",PLACE,"city founded",high,,False
"Índia","India","ruybarbe de Berbería","rhubarb of Barbary",SUBSTANCE,"type of rhubarb",high,,False
"Índia","India","Mechoacan","Mechoacan",PLACE,"province where rhubarb is brought from",high,,False
"Índia","India","Mexico","Mexico",PLACE,"place where rhubarb is used for purging",high,312,True
"Índia","India","estreito do mar ruivo","Red Sea strait",PLACE,"geographic location where cinnamon and laurels are found",high,,False
"Índia","India","cinamomo","cinnamon",PLANT,"plant found in the Red Sea strait and the West Indies",high,28,True
"Índia","India","loureiros","laurels",PLANT,"plant found in the Red Sea strait",high,,False
"Índia","India","índias Occidentaes","West Indies",PLACE,"region where cinnamon is found",high,45,False
"Índia","India","Castelhanos","Castilians/Spaniards",PERSON,"people associated with the West Indies",high,,False
"Índia","India","Zumaco","Zumaco",PLACE,"specific land in the West Indies where cinnamon is found",high,,False
"Índia","India","índias Occidentaes","West Indies",PLACE,"region where cinnamon is found",high,45,False
"Índia","India","Castelhanos","Castilians/Spaniards",PERSON,"people associated with the West Indies",high,,False
"Índia","India","Zumaco","Zumaco",PLACE,"specific land where cinnamon is found",high,,False
"Índia","India","Qiina","China",PLACE,"region where cinnamon and spices are abundant",high,27,True
"Índia","India","canela","cinnamon",PLANT,"plant found in China",high,28,True
"Índia","India","especieria","spices",SUBSTANCE,"substances found in China",high,601,True
"Índia","India","americanas hespanholas","Spanish American",PLACE,"origin of goods exported to Seville",high,,False
"Índia","India","Sevilha","Seville",PLACE,"market for goods from the Spanish Americas",high,187,True
"Índia","India","Hespanha","Spain",PLACE,"country where Seville is located",high,459,True
"Índia","India","Portugal","Portugal",PLACE,"country goods passed through to the East Indies",high,54,True
"Índia","India","índia oriental","East Indies",PLACE,"destination for goods exported from Portugal",high,45,False
"Índia","India","Aphrodisiacus, sive de lue venerea","Aphrodisiacus, or on venereal disease",CONCEPT,"title of a work referencing the author",high,,False
"Índia","India","Oviedo","Oviedo",PERSON,"author referenced",high,523,True
"Índia","India","Ramu-sio","Ramusio",PERSON,"editor or compiler referenced",high,,False
"Índia","India","anana","pineapple",PLANT,"fruit described as king of fruits",high,,False
"Índia","India","Oviedo","Oviedo",PERSON,"author who writes about pineapple",high,523,True
"Índia","India","índias ocidentaes","West Indies",PLACE,"region where pineapple is native",high,45,False
"Índia","India","província de Sancta Cruz","Province of Santa Cruz",PLACE,"region where pineapple is found",high,,False
"Índia","India","Spodio","Spodium",SUBSTANCE,"substance used in burned preparations",high,588,True
"Índia","India","pompholige","pompholige",SUBSTANCE,"substance used in burned preparations",high,,False
"Índia","India","tuzia de gli Speziali","Tuthia of the apothecaries",SUBSTANCE,"substance used in burned preparations",high,,False
"Índia","India","Goa","Goa",PLACE,"place from which Spodium is brought",high,57,True
"Índia","India","Indie orientali","East Indies",PLACE,"origin of Spodium",high,45,False
"Índia","India","Tabaxir","Tabaxir",SUBSTANCE,"alternative name for Spodium",high,248;33,True
"Índia","India","Squinanto","Squinanth",PLANT,"plant described",high,,False
"Índia","India","fiore di giunco odorato","fragrant rush flower",PLANT,"description of Squinanth",high,,False
"dores","Pain","Arnoglofia","Arnoglossum",PLANT,"plant used in a remedy for headache",high,,False
"dores","Pain","tanchagem macho","male plantain",PLANT,"vernacular name for Arnoglofia",high,,False
"dores","Pain","lingua arietis","lamb's tongue",PLANT,"vernacular name for Arnoglofia",high,,False
"dores","Pain","leyte de peyto","breast milk",SUBSTANCE,"ingredient in a remedy",high,,False
"dores","Pain","cabeça","head",CONCEPT,"location of pain",high,,False
"dores","Pain","intemperança simplez quente","simple hot intemperance",DISEASE,"cause of headache",high,,False
"dores","Pain","azevedruas","azedar",PLANT,"ingredient in an electuary",low,172,True
"dores","Pain","Kings E-vil","King's Evil",DISEASE,"condition that the remedy helps to dissolve or discuss",high,,False
"dores","Pain","Gout","Gout",DISEASE,"condition that the remedy alleviates",high,147,True
"dores","Pain","Sciatica","Sciatica",DISEASE,"condition that the remedy alleviates",high,52,True
"dores","Pain","Joynts","Joints",CONCEPT,"area affected by pain",high,,False
"dores","Pain","Sinews","Sinews",CONCEPT,"area affected by pain",high,,False
"dores","Pain","Wounds","Wounds",DISEASE,"condition that the remedy heals",high,130,True
"dores","Pain","Ulcers","Ulcers",DISEASE,"condition that the remedy heals",high,,False
"dores","Pain","Ashen Keys","Ash keys",PLANT,"part of the ash tree; used against stitches and pains",high,,False
"dores","Pain","Wind","Wind",CONCEPT,"cause of stitches and pains in the sides",high,404;214,True
"dores","Pain","stone","kidney stones",DISEASE,"condition that the remedy helps to avoid",high,,False
"dores","Pain","Urin","Urine",SUBSTANCE,"substance provoked by the remedy",high,128,True
"dores","Pain","shingles","shingles",DISEASE,"condition that the remedy helps",high,,False
"dores","Pain","Scabs","Scabs",DISEASE,"condition that the remedy helps",high,,False
"dores","Pain","Sores","Sores",DISEASE,"condition that the remedy helps",high,,False
"dores","Pain","Itch","Itch",DISEASE,"condition that the remedy helps",high,,False
"dores","Pain","Wine","Wine",SUBSTANCE,"liquid used to boil the remedy",high,131,True
"dores","Pain","Joynts","Joints",CONCEPT,"area affected by pain",high,,False
"dores","Pain","Gout","Gout",DISEASE,"condition affecting hands or feet",high,147,True
"dores","Pain","Hip-gout","Hip-gout",DISEASE,"condition affecting the hip",high,147,True
"dores","Pain","Sciatica","Sciatica",DISEASE,"alternative name for Hip-gout",high,52,True
"dores","Pain","ach","ache",DISEASE,"symptom treated by the remedy",high,,False
"dores","Pain","Gout","Gout",DISEASE,"condition affecting hands or feet",high,147,True
"dores","Pain","Hip-gout","Hip-gout",DISEASE,"condition affecting the hip",high,147,True
"dores","Pain","Sciatica","Sciatica",DISEASE,"alternative name for Hip-gout",high,52,True
"dores","Pain","Bowels","Bowels",CONCEPT,"area affected by pain",high,,False
"dores","Pain","Ruptures","Ruptures",DISEASE,"condition that the roots help",high,,False
"dores","Pain","Burstings","Burstings",DISEASE,"alternative name for Ruptures",high,547,True
"dores","Pain","gota artherica","gout",DISEASE,"synonym for flux",high,147,True
"dores","Pain","gora","gout",DISEASE,"synonym for flux",high,147,True
"dores","Pain","sciática","sciatica",DISEASE,"type of pain",high,52,True
"dores","Pain","dolores dexabega","headache",DISEASE,"type of pain",high,430,True
"dores","Pain","deeftomago","stomach ache",DISEASE,"type of pain",high,,False
"dores","Pain","dacorrimienso","rheumatism",DISEASE,"type of pain",high,534,True
"dores","Pain","dereumas","rheumatism",DISEASE,"type of pain",high,534,True
"dores","Pain","pilaviodes","dropsy",DISEASE,"related condition",high,20,True
"dores","Pain","coraydropefa","dropsy",DISEASE,"related condition",high,20,True
"dores","Pain","aloés","aloes",SUBSTANCE,"synonym for cebar",high,384,True
"dores","Pain","aloa","aloes",SUBSTANCE,"synonym for cebar",high,384,True
"dores","Pain","cebar","aloes",SUBSTANCE,"vernacular name",high,384,True
"dores","Pain","areá","aloes",SUBSTANCE,"vernacular name",high,384,True
"dores","Pain","calecomer","aloes",SUBSTANCE,"vernacular name",high,384,True
"dores","Pain","acibar","aloes",SUBSTANCE,"Spanish name",high,384;322,True
"dores","Pain","a^etTe","aloes",SUBSTANCE,"Portuguese name",high,384,True
"sangue","Blood","cancamo","hemp",PLANT,"contrast substance",high,,False
"sangue","Blood","sangue de drago","dragon's blood",SUBSTANCE,"substitute for lacre",high,784,True
"sangue","Blood","locsumutri","unknown",CONCEPT,"term being questioned",low,1169,True
"sangue","Blood","sangue de drago","dragon's blood",SUBSTANCE,"substitute for lacre",high,784,True
"sangue","Blood","laca","lac",SUBSTANCE,"substance being discussed",high,916;1012,True
"sangue","Blood","quermes","kermes",SUBSTANCE,"Arabic name for kermes",high,,False
"fluxos","Fluxes","almorreymas","hemorrhoids",DISEASE,"condition treated",high,308,True
"fluxos","Fluxes","hervapoligonum","knotweed",PLANT,"medicinal herb",high,,False
"fluxos","Fluxes","andorinha","knotweed",PLANT,"vernacular name for hervapoligonum",high,,False
"fluxos","Fluxes","Flixweed","Flixweed",PLANT,"plant used for flux",high,,False
"fluxos","Fluxes","Flux","flux",DISEASE,"condition treated by Flixweed",high,48,False
"fluxos","Fluxes","Bloody Flux","dysentery",DISEASE,"named disease",high,48;622,False
"fluxos","Fluxes","Plague in the Guts","dysentery",DISEASE,"alternative name for Bloody Flux",high,622,True
"fluxos","Fluxes","Bloody Flux","dysentery",DISEASE,"named disease",high,48;622,False
"fluxos","Fluxes","Plague in the Guts","dysentery",DISEASE,"alternative name for Bloody Flux",high,622,True
"fluxos","Fluxes","fluxo mestrual","menstrual flux",DISEASE,"a type of flux",high,48,False
"fluxos","Fluxes","landes","landes",PLANT,"synonym for acorns of cork oak",high,,False
"fluxos","Fluxes","tiriamjabim","tiriamjabim",SUBSTANCE,"a type of manna",high,,False
"fluxos","Fluxes","Mirabolanos","myrobalans",PLANT,"mentioned alongside a substance",medium,378,True
"vinagre","vinegar","laudano opiado","laudanum",SUBSTANCE,"ingredient",high,938,True
"vinagre","vinegar","Arnoglofia","Plantago media",PLANT,"also called tanchagem macho or lingua arietis",high,,False
"vinagre","vinegar","tanchagem macho","Plantago media",PLANT,"synonym for Arnoglofia",high,,False
"vinagre","vinegar","lingua arietis","Plantago media",PLANT,"synonym for Arnoglofia",high,,False
"vinagre","vinegar","Kings Evil","scrofula",DISEASE,"treated with vinegar and other substances",high,,False
"vinagre","vinegar","Kings evil","scrofula",DISEASE,"swelling of the throat called this",high,,False
"vinagre","vinegar","St. Anthonies Fire","erysipelas",DISEASE,"cooled and tempered by vinegar",high,332,True
"vinagre","vinegar","Diarhodon Abhatis","Diarhodon Abhatis",SUBSTANCE,"a cordial powder",high,834,True
"vinagre","vinegar","Aromatica Rosarum","Aromatica Rosarum",SUBSTANCE,"a cordial powder",high,764,True
"vinagre","vinegar","achar","achar",SUBSTANCE,"pickled fruits; called this",high,,False
"vinagre","vinegar","achar","achar",SUBSTANCE,"a name for vinegar and salt preserve",high,,False
"vinagre","vinegar","achar","achar",SUBSTANCE,"a name for vinegar and salt preserve",high,,False
"vinagre","vinegar","achar","achar",SUBSTANCE,"a name for pickled emblicas",high,,False
"vinagre","vinegar","achar","achar",SUBSTANCE,"a name for preserved fruit in vinegar",high,,False
"figado","Liver","hepaticas","hepaticas",DISEASE,"a type of bloody flux related to liver weakness",high,52,True
"figado","Liver","hepaticas","hepaticas",DISEASE,"a type of bloody flux related to liver weakness",high,52,True
"figado","Liver","English Rubarb","English Rubarb",PLANT,"a variety of rhubarb",high,,False
"folhas","leaves","Veronica","Veronica",PLANT,"a plant also called Abrotanum semen",high,,False
"folhas","leaves","Abrotanum semina","Abrotanum semina",PLANT,"a plant also called Veronica",high,,False
"folhas","leaves","folhas de sene","senna leaves",PLANT,"an ingredient in a medicinal powder",high,51,False
"folhas","leaves","agrimonia","agrimony",PLANT,"an ingredient in a medicinal powder",high,88,True
"folhas","leaves","equiseto","horsetail",PLANT,"an ingredient in a medicinal powder",high,708,True
"folhas","leaves","Nightshade Leaf","Nightshade Leaf",PLANT,"a plant whose leaf shape is being compared",high,,False
"folhas","leaves","pereiro","pear tree",PLANT,"size comparison for 'arvore delia'",high,,False
"folhas","leaves","pexigueiro","peach tree",PLANT,"leaf shape comparison for 'folhas'",high,,False
"folhas","leaves","giesta","broom",PLANT,"flower color comparison for 'flores'",high,910,True
"folhas","leaves","tembul","tembul",SUBSTANCE,"alternative name for the substance derived from the plant",medium,,False
"folhas","leaves","murta","myrtle",PLANT,"comparison of leaves and flowers",high,421,True
"folhas","leaves","Cisto","cistus",PLANT,"plant that hypocistis grows on the roots of",high,275,True
"folhas","leaves","melagrano","pomegranate",PLANT,"flower comparison",high,,False
"folhas","leaves","mortine","mortine",PLANT,"leaf shape comparison",high,,False
"folhas","leaves","violato","violet",PLANT,"comparison of processing method",medium,,False
"folhas","leaves","Papaueri","poppy",PLANT,"source of oil",high,453,True
"Ciatica","Sciatica","hepaticas","hepatic",DISEASE,"type of humors/chamber resulting from liver weakness",high,52,False
"Ciatica","Sciatica","rosas","roses",PLANT,"source of tincture for treatment",high,,False
"Ciatica","Sciatica","Kings Evil","scrofula",DISEASE,"condition that the substance helps dissolve/discuss",high,,False
"Ciatica","Sciatica","Gout","gout",DISEASE,"pain alleviated by the substance",high,147,True
"Ciatica","Sciatica","Gout","gout",DISEASE,"pain alleviated by the substance",high,147,True
"Ciatica","Sciatica","Hip-gout","hip gout",DISEASE,"synonym for Sciatica",high,147,True
"Ciatica","Sciatica","hot Gout","Gout",DISEASE,"a condition that can be eased by the juice",high,147,True
"Ciatica","Sciatica","Inflamations and Swellings in the Cods","Inflammation and swelling of the scrotum",DISEASE,"a condition that can be eased by the juice",high,,False
"Ciatica","Sciatica","Ker­nels or Knots in the Neck or Throat","Kernels or knots in the neck or throat",DISEASE,"a condition that can be eased by the juice",high,,False
"Ciatica","Sciatica","the Kings Evil","Scrofula",DISEASE,"synonym for Kernels or Knots in the Neck or Throat",high,,False
"Ciatica","Sciatica","Kibes","Chilblains",DISEASE,"a condition that can be healed by the juice",high,,False
"Ciatica","Sciatica","Chilblains","Chilblains",DISEASE,"a condition that can be healed by the juice",high,,False
"Portugal","Portugal","botica","pharmacy",CONCEPT,"term used in Portugal for medicinal drugs",high,192;323,True
"Portugal","Portugal","avelam da índia","Indian hazelnut",PLANT,"a plant used in India",high,,False
"Portugal","Portugal","galanga","Galangal",PLANT,"a plant; one variety of which is called lavandou in China",high,35,True
"Portugal","Portugal","lavandou","Lavandou",PLANT,"Chinese name for a type of galangal",high,,False
"Portugal","Portugal","lancua","Lancua",PLANT,"name for a type of galangal found in Java",high,,False
"Portugal","Portugal","urzes","Heathers",PLANT,"plants with small leaves; comparable to the tree producing caie",high,,False
"Portugal","Portugal","jounas","Brooms",PLANT,"plants with small leaves; comparable to the tree producing caie",high,,False
"Portugal","Portugal","tamargueira","Tamarisk",PLANT,"plant comparable to the tree producing caie",high,69,True
"Portugal","Portugal","frangues","Franks",PERSON,"a name given to Portuguese and other Western Christians in Asia",high,,False
"Portugal","Portugal","Franquia","Frankia",CONCEPT,"term used in Ormuz and other lands for Christianity; originating from the Franks",high,,False
"Flowers","flowers","Dog-wood","Dogwood",PLANT,"a name used in Sussex for the Cornel or Dogberry-Tree",high,1091,True
"Flowers","flowers","ordiary Alder-Tree","Common alder tree",PLANT,"tree whose flowers are somewhat like the plant in question",high,,False
"Flowers","flowers","Foemale Cornel","Female Cornel",PLANT,"tree whose flowers are somewhat like the plant in question",high,,False
"Flowers","flowers","Dogberry-Tree","Dogberry tree",PLANT,"tree whose flowers are somewhat like the plant in question",high,,False
"Flowers","flowers","cubebas","Cubebs",PLANT,"term used by the Moors; identified with 'mtrtus' by Dioscorides",high,200,True
"Flowers","flowers","mtrtus","Mytus",PLANT,"term used by Dioscorides; equivalent to what the Moors call cubebas",high,,False
"Flowers","flowers","Jiiste","Juiste",PLANT,"a name used by the Castilians",high,,False
"Flowers","flowers","basta­","Basta",PLANT,"a name used by the Portuguese",high,,False
"Flowers","flowers","madre do cravo","Mother of clove",PLANT,"the large clove; not the actual mother plant",high,,False
"Flowers","flowers","yamgo- mas","yamgo-mas",PLANT,"named synonym for plant",high,,False
"Flowers","flowers","herva anagalis","anagallis",PLANT,"used in a fomentation",high,,False
"Flowers","flowers","maru- gem","marjoram",PLANT,"vernacular name for herva anagalis",high,561,True
"Flowers","flowers","Mecca àfombra","Mecca carpet",PLANT,"vernacular name for herva anagalis",high,,False
"Flowers","flowers","flores decentaureamenor","centaurea minor",PLANT,"ingredient in a medicinal preparation",high,,False
"Flowers","flowers","fel daterra","earth's gall",SUBSTANCE,"vernacular name for flores decentaureamenor",high,,False
"melancholia","Melancholia","Pomatum","pomatum",SUBSTANCE,"ointment used for skin conditions",high,1085,True
"melancholia","Melancholia","Ephi-
altes","Ephialtes",DISEASE,"synonym for the Night-Mare",high,,False
"melancholia","Melancholia","Incubus","incubus",DISEASE,"synonym for the Night-Mare",high,,False
"melancholia","Melancholia","Night-Mare","nightmare",DISEASE,"common name for Ephialtes or Incubus",high,,False
"melancholia","Melancholia","melancolicos","melancholics",PERSON,"people suffering from melancholy",high,56,False
"melancholia","Melancholia","mihifol","millefoil",PLANT,"associated with scorbutic symptoms",medium,,False
"Goa","Goa","elefancia","elephantiasis",DISEASE,"named after a condition",high,1194,True
"Goa","Goa","daul alfil","daul alfil",DISEASE,"Arabic name for elephantiasis",high,,False
"Goa","Goa","pé de alifante","foot of the elephant",DISEASE,"meaning of 'daul alfil'",high,,False
"Goa","Goa","hydroforbia","hydrophobia",DISEASE,"named after a condition",high,20,True
"Goa","Goa","mara^alquelbe","mara^alquelbe",DISEASE,"Arabic name for hydrophobia",high,,False
"Goa","Goa","doença de cam","disease of the camel",DISEASE,"meaning of 'mara^alquelbe'",high,,False
"Goa","Goa","xá","shah",PERSON,"term for king",high,,False
"Goa","Goa","goa^ir","goa^ir",PERSON,"term for constable",high,,False
"Goa","Goa","elefante","elephant",ANIMAL,"meaning of a title",high,433,True
"Goa","Goa","guora","guora",ANIMAL,"term for horse",high,,False
"Goa","Goa","roch há","roch há",ANIMAL,"term for tiger",high,,False
"Goa","Goa","tigre","tiger",ANIMAL,"meaning of 'roch há'",high,,False
"Goa","Goa","comdaca","comdaca",CONCEPT,"synonym for the known entity",high,,False
"Goa","Goa","bapa simga","bapa simga",CONCEPT,"synonym for the known entity",high,,False
"Goa","Goa","bapa simgua","bapa simgua",CONCEPT,"synonym for the known entity",high,,False
"Goa","Goa","gramalla","gramalla",CONCEPT,"synonym for the known entity",high,,False
"Goa","Goa","bahó","bahó",PLANT,"vernacular name for the tree of the known entity",high,,False
"Goa","Goa","elevi","elevi",CONCEPT,"synonym for the known entity (when green)",high,,False
"Goa","Goa","lanha","lanha",CONCEPT,"synonym for the known entity (in Goa)",high,711,True
"Goa","Goa","maçons de cuquoj","maçons de cuquoj",FRUIT,"name for young fruits",high,,False
"Goa","Goa","jambos","jambos",FRUIT,"synonym for the fruit",high,,False
"Goa","Goa","Santa Cruz","Santa Cruz",PLACE,"an island owned by a person",high,,False
"Goa","Goa","Spodio","Spodio",SUBSTANCE,"alternative name for pompholige",high,588,True
"Goa","Goa","pompholige","pompholige",SUBSTANCE,"alternative name for Spodio",high,,False
"Goa","Goa","tuzia de gli Speziali","tuzia de gli Speziali",SUBSTANCE,"alternative name for Spodio",high,,False
"Goa","Goa","Tabaxir","Tabaxir",SUBSTANCE,"synonym for Spodio",high,248;33,True
"Goa","Goa","Squinanto","Squinanto",PLANT,"plant name",high,,False
"Serapio","Serapion","Cumcam","Cumcam",CONCEPT,"synonym for the known entity",high,1147,True
"Serapio","Serapion","paicam","paicam",CONCEPT,"synonym for the known entity",high,,False
"Serapio","Serapion","cassab aldirira","cassab aldirira",CONCEPT,"synonym for the known entity",high,,False
"Serapio","Serapion","assabel diriri","assabel diriri",CONCEPT,"synonym for the known entity",high,,False
"Serapio","Serapion","assabel diriri","assabel diriri",CONCEPT,"synonym for the known entity",high,,False
"Serapio","Serapion","cassab","cassab",CONCEPT,"synonym for the known entity",high,,False
"Serapio","Serapion","calamo","calamo",CONCEPT,"synonym for the known entity",high,158,True
"Serapio","Serapion","aldirira","aldirira",CONCEPT,"synonym for the known entity",high,,False
"Serapio","Serapion","cordumeni","cordumeni",CONCEPT,"synonym for the known entity",high,,False
"Serapio","Serapion","cacullá","cacullá",CONCEPT,"synonym for the known entity",high,382,True
"Serapio","Serapion","hil","hil",CONCEPT,"synonym for the known entity",high,,False
"Serapio","Serapion","quirfé","quirfé",CONCEPT,"synonym for the known entity",high,,False
"Serapio","Serapion","quirfd","quirfd",CONCEPT,"synonym for the known entity",high,,False
"Serapio","Serapion","darchini","darchini",PLANT,"synonym for the known entity",high,,False
"Serapio","Serapion","cuurdo","cuurdo",CONCEPT,"synonym for the known entity",high,,False
"Serapio","Serapion","caismão","caismão",CONCEPT,"synonym for the known entity",high,,False
"Serapio","Serapion","cameá","cameá",CONCEPT,"synonym for the known entity",high,,False
"Serapio","Serapion","narel","narel",FRUIT,"common name for the fruit",high,,False
"Serapio","Serapion","jcai­alindi","jcai­alindi",CONCEPT,"synonym for the fruit",high,,False
"Serapio","Serapion","ar alnare","ar alnare",PLANT,"synonym for the tree",high,,False
"Serapio","Serapion","tengamaram","tengamaram",PLANT,"synonym for the tree",high,,False
"Serapio","Serapion","cubebas","cubeb",SUBSTANCE,"synonym for something described by Dioscorides",high,200,True
"Serapio","Serapion","Dioscorides","Dioscorides",PERSON,"author mentioned in relation to cubebas",high,3,True
"Serapio","Serapion","mtrtus sihestris","martius silvestris",PLANT,"synonym for cubebas",medium,,False
"Serapio","Serapion","Galeno","Galen",PERSON,"author mentioned in relation to cubebas",high,1,True
"Serapio","Serapion","Pandectarío","Pandectae Medicinae",PERSON,"followed Serapio in error",high,,False
"Serapio","Serapion","Galeno","Galen",PERSON,"mentioned in context of an error",high,1,True
"Serapio","Serapion","Diosco-","Dioscorides",PERSON,"mentioned in context of an error",high,3,True
"Serapio","Serapion","co- tamaluco","Cotamaluco",PLACE,"place of origin for something",low,,False
"Serapio","Serapion","Bisnaga","Bisnaga",PLANT,"mentioned in conjunction with Cotamaluco",low,,False
"Serapio","Serapion","calvegiam","galanga",SUBSTANCE,"Arabic name for galanga",high,35,True
"Serapio","Serapion","chamligiam","galanga",SUBSTANCE,"alternative Arabic name for galanga",high,35,True
"Serapio","Serapion","galungem","galanga",SUBSTANCE,"alternative Arabic name for galanga",high,35,True
"Serapio","Serapion","Aviçena","Avicenna",PERSON,"author mentioned",high,19,True
"Serapio","Serapion","Ben\acarta","Rasis",PERSON,"alternative name for Rasis",high,395,True
"Serapio","Serapion","Ben\acarta","Rasis",PERSON,"alternative name for Rasis",high,395,True
"Serapio","Serapion","Mesue","Mesue",PERSON,"author mentioned",high,,False
"Serapio","Serapion","Menxus","Mesue",PERSON,"alternative spelling/name for Mesue",high,,False
"Serapio","Serapion","Haclim","Hachim",PERSON,"alternative spelling/name for Hachim",high,,False
"Serapio","Serapion","Aly","Ali",PERSON,"possible identification for Haclim",low,,False
"Serapio","Serapion","Galeno","Galen",PERSON,"author who calls something 'licium'",high,1,True
"Serapio","Serapion","Plinio","Pliny",PERSON,"author who calls something 'licium'",high,25,True
"Serapio","Serapion","Dioscorides","Dioscorides",PERSON,"author who calls something 'licium'",high,3,True
"Serapio","Serapion","Avicena","Avicenna",PERSON,"author who calls something 'licium'",high,19,True
"Serapio","Serapion","licium","licium",SUBSTANCE,"alternative name for 'cate'",high,,False
"Serapio","Serapion","Licia","Licia",PLACE,"place associated with the origin of 'licium'",high,,False
"Serapio","Serapion","Rasis","Rasis",PERSON,"author who calls something 'licium'",high,395,True
"Serapio","Serapion","Licia","Licia",PLACE,"place associated with the origin of 'licium'",high,,False
"Serapio","Serapion","Avicena","Avicenna",PERSON,"Arab author who calls something 'hacdadh'",high,19,True
"Serapio","Serapion","hacdadh","hacdadh",SUBSTANCE,"Arab name for what is called 'licium'",high,,False
"Serapio","Serapion","Mesue","Mesue",PERSON,"author who mentions something called 'negro'",high,,False
"Serapio","Serapion","cachabar","cachabar",SUBSTANCE,"name for something",high,,False
"Serapio","Serapion","Avicena","Avicenna",PERSON,"author who calls something 'adhar'",high,19,True
"Serapio","Serapion","adhar","adhar",SUBSTANCE,"name for something",high,,False
"Serapio","Serapion","adker","adker",SUBSTANCE,"name for something",high,,False
"Serapio","Serapion","Gaz- zella","Gazella",ANIMAL,"an animal producing something",high,,False
"madre","Dura mater","fluxos","fluxes",DISEASE,"ailments treated by 'madre'",high,48,True
"madre","Dura mater","purgações brancas","white purges",DISEASE,"ailments treated by 'madre'",high,,False
"madre","Dura mater","Mother","Mother",SUBSTANCE,"a deposit in distilled waters",high,60,False
"Seed","Seed","cardamomo mayor","greater cardamom",PLANT,"a plant name used by imitators of Arabs",high,,False
"Seed","Seed","grana paradist","paradise seed",PLANT,"a seed used as a lesser cardamom",high,,False
"Seed","Seed","malagueta","malagueta pepper",PLANT,"a name for 'grana paradist' used by Spaniards",high,,False
"Seed","Seed","sangue de drago","dragon's blood",SUBSTANCE,"an ingredient in lac production",high,784,True
"Seed","Seed","quermes","kermes",SUBSTANCE,"a name used by Arabs for lac",high,,False
"Seed","Seed","pimenta canarim","canarim pepper",PLANT,"a local name for certain seeds used as medicine",high,,False
"Swellings","swellings","Kings E∣vil","King's Evil",DISEASE,"a type of hard tumor or swelling",high,,False
"Swellings","swellings","Noli me Tangere","Noli me tangere",DISEASE,"a type of spreading ulcer",high,946,True
"Swellings","swellings","Kings evil","King's Evil",DISEASE,"a type of throat swelling",high,,False
"Swellings","swellings","Kings evil","King's Evil",DISEASE,"a type of throat swelling",high,,False
"Swellings","swellings","Gout","gout",DISEASE,"affliction for which the substance is effective",high,147,True
"Swellings","swellings","Sciatica","sciatica",DISEASE,"affliction for which the substance is effective",high,52,True
"Swellings","swellings","Inflamations","inflammations",DISEASE,"affliction for which the substance is effective",high,335,True
"Swellings","swellings","Cods","scrotum",ANATOMY,"part of the body where swellings occur",medium,,False
"Swellings","swellings","Kernels","kernels",DISEASE,"affliction described as knots",high,,False
"Swellings","swellings","Kings Evil","scrofula",DISEASE,"affliction identified by a common name",high,,False
"Swellings","swellings","Kibes","chilblains",DISEASE,"affliction for which the substance is effective",high,,False
"Swellings","swellings","Chilblains","chilblains",DISEASE,"affliction for which the substance is effective",high,,False
"Swellings","swellings","Impostumes","impostumes",DISEASE,"affliction of the throat",high,,False
"Swellings","swellings","Kings Evil","scrofula",DISEASE,"affliction of the throat",high,,False
"Swellings","swellings","Kernels","kernels",DISEASE,"swellings behind the ears",high,,False
"Swellings","swellings","ChinCough","whooping cough",DISEASE,"affliction for which the dried roots are beneficial",high,,False
"Swellings","swellings","Kings evil","scrofula",DISEASE,"affliction of the throat",high,,False
"Swellings","swellings","Kernels","kernels",DISEASE,"swellings of the ears",high,,False
"Swellings","swellings","Stone","calculi",DISEASE,"affliction for which the roots are helpful",high,,False
"Swellings","swellings","Kings evil","scrofula",DISEASE,"affliction of the throat",high,,False
"Swellings","swellings","Kernels","kernels",DISEASE,"swellings of the ears",high,,False
"Swellings","swellings","Stone","calculi",DISEASE,"affliction for which the roots are helpful",high,,False
"Saint-Domingue","Hispaniola","Francisco Pizarro","Francisco Pizarro",PERSON,"conqueror of Peru",high,,False
"Saint-Domingue","Hispaniola","Pérou","Peru",PLACE,"conquered by Francisco Pizarro",high,118,True
"Saint-Domingue","Hispaniola","CAronîca del Paru","Crónica del Perú",CONCEPT,"source of information about Francisco Pizarro",medium,,False
"Saint-Domingue","Hispaniola","Hercra","Herrera",PERSON,"historian",medium,,False
"Saint-Domingue","Hispaniola","Description géographique des Indes","Descripción geográfica de las Indias",CONCEPT,"work by Herrera",medium,,False
"Saint-Domingue","Hispaniola","Haïti","Hispaniola",PLACE,"synonym for Hispaniola",high,63,False
"Saint-Domingue","Hispaniola","Cuba","Cuba",PLACE,"compared to Hispaniola in terms of gold richness",high,305;150,True
"Body","Human body","Cachexia","cachexia",DISEASE,"an evil disposition of the whole body",high,52,True
"Body","Human body","Ulcers","ulcers",DISEASE,"condition of the body that can be cleansed",high,,False
"Body","Human body","Polipus","nasal polyps",DISEASE,"stinking sores in the nose",high,464,True
"Body","Human body","Corpo","body",SUBSTANCE,"physical constitution",high,64,False
"Body","Human body","mortine","myrtle",PLANT,"plant with leaves similar to another plant",medium,421,True
"Body","Human body","uliuastri","elder",PLANT,"plant with crushed leaves",medium,632,True
"Body","Human body","Spodio","spodium",SUBSTANCE,"external application in medicine",high,588,True
"Body","Human body","pompholige","pompholix",SUBSTANCE,"external application in medicine",high,899,True
"Body","Human body","mortella","myrtle",PLANT,"ingredient in internal medicine",high,421,True
"Body","Human body","uliuastri","elder",PLANT,"ingredient in internal medicine",high,632,True
"Agarico","Agaric","betonica","Betonica officinalis",PLANT,"ingredient in decoction",high,369,True
"Agarico","Agaric","Cardo ſanto","Cnicus benedictus",PLANT,"ingredient in decoction",high,,False
"Agarico","Agaric","funcho","Foeniculum vulgare",PLANT,"ingredient in decoction",high,454,True
"Agarico","Agaric","Hyera","Hyssopus officinalis",PLANT,"used in pirolas for purging",high,,False
"Agarico","Agaric","lipos","Lippia citriodora",PLANT,"ingredient in decoction",high,,False
"Agarico","Agaric","epithymo","Calamintha nepeta",PLANT,"ingredient in decoction",high,162,True
"Agarico","Agaric","boro nero","Scammonium resin",SUBSTANCE,"ingredient in decoction",high,,False
"Agarico","Agaric","zucchero","Sugar",SUBSTANCE,"alternative name for Sale indo",high,322;319,True
"Agarico","Agaric","Mirabolani del Montano","Terminalia bellirica",PLANT,"decoction ingredient",high,,False
"Agarico","Agaric","Bellirici","Terminalia bellirica",PLANT,"alternative name for Mirabolani del Montano",high,,False
"Agarico","Agaric","Hmblici","Emblic myrobalan",PLANT,"decoction ingredient",high,580,True
"Agarico","Agaric","Hdy","Hedeoma pulegioides",PLANT,"pill ingredient",high,,False
"Agarico","Agaric","boro nero","Scammonium resin",SUBSTANCE,"pill ingredient",high,,False
"Agarico","Agaric","Polypodio","Polypodium vulgare",PLANT,"pill ingredient",high,179,True
"Agarico","Agaric","Epithymo","Calamintha nepeta",PLANT,"pill ingredient",high,162,True
"Agarico","Agaric","Lapislazzoli","Lapis lazuli",SUBSTANCE,"pill ingredient",high,,False
"Agarico","Agaric","Colocynthida","Citrullus colocynthis",PLANT,"pill ingredient",high,507,True
"Agarico","Agaric","Sale indo","Sugar",SUBSTANCE,"alternative name for zucchero can",high,322;319,True
"Agarico","Agaric","zucchero can","Sugar",SUBSTANCE,"ingredient in pills",high,322;319,True
"Agarico","Agaric","Sugod'iBupatQ","Juice of Buphthalmum",PLANT,"pill ingredient",high,,False
"Agarico","Agaric","rio","Nardostachys jatamansi",PLANT,"pill ingredient",high,,False
"Agarico","Agaric","Nardo","Nardostachys jatamansi",PLANT,"pill ingredient",high,640,True
"Agarico","Agaric","zucchero can","Sugar",SUBSTANCE,"ingredient in pills",high,322;319,True
"Agarico","Agaric","Sugodi","Juice of",SUBSTANCE,"ingredient in pills",low,,False
"Agarico","Agaric","Soìatrocj","Satyrium",PLANT,"pill ingredient",high,,False
"Agarico","Agaric","Scamonea","Convolvulus scammonia",PLANT,"pill ingredient",high,229,True
"Agarico","Agaric","Colocmthida","Citrullus colocynthis",PLANT,"pill ingredient",high,,False
"Agarico","Agaric","Agarico","Agaric",PLANT,"pill ingredient",high,65,False
"Agarico","Agaric","idcilio","Isatis tinctoria",PLANT,"pill ingredient",high,,False
"Agarico","Agaric","Goaxma Arabica","Gum Arabic",SUBSTANCE,"pill ingredient",high,,False
"Agarico","Agaric","Petta","Peucedanum ostruthium",PLANT,"pill ingredient",high,,False
"Agarico","Agaric","Rhabarbaro","Rheum officinale",PLANT,"added to pills",high,141,True
"Agarico","Agaric","betto","Betonica officinalis",PLANT,"juice used in pills",high,,False
"Agarico","Agaric","nic5","Nicotiana tabacum",PLANT,"juice used in pills",high,,False
"lepra","Leprosy","Elephantiacos","Elephantiasis",DISEASE,"term for lepers",high,1194,True
"lepra","Leprosy","Limas","Limax",ANIMAL,"used in medicine",low,,False
"lepra","Leprosy","Jaundice","Jaundice",DISEASE,"condition cured by ashes of Ash bark",high,324,True
"lepra","Leprosy","Ash","Fraxinus",PLANT,"bark used for ashes",high,752,True
"lepra","Leprosy","Ashen Keys","Fraxinus seeds",PLANT,"common name for kernels",high,,False
"lepra","Leprosy","chola","Cholera",DISEASE,"condition treated",high,558,True
"lepra","Leprosy","Mirarchia","Miliary eruption",DISEASE,"condition of the skin",high,,False
"lepra","Leprosy","Mirarchia","Mirarchia",DISEASE,"synonym for a condition affecting the head; related to Lepra",high,,False
"lepra","Leprosy","Elephancialis","Elephancialis",DISEASE,"Greek name for Lepra",high,,False
"lepra","Leprosy","sarna","scabies",DISEASE,"synonym for itching/infection of the skin; related to Lepra",medium,836,True
"lepra","Leprosy","peynes","pains",CONCEPT,"associated with itching/infection; possibly related to Lepra",low,46,True
"Tamarindos","Tamarind","freixo","ash tree",PLANT,"comparison for size of the tamarind tree",medium,752,True
"Tamarindos","Tamarind","urzes","heathers",PLANT,"comparison for the smallness of tamarind leaves",medium,,False
"Tamarindos","Tamarind","jounas","juniper",PLANT,"comparison for the smallness of tamarind leaves",medium,715,True
"Tamarindos","Tamarind","tamargueira","tamarisk",PLANT,"comparison for the tamarind tree",high,69,False
"Turbit","Turbith","dialaca","Dialacca",SUBSTANCE,"Arabic term for a substance; related to Turbit",high,,False
"Turbit","Turbith","dallaca","Dallacca",SUBSTANCE,"Arabic term for a substance; related to Turbit",high,,False
"Turbit","Turbith","diaturbit","diaturbit",SUBSTANCE,"compound name involving Turbit",high,,False
"Turbit","Turbith","dalturbit","dalturbit",SUBSTANCE,"Arabic equivalent of diaturbit",high,,False
"Turbit","Turbith","terbet","Terbet",PLANT,"alternative name for Turbit",high,,False
"Turbit","Turbith","terbet","Terbet",PLANT,"alternative name for Turbit; rejected by learned physicians",high,,False
"Turbit","Turbith","barcamam","Barcamam",PLANT,"name for Turbit used by Guzarates",high,,False
"Turbit","Turbith","tiguar","Tiguar",PLANT,"name for Turbit used by Canarins",high,,False
"Turbit","Turbith","Baneanes","Banians",PERSON,"merchants who sell Turbit",high,,False
"Turbit","Turbith","esula","Esula",PLANT,"synonym for the substance described; related to Turbit",high,804,True
"Turbit","Turbith","alfebran","Alfebran",PLANT,"Arabic synonym for the substance described; related to Turbit",high,,False
"Turbit","Turbith","esiãa","Essia",PLANT,"synonym for the substance described; related to Turbit",high,,False
"Turbit","Turbith","Ammo- ntaco","Amoniaco",SUBSTANCE,"listed alongside Turbithi",medium,,False
"Turbit","Turbith","OpoponacQ","Opoponax",SUBSTANCE,"listed alongside Turbithi",medium,,False
"Turbit","Turbith","Bdellio","Bdellium",SUBSTANCE,"listed alongside Turbithi",medium,,False
"Turbit","Turbith","Colocynthida","Colocynth",PLANT,"listed alongside Turbithi",medium,507,True
"Turbit","Turbith","Harmel","Harmal",PLANT,"listed alongside Turbithi",medium,,False
"Turbit","Turbith","Alo?","Aloe",PLANT,"listed alongside Turbithi",medium,384,True
"Turbit","Turbith","EpJthymo","Epithymum",PLANT,"listed alongside Turbithi",medium,,False
"Turbit","Turbith","Flermodattili","Fior di dattero",PLANT,"listed alongside Turbithi",low,,False
"Turbit","Turbith","Radici a'eiulaJ»","Radici di esula",PLANT,"listed alongside Turbithi",medium,,False
"Turbit","Turbith","Scamonea","Scammony",SUBSTANCE,"listed alongside Turbithi",medium,229,True
"Turbit","Turbith","Cinnamomo","Cinnamon",SUBSTANCE,"listed alongside Turbithi",medium,28,True
"Turbit","Turbith","Nardo indica","Indian Spikenard",PLANT,"listed alongside Turbithi",medium,,False
"Turbit","Turbith","Zafferano","Saffron",SUBSTANCE,"listed alongside Turbithi",medium,611,True
"Turbit","Turbith","Caitoro","Catore",SUBSTANCE,"listed alongside Turbithi",low,,False
"Turbit","Turbith","Gengiouo","Ginger",SUBSTANCE,"listed alongside Turbithi",medium,362,True
"Turbit","Turbith","Euphorbio","Euphorbium",SUBSTANCE,"listed alongside Turbithi",medium,170,True
"Turbit","Turbith","BdeUio","BdeUio",SUBSTANCE,"ingredient",low,,False
"Turbit","Turbith","Ammoniiica","Ammoniacum",SUBSTANCE,"ingredient",high,,False
"Turbit","Turbith","Colocynthida","Colocynth",PLANT,"ingredient",high,507,True
"Turbit","Turbith","Caftoro","Castoreum",SUBSTANCE,"ingredient",high,368,True
"Turbit","Turbith","Gengiouo","Ginger",PLANT,"ingredient",high,362,True
"Turbit","Turbith","Pepe nero","Black Pepper",PLANT,"ingredient",high,,False
"Turbit","Turbith","Pepe lungo","Long Pepper",PLANT,"ingredient",high,462,True
"Turbit","Turbith","Cafia","Cassia",PLANT,"ingredient",high,548,True
"Turbit","Turbith","Mirabolani citrini","Citrine Myrobalans",PLANT,"ingredient",high,,False
"Turbit","Turbith","BeUirici","Bryony",PLANT,"ingredient",high,717,True
"Turbit","Turbith","Embiici","Emblic Myrobalans",PLANT,"ingredient",high,,False
"Turbit","Turbith","Scamonea","Scammony",PLANT,"ingredient",high,229,True
"Turbit","Turbith","Aloe","Aloe",PLANT,"ingredient",high,384,True
"Turbit","Turbith","acqua di cauolo","Cabbage Water",SUBSTANCE,"solvent",high,,False
"Turbit","Turbith","Lapis","Lapis",SUBSTANCE,"ingredient",low,,False
"Turbit","Turbith","Uzzoli","Uzzoli",SUBSTANCE,"ingredient",low,,False
"Turbit","Turbith","Maftice","Mastic",PLANT,"ingredient",high,358,True
"Turbit","Turbith","Pepe lungo","Long Pepper",PLANT,"ingredient",high,462,True
"Turbit","Turbith","Cinnamomo","Cinnamon",PLANT,"ingredient",high,28,True
"Turbit","Turbith","Noci mofcadc","Nutmeg",PLANT,"ingredient",high,334,True
"Turbit","Turbith","Cópongonfi","Copaiba",SUBSTANCE,"ingredient",high,,False
"Turbit","Turbith","Scamonea","Scammony",PLANT,"ingredient",high,229,True
"Turbit","Turbith","Cartamo fcorticato","Peeled Safflower",PLANT,"ingredient",high,,False
"Turbit","Turbith","elleba","Aloe",PLANT,"ingredient",high,384,True
"Africa","Africa","Avicena","Avicenna",PERSON,"author",high,19,True
"Africa","Africa","Galeno","Galen",PERSON,"author",high,1,True
"Africa","Africa","Syria","Syria",PLACE,"language region",high,431,True
"Africa","Africa","Mouros","Moors",PERSON,"people",high,,False
"Africa","Africa","magaraby","Magaraby",CONCEPT,"term for Moors",high,,False
"Africa","Africa","Pérsia","Persia",PLACE,"region",high,109;118,True
"Africa","Africa","Arábia","Arabia",PLACE,"region",high,321,True
"Africa","Africa","Algarves","Algarves",PLACE,"region",high,602,True
"Africa","Africa","nachani","Nachani",PLANT,"plant name",high,,False
"Africa","Africa","raggi","Raggi",PLANT,"synonym for Nachani",high,,False
"Africa","Africa","nagli","Nagli",PLANT,"synonym for Nachani",high,,False
"Africa","Africa","nanchni","Nanchni",PLANT,"synonym for Nachani",high,,False
"Africa","Africa","naxenim","Naxenim",PLANT,"Portuguese name for Nachani",high,,False
"Africa","Africa","luco","Luco",PLANT,"name for Nachani in West Africa",high,,False
"Africa","Africa","raggi","Raggi",PLANT,"synonym for Nachani",high,,False
"Africa","Africa","nagli","Nagli",PLANT,"synonym for Nachani",high,,False
"Africa","Africa","nanchni","Nanchni",PLANT,"synonym for Nachani",high,,False
"Africa","Africa","naxenim","Naxenim",PLANT,"Portuguese name for Nachani",high,,False
"Africa","Africa","luco","Luco",PLANT,"name for Nachani in West Africa",high,,False
"Africa","Africa","caie","Coffee",PLANT,"plant discussed",high,,False
"Greci","Greeks","Amomo","Amomum",PLANT,"plant",high,556,True
"Greci","Greeks","Diofcoride","Dioscorides",PERSON,"authority",high,3,True
"Greci","Greeks","rotonda","Round Aristolochia",PLANT,"type of Aristolochia",high,,False
"Greci","Greeks","lunga","Long Aristolochia",PLANT,"type of Aristolochia",high,,False
"Greci","Greeks","clematite","Clematitis Aristolochia",PLANT,"type of Aristolochia",high,,False
"Greci","Greeks","Cardamomo","Cardamom",PLANT,"spice",high,382,True
"Greci","Greeks","Arabi","Arabs",PERSON,"authority",high,123,True
"Greci","Greeks","Auicenna","Avicenna",PERSON,"authority",high,19,True
"Greci","Greeks","Serapione","Serapion",PERSON,"authority",high,59,True
"Greci","Greeks","tamofhlfo","Dictamnus",PLANT,"plant",low,,False
"Greci","Greeks","Pftfbdodittamo","Pfeudo-Dictamnus",PLANT,"plant",low,,False
"Greci","Greeks","Tragacanth","Tragacanth",SUBSTANCE,"synonym for Dragante",high,,False
"Greci","Greeks","cignamica","Cinnamica",PLANT,"plant",low,,False
"Greci","Greeks","Tihymalo","Thymallus",PLANT,"synonym for Esula",high,,False
"Greci","Greeks","maggiore","Greater Esula",PLANT,"type of Esula",high,,False
"Greci","Greeks","minore","Lesser Esula",PLANT,"type of Esula",high,,False
"Greci","Greeks","rotonda","Round Esula",PLANT,"type of Esula",high,,False
"Greci","Greeks","Pythy","Pythius",PLANT,"plant",low,,False
"Greci","Greeks","rame","Copper",SUBSTANCE,"material",high,,False
"Greci","Greeks","Sciauonia","Sclavonia",PLACE,"region",high,,False
"Greci","Greeks","Vcnetia","Venice",PLACE,"city",high,37,True
"Greci","Greeks","incenso","Incense",SUBSTANCE,"substance",high,,False
"Greci","Greeks","Màna foluriua","Manna saccharata",SUBSTANCE,"type of Manna",high,,False
"Greci","Greeks","Storace cala- mita","Storax calamita",SUBSTANCE,"a type of Storace",high,,False
"Greci","Greeks","Styrace","Styrace",SUBSTANCE,"synonym for Storace used by Greeks",high,,False
"Greci","Greeks","Storace liqui* da","Storax liquidus",SUBSTANCE,"a type of Storace",high,,False
"Greci","Greeks","Myrrha","Myrrh",SUBSTANCE,"compared to Storace",medium,489;671,True
"Greci","Greeks","Tuzia","Tuzia",SUBSTANCE,"mentioned in Arab recipes; equivalent to pompholige",high,,False
"Greci","Greeks","pompholige","pompholige",SUBSTANCE,"mentioned in Arab recipes; equivalent to cadmia",high,,False
"Greci","Greeks","cadmia della iorta","cadmia",SUBSTANCE,"mentioned in Greek recipes; equivalent to Tuzia",high,,False
"Greci","Greeks","Valeriana","Valerian",PLANT,"known plant",high,207,True
"Greci","Greeks","Diofcoride","Dioscorides",PERSON,"source for the name of Valeriana",high,3,True
"Greci","Greeks","trochifci","trochisci",CONCEPT,"Greek name for pills/pastilles",high,,False
"Greci","Greeks","pafttlli","pastilli",CONCEPT,"Latin name for pills/pastilles",high,565,True
"Greci","Greeks","trocifci","trochisci",CONCEPT,"mentioned in Arab recipes; equivalent to Greek pastilles",high,,False
"Greci","Greeks","ec coliirii","ec coliirii",CONCEPT,"Greek term for pastilles; used in Arab recipes",high,,False
"Greci","Greeks","Pilule","Pilule",CONCEPT,"general term for pills",high,,False
"Greci","Greeks","Catapotia","Catapotia",CONCEPT,"Greek name for pills",high,565,True
"Greci","Greeks","esquinanto","esquinanto",PLANT,"term of Greek origin",high,,False
"Greci","Greeks","junco odorato","fragrant rush",PLANT,"alternative name for esquinanto",high,158,True
"Greci","Greeks","esquinanto","esquinanto",PLANT,"term of Greek origin",high,,False
"Greci","Greeks","junco odorato","fragrant rush",PLANT,"alternative name for esquinanto",high,158,True
"Greci","Greeks","junco redondo","round rush",PLANT,"name given by Cornelius Celsus for esquinanto",high,,False
"Greci","Greeks","Cornelio Cú^o","Cornelius Celsus",PERSON,"named junco redondo",high,,False
"Greci","Greeks","esquinanto","esquinanto",PLANT,"term of Greek origin",high,,False
"Greci","Greeks","Nizamoxa","Nizamoxa",PLACE,"place where learned physicians use the name esquinanto",low,354,True
"Greci","Greeks","Dioscorides","Dioscorides",PERSON,"referenced in relation to esquinanto",high,3,True
"Greci","Greeks","Eftibiopreparado","Ectibiopreparado",SUBSTANCE,"a remedy to be drunk",medium,,False
"Greci","Greeks","Olofago","Olofhago",DISEASE,"Greek name for difficulty in swallowing",high,,False
"Greci","Greeks","Gula","Gula",DISEASE,"Latin name for difficulty in swallowing",high,,False
"Greci","Greeks","Guèla","Guela",DISEASE,"Portuguese name for difficulty in swallowing",high,549,True
"Greci","Greeks","Oſofago","Osofago",DISEASE,"synonym for Guèla",high,18,True
"Sol","Sun","guandis","guandis",PERSON,"synonym for boticairos da índia",high,,False
"London","London","Ometep","Ometep",PLACE,"mentioned in proximity to volcanic activity",low,,False
"Winter","Winter","White-Green","White-Green",PLACE,"location in Rumney Marsh",high,,False
"Winter","Winter","Rumney Marsh","Rumney Marsh",PLACE,"location near White-Green",high,,False
"Winter","Winter","Nantwiche","Nantwich",PLACE,"town near White-Green",high,,False
"Winter","Winter","Cheshire","Cheshire",PLACE,"county containing Nantwich",high,,False
"ventosidades","Flatulence","Carminativos","Carminatives",CONCEPT,"terms for substances that resolve ventoſidades",high,1245,True
"ventosidades","Flatulence","Ruyponto","Ruyponto",PLANT,"ingredient in wine for treating ventoſidades",high,,False
"ventosidades","Flatulence","parreyra brava","parreyra brava",PLANT,"synonym for raiz de parreyra brava",high,,False
"ventosidades","Flatulence","Navimaterni","Navimaterni",DISEASE,"term for signs of birth in children",high,,False
"opio","Opium","Opium","Opium",SUBSTANCE,"condensed form of milk from poppy",high,83;196,False
"opio","Opium","Black Poppy","Black Poppy",PLANT,"type of poppy; similar to the former",high,,False
"Oximel","Oxymel","Abrotanum","Abrotanum",PLANT,"ingredient for infusion in oximel",high,,False
"Oximel","Oxymel","Veronica","Veronica",PLANT,"alternative name for Abrotanumsemina",high,,False
"Oximel","Oxymel","sc^nza aceu","senza aceto",SUBSTANCE,"alternative preparation",low,,False
"Oximel","Oxymel","ciroppo di cinqucradici","sciroppo di cinque radici",SUBSTANCE,"synonym/variant",high,,False
"Oximel","Oxymel","mele","miele",SUBSTANCE,"ingredient",high,,False
"Oximel","Oxymel","Oxymde compoito","Oximel composto",SUBSTANCE,"variant",high,,False
"Oximel","Oxymel","Rad d'Endiuia","radice di indivia",PLANT,"ingredient",high,,False
"Oximel","Oxymel","d'Appio","appio",PLANT,"ingredient",high,,False
"Oximel","Oxymel","frefcuzènolo","prezzemolo",PLANT,"ingredient",high,,False
"cidra","Citron","arare","arare",PLANT,"synonym",high,,False
"cidra","Citron","aritiqui","aritiqui",PLANT,"synonym",high,,False
"cidra","Citron","anvale","anvale",PLANT,"synonym",high,,False
"cidra","Citron","emblicos","emblicos",PLANT,"synonym",high,580,True
"cidra","Citron","re
mpale","revalpala",PLANT,"synonym",high,,False
"cidra","Citron","gotim","gotim",PLANT,"synonym",high,704,True
"cidra","Citron","zanvale","zanvale",PLANT,"synonym",high,,False
"cidra","Citron","azfar","azfar",PLANT,"synonym",high,,False
"cidra","Citron","arare","arare",PLANT,"synonym",high,,False
"Hollande","Netherlands","Dutch Scurvy-Grass","Dutch Scurvy-Grass",PLANT,"synonym",high,,False
"agrimonia","Agrimony","falsa parrilha","falsa parrilha",PLANT,"ingredient",high,,False
"agrimonia","Agrimony","folhas de sene","folhas de sene",PLANT,"ingredient",high,51,True
"agrimonia","Agrimony","equiseto","equiseto",PLANT,"ingredient",high,,False
"agrimonia","Agrimony","mortem horum dolorumexpers fuerit","mortem horum dolorum expers fuerit",CONCEPT,"medical term",low,,False
"agrimonia","Agrimony","Tremores","Tremores",DISEASE,"medical condition",high,344,True
"agrimonia","Agrimony","chama rabode","chamarabode",PLANT,"synonym",low,,False
"cor","Cordial","Crocus metallorum","Crocus metallorum",SUBSTANCE,"synonym",high,,False
"cor","Cordial","açafrão","açafrão",SUBSTANCE,"comparison",high,,False
"cor","Cordial","Abro- tanumfemina","Abrotanum femina",PLANT,"ingredient",high,,False
"cor","Cordial","Veronica","Veronica",PLANT,"synonym",high,,False
"cor","Cordial","Acypreste","Acypreste",PLANT,"comparison",low,,False
"cor","Cordial","mel rosado","mel rosado",SUBSTANCE,"ingredient",high,167,True
"cor","Cordial","Caribes","Caribes",PERSON,"people group",high,,False
"cor","Cordial","canibale","canibale",PERSON,"people group",high,,False
"mace","Mace","noci mofcade","noce moscata",PLANT,"comparison",high,,False
"mace","Mace","Argherite bianche","Argyrite",SUBSTANCE,"ingredient",high,,False
"mace","Mace","zaffiro","sapphire",SUBSTANCE,"ingredient",high,,False
"mace","Mace","Hiacinto","hyacinth",SUBSTANCE,"ingredient",high,1177,True
"mace","Mace","corninole","cornelian",SUBSTANCE,"ingredient",high,,False
"mace","Mace","Granati","garnet",SUBSTANCE,"ingredient",high,,False
"mace","Mace","Smeraldi","emeralds",SUBSTANCE,"ingredient",high,,False
"mace","Mace","Zedoaria","zedoary",PLANT,"ingredient",high,103,True
"mace","Mace","Doronici","doronicum",PLANT,"ingredient",high,,False
"mace","Mace","ccderno","cedar",PLANT,"ingredient",high,,False
"mace","Mace","Seme di Bafsilico","basil seed",PLANT,"ingredient",high,,False
"mace","Mace","gariofilato","clove",PLANT,"ingredient",high,320;541,True
"mace","Mace","Coralli rofsi","red coral",SUBSTANCE,"ingredient",high,,False
"mace","Mace","Ambra gialla","ambergris",SUBSTANCE,"ingredient",high,466;383,True
"mace","Mace","Gherofani","cloves",PLANT,"ingredient",high,,False
"Appetite","Appetite","Diarhodon Abba","Diarhodon Abbatis",CONCEPT,"type of cordial powder",high,834,True
"Appetite","Appetite","Aromaticum Rosarum","Aromaticum Rosarum",CONCEPT,"type of cordial powder",high,764,True
"Appetite","Appetite","Red Rose Water","red rose water",SUBSTANCE,"related substance",high,81,True
"Appetite","Appetite","achar","achar",SUBSTANCE,"prepared form of fruit",high,,False
"Appetite","Appetite","ameixas verdes","green plums",PLANT,"ingredient",high,,False
"Appetite","Appetite","maçans","apples",PLANT,"ingredient",high,,False
"Appetite","Appetite","Gengivre","ginger",PLANT,"ingredient",high,362,True
"Appetite","Appetite","achar","achar",SUBSTANCE,"prepared form of ginger",high,,False
"Appetite","Appetite","anvale","anvale",PLANT,"food item",high,,False
"Appetite","Appetite","emblicos","emblic",PLANT,"food item",high,580,True
"Appetite","Appetite","çumagre","sumac",PLANT,"dye ingredient",high,,False
"oliveira","Olive tree","agalugem","agalugem",SUBSTANCE,"aromatic wood",high,,False
"oliveira","Olive tree","haud","oud",SUBSTANCE,"aromatic wood",high,,False
"oliveira","Olive tree","calambac","calambac",SUBSTANCE,"aromatic wood",high,,False
"oliveira","Olive tree","Sallet Oyl","salad oil",SUBSTANCE,"common name for olive oil",high,,False
"oliveira","Olive tree","Sallet Oyl","Sallet Oil",SUBSTANCE,"synonym for 'Olives' (pressed oil)",high,,False
"oliveira","Olive tree","Oyls","Oils",SUBSTANCE,"general category of which 'Olives' are a source",low,125,True
"oliveira","Olive tree","Simple Oyls","Simple Oils",SUBSTANCE,"category of oils",low,,False
"oliveira","Olive tree","Compound Oyls","Compound Oils",SUBSTANCE,"category of oils",low,,False
"bolo armenio","Armenian bole","paftinaca faluarica","wild parsnip",PLANT,"similar to 'Berberi'",medium,,False
"bolo armenio","Armenian bole","pififi","piffi",PLANT,"vernacular name for 'Berberi'",high,,False
"bolo armenio","Armenian bole","pififi<","piffi",PLANT,"vernacular name for 'Berberi'",high,,False
"bolo armenio","Armenian bole","ciani","ciani",PLANT,"vernacular name for 'Berberi'",high,,False
"bolo armenio","Armenian bole","Berberi","Berberi",PLANT,"synonym for 'crefpino'",high,100,True
"bolo armenio","Armenian bole","Crcfpino","Crespino",PLANT,"synonym for 'berberi volgare'",high,,False
"bolo armenio","Armenian bole","berberi volgare","common berberi",PLANT,"synonym for 'Crcfpino'",high,,False
"bolo armenio","Armenian bole","U^alo armeno","Armenian bole",SUBSTANCE,"listed alongside 'Bolo armeno'",high,95,False
"bolo armenio","Armenian bole","Bolo armeno","Armenian bole",SUBSTANCE,"synonym for 'Bolo armeno de irElbabiancOjgùlIo^ ó roffo'",high,95,False
"bolo armenio","Armenian bole","Bolo armeno de irElbabiancOjgùlIo^ ó roffo","Armenian bole of white, or red",SUBSTANCE,"synonym for 'Bolo armeno'",high,,False
"bolo armenio","Armenian bole","Calaxno odorato","fragrant calamus",PLANT,"synonym for 'Calamo aromatico'",high,,False
"bolo armenio","Armenian bole","Calamo aromatico","aromatic calamus",PLANT,"synonym for 'Calaxno odorato'",high,158,True
"pez","Pitch","lingoa de vacca","cow's tongue",PLANT,"vernacular name for 'pé' (in Avicena)",high,,False
"pez","Pitch","lingoa de pássaro","bird's tongue",PLANT,"vernacular name for 'pé' (in Avicena)",high,,False
"pez","Pitch","lingoa de cão","dog's tongue",PLANT,"vernacular name for 'pé' (in Avicena)",high,,False
"pez","Pitch","capillus peneris","Venus's hair",PLANT,"vernacular name for 'pé' (in Avicena)",high,,False
"pez","Pitch","Xatamaz","Xatamaz",PERSON,"title; 'king par excellence'",high,,False
"pez","Pitch","xá","shah",PERSON,"title; 'king by excellence'",high,,False
"pez","Pitch","rey","king",PERSON,"title; subordinate to 'xá'",high,,False
"pez","Pitch","rey de Ormuz","king of Hormuz",PERSON,"example of 'rey'",low,,False
"pez","Pitch","rey de Lara","king of Lara",PERSON,"example of 'rey'",low,,False
"pez","Pitch","honencar","honencar",PERSON,"title for the Turk",high,,False
"pez","Pitch","hon","hon",CONCEPT,"Persian word for 'lord'",low,,False
"pez","Pitch","xaismael","Ismail",PERSON,"referred to as 'xá'",high,,False
"pez","Pitch","xá","shah",PERSON,"title; 'king by excellence'",high,,False
"pez","Pitch","rey","king",PERSON,"title; subordinate to 'xá'",high,,False
"pez","Pitch","Zangue zmcui","Zangue zmcui",PERSON,"meaning 'Cafre or Ethiopian'",high,,False
"pez","Pitch","Cafre","Cafre",PERSON,"equivalent to 'Zangue zmcui'",high,,False
"pez","Pitch","Etio- pio","Ethiopian",PERSON,"equivalent to 'Zangue zmcui'",high,,False
"pez","Pitch","Zingue","Zingue",PLACE,"meaning 'land of the Cafres'",high,,False
"Berberi","Berberis","azzaruolo","azarole",PLANT,"similar leaves to 'berberi'",medium,,False
"Berberi","Berberis","berberi","berberi",PLANT,"synonym for 'crefpino'",high,100,False
"Berberi","Berberis","crefpino","crespino",PLANT,"vernacular name for 'berberi'",high,,False
"Berberi","Berberis","azzaruolo","azarole",PLANT,"similar leaves to 'berberi'",medium,,False
"Berberi","Berberis","berberi","berberi",PLANT,"synonym for 'crefpino'",high,100,False
"Berberi","Berberis","crefpino","crespino",PLANT,"vernacular name for 'berberi'",high,,False
"Berberi","Berberis","melagrano","pomegranate",PLANT,"similar growth habit to 'berberi'",medium,,False
"Berberi","Berberis","mofcade","nutmeg",SUBSTANCE,"listed alongside other spices",low,334,True
"Berberi","Berberis","Gherofani","Cloves",SUBSTANCE,"listed alongside other spices",low,,False
"Berberi","Berberis","corpobaifiino","corpobasino",SUBSTANCE,"listed alongside other substances",low,,False
"Berberi","Berberis","Bfen","Bfen",SUBSTANCE,"listed alongside other substances",low,,False
"Berberi","Berberis","Bccn","Bccn",SUBSTANCE,"listed alongside other substances",low,,False
"Berberi","Berberis","paftinaca faluarica","wild parsnip",PLANT,"similar to 'Berberi'",medium,,False
"Berberi","Berberis","pififi","piffi",PLANT,"vernacular name for 'Berberi'",high,,False
"Berberi","Berberis","pififi<","piffi",PLANT,"vernacular name for 'Berberi'",high,,False
"Berberi","Berberis","ciani","ciani",PLANT,"vernacular name for 'Berberi'",high,,False
"Berberi","Berberis","Berberi","Berberi",PLANT,"synonym for 'crefpino'",high,100,False
"Berberi","Berberis","Crcfpino","Crespino",PLANT,"synonym for 'berberi volgare'",high,,False
"Berberi","Berberis","berberi volgare","common berberi",PLANT,"synonym for 'Crcfpino'",high,,False
"Berberi","Berberis","U^alo armeno","Armenian bole",SUBSTANCE,"listed alongside 'Bolo armeno'",high,95,True
"Berberi","Berberis","Bolo armeno","Armenian bole",SUBSTANCE,"synonym for 'Bolo armeno de irElbabiancOjgùlIo^ ó roffo'",high,95,True
"Berberi","Berberis","Bolo armeno de irElbabiancOjgùlIo^ ó roffo","Armenian bole of white, or red",SUBSTANCE,"synonym for 'Bolo armeno'",high,,False
"Berberi","Berberis","Calaxno odorato","fragrant calamus",PLANT,"synonym for 'Calamo aromatico'",high,,False
"porcelana","Porcelain","bettonica","betony",PLANT,"mentioned for its juice",low,369,True
"porcelana","Porcelain","althea","althaea",PLANT,"mentioned for its roots",low,,False
"porcelana","Porcelain","Olio rofàto omphaci","rose oil of omphaci",SUBSTANCE,"listed ingredient",low,125,True
"porcelana","Porcelain","Agno callo","Agno callo",SUBSTANCE,"listed ingredient",low,,False
"porcelana","Porcelain","ROT- formd*","rot-form",CONCEPT,"part of a name for a preparation",low,,False
"porcelana","Porcelain","CAPITELLI","Capitelli",CONCEPT,"part of a name for a preparation",low,878,True
"porcelana","Porcelain","EROT- R1","Erot-r1",CONCEPT,"part of a name for a preparation",low,,False
"porcelana","Porcelain","CAPITELLO PRIMO","First Capitello",CONCEPT,"name of a chapter",low,878,True
"porcelana","Porcelain","Vctriuolo","Vitriol",SUBSTANCE,"listed ingredient",low,304;211,True
"Acacia","Acacia","gomma^","gum",SUBSTANCE,"produced by the plant",low,,False
"Acacia","Acacia","gommai Arabica","gum Arabic",SUBSTANCE,"believed to be the same as the gum from the plant",high,,False
"Acacia","Acacia","Sona","Sona",PLACE,"origin of gum seen in Venice",low,,False
"Acacia","Acacia","A loé","Aloe",PLANT,"mentioned alongside Acacia",high,384,True
"Naples","Naples","Soria","Syria",PLACE,"origin of a type of manna",high,431,True
"Devil","Devil","Guzarate","Gujarat",PLACE,"origin of merchants",high,,False
"Devil","Devil","Decam","Deccan",PLACE,"origin of merchants",high,,False
"Devil","Devil","rio Guanga","River Guanga",PLACE,"place where people wash",medium,,False
"Devil","Devil","santificados","sanctified",CONCEPT,"term used for the devil",high,,False
"Devil","Devil","mezinha","medicine",CONCEPT,"used in physics by Moors",low,8,True
"Devil","Devil","Maljaz","Maljaz",PLACE,"name of a pagoda",high,,False
"Balſamo","Balsam","Tolu","Tolu",PLACE,"region producing Balsamo",high,,False
"Balſamo","Balsam","Carthagena","Carthagena",PLACE,"bordering region to Tolu",high,,False
"Balſamo","Balsam","Nombre de Dios","Nombre de Dios",PLACE,"bordering region to Tolu",high,,False
"mercadores","Merchants","rey do Decam","King of the Deccan",PERSON,"mentioned by physicians",high,,False
"mercadores","Merchants","Arábia","Arabia",PLACE,"claimed origin of the substance",high,321,True
"mercadores","Merchants","índia","India",PLACE,"claimed origin of the substance",high,45,True
"mercadores","Merchants","amargo","bitter",CONCEPT,"descriptive term for corrupted substance",high,516,True
"mercadores","Merchants","doce","sweet",CONCEPT,"descriptive term for good substance",high,,False
"mercadores","Merchants","Arábia","Arabia",PLACE,"claimed origin of the substance",high,321,True
"mercadores","Merchants","índia","India",PLACE,"claimed origin of the substance",high,45,True
"mercadores","Merchants","Sina","China",PLACE,"claimed origin of the substance",high,27,True
"mercadores","Merchants","Baneanes","Baniyan",PERSON,"term used for merchants",high,,False
"mercadores","Merchants","turbit","Turbith",SUBSTANCE,"a medicine being sold",high,276;70,True
"mercadores","Merchants","deres","Deres",PERSON,"group of people cleaning",medium,,False
"mercadores","Merchants","arames","Aramaeans",PERSON,"synonym for deres",medium,,False
"mercadores","Merchants","coaris","Coaris",PERSON,"name for shop merchants",high,,False
"mercadores","Merchants","Cambaiete","Cambay",PLACE,"kingdom where coaris are called esparcis",high,,False
"mercadores","Merchants","esparcis","Esparcis",PERSON,"term used in Cambay for merchants",high,,False
"mercadores","Merchants","Judeus","Jews",PERSON,"Portuguese comparison for esparcis",high,,False
"mercadores","Merchants","Abogados","Lawyers",PERSON,"listed profession",low,,False
"mercadores","Merchants","Escribanos","Scribes",PERSON,"listed profession",low,,False
"mercadores","Merchants","Boticarios","Apothecaries",PERSON,"listed profession",low,151,True
"mercadores","Merchants","ffolarios","Scholars",PERSON,"listed profession",low,,False
"mercadores","Merchants","Sacrislancs","Sacristans",PERSON,"listed profession",low,,False
"mercadores","Merchants","Servienles dt Iglesia","Servants of the Church",PERSON,"listed profession",low,,False
"mercadores","Merchants","Minislros de Esciiehi","Ministers of the Church",PERSON,"listed profession",low,,False
"mercadores","Merchants","Mayorala","Mayorazgo",CONCEPT,"listed status",low,,False
"mercadores","Merchants","noble","noble",CONCEPT,"listed status",low,,False
"color","Color","Guayacan","Guayacan",PLANT,"compared to bark of",high,,False
"color","Color","Cachos","Cachos",PLANT,"named",high,,False
"color","Color","berengena","eggplant",PLANT,"fruit is like",high,,False
"color","Color","turmas","truffles",PLANT,"compared to",high,,False
"color","Color","almendra","almond",PLANT,"seed is like",high,,False
"color","Color","castanhas","chestnuts",PLANT,"called",high,460,True
"color","Color","Leucoma","Leucoma",PLANT,"called",high,,False
"color","Color","Alder-Tree","Alder-Tree",PLANT,"leaves are like",high,,False
"color","Color","Foemale Cornel","Foemale Cornel",PLANT,"leaves are like",high,,False
"color","Color","Dogberry-Tree","Dogberry-Tree",PLANT,"leaves are like",high,,False
"color","Color","Dog-wood","Dog-wood",PLANT,"called in Sussex",high,1091,True
"verde","Green","coquo","coconut",PLANT,"called",high,904,True
"verde","Green","elevi","elevi",PLANT,"Malabar name for green coconut",high,,False
"verde","Green","lanha","lanha",PLANT,"Goan name for green coconut",high,711,True
"verde","Green","cratfo","cratfo",PLANT,"when green",high,,False
"verde","Green","achar","achar",SUBSTANCE,"conserva de vinagre e sal",high,,False
"verde","Green","gengivre","ginger",PLANT,"called near us",high,362,True
"verde","Green","gim:{ibil","ginger",PLANT,"Arabian; Persian; and Turkish name for ginger",high,362,True
"verde","Green","adrac","adrac",PLANT,"Guzarate; Decani; and Bengali name for green ginger",high,,False
"verde","Green","sucte","sucte",PLANT,"Guzarate; Decani; and Bengali name for dry ginger",high,,False
"verde","Green","imgi","imgi",PLANT,"Malabar name for ginger (green and dry)",high,,False
"verde","Green","o/fá","o/fá",PLANT,"Malay name for ginger",high,,False
"verde","Green","espadana","sword lily",PLANT,"like a",high,582,True
"verde","Green","lirío espadanai","sword lily",PLANT,"like a",high,,False
"verde","Green","gim:{ibil","ginger",PLANT,"Arabian; Persian; and Turkish name for ginger",high,362,True
"verde","Green","adrac","adrac",PLANT,"Guzarate; Decani; and Bengali name for green ginger",high,,False
"verde","Green","sucte","sucte",PLANT,"Guzarate; Decani; and Bengali name for dry ginger",high,,False
"verde","Green","imgi","imgi",PLANT,"Malabar name for ginger (green and dry)",high,,False
"verde","Green","o/fá","o/fá",PLANT,"Malay name for ginger",high,,False
"verde","Green","espadana","sword lily",PLANT,"like a",high,582,True
"verde","Green","lirío espadanai","sword lily",PLANT,"like a",high,,False
"verde","Green","landes","landes",PLANT,"called in our land",high,,False
"verde","Green","esmeraldas","esmeralda",SUBSTANCE,"type of",high,,False
"verde","Green","esmeralda oriental","oriental emerald",SUBSTANCE,"type of",high,,False
"verde","Green","coryndon","corundum",SUBSTANCE,"type of",high,,False
"verde","Green","peitacas","peitacas",PLANT,"type of",low,,False
"verde","Green","Tenasmus","tenesmus",DISEASE,"disease called",high,844,True
"verde","Green","midolla","medulla",SUBSTANCE,"part of",high,741,True
"Forrests","Forest","radici foreftiere","foreign roots",PLANT,"type of",high,,False
"Europe","Europe","l'Atlantique","Atlantic",PLACE,"geographical region",high,301,True
"Europe","Europe","la grande mare","big pond",PLACE,"metaphorical name for",high,,False
"Pérou","Peru","Rio Grande","Rio Grande",PLACE,"part of",high,,False
"Pérou","Peru","Vermejo","Vermejo",PLACE,"part of",high,,False
"Pérou","Peru","Jujuy","Jujuy",PLACE,"part of",high,,False
"Pérou","Peru","Salta","Salta",PLACE,"part of",high,,False
"Pérou","Peru","Tucuman","Tucuman",PLACE,"part of",high,,False
"Pérou","Peru","Buenos-Ayres","Buenos Aires",PLACE,"state",high,,False
"Pérou","Peru","Haut-Pérou","Upper Peru",PLACE,"region",high,,False
"Pérou","Peru","Cordillère des Andes","Andes Mountains",PLACE,"mountain range",high,,False
"Pérou","Peru","Colombia","Colombia",PLACE,"country",high,,False
"Pérou","Peru","Vène zKcta","Venezuela",PLACE,"country",high,,False
"Pérou","Peru","Mexique","Mexico",PLACE,"country",high,312,True
"Pérou","Peru","Chili","Chile",PLACE,"country",high,390,True
"Pérou","Peru","Andes","Andes",PLACE,"mountain range",high,,False
"Pérou","Peru","quichua","Quechua",CONCEPT,"language",high,,False
"Pérou","Peru","Inca","Inca",PERSON,"historical figure",high,,False
"Pérou","Peru","Antis","Antis",PLACE,"people/region",low,,False
"Pérou","Peru","Ante","Ante",PLACE,"people/region",low,,False
"Pérou","Peru","cuivre","copper",SUBSTANCE,"metal",high,,False
"Pérou","Peru","métal","metal",SUBSTANCE,"general term",high,,False
"Pérou","Peru","antacuri","antacuri",SUBSTANCE,"type of",low,,False
"Pérou","Peru","puca anta","puca anta",SUBSTANCE,"type of",low,,False
"Pérou","Peru","Nueua Efpaña","New Spain",PLACE,"other region mentioned in proximity to Peru",high,,False
"Pérou","Peru","Mechoacan","Michoacán",PLACE,"region where a purgative is used; distinct from Peru",high,,False
"Pérou","Peru","Mexico","Mexico",PLACE,"region where a purgative is used; distinct from Peru",high,312,True
"Pérou","Peru","Írr","Indies",PLACE,"synonym for 'Indias'; also where the purgative is used",high,,False
"Pérou","Peru","Indias","Indies",PLACE,"region where a purgative is used; distinct from Peru",high,45,True
"Pérou","Peru","Cambaya","Cambay",PLACE,"region where aloe is found; distinct from Socotra",high,,False
"Pérou","Peru","Bengala","Bengal",PLACE,"region where aloe is found; distinct from Socotra",high,355,True
"Pérou","Peru","Çocotora","Socotra",PLACE,"island where highly praised aloe originates",high,624,True
"Pérou","Peru","aloes çocoloríno","Socotrine aloe",SUBSTANCE,"specific type of aloe originating from Socotra",high,,False
"Pérou","Peru","Turquia","Turkey",PLACE,"destination for trade of Socotrine aloe",high,176,True
"Pérou","Peru","Arabía","Arabia",PLACE,"destination for trade of Socotrine aloe",high,321,True
"Pérou","Peru","Europa","Europe",PLACE,"destination for trade of Socotrine aloe",high,117,True
"Pérou","Peru","Avicena","Avicenna",PERSON,"cited authority on medicine; associated with Persia and Arabia",high,19,True
"Pérou","Peru","Abolahi","Avicenna",PERSON,"Persian/Arabic name for Avicenna",high,19,True
"Pérou","Peru","Canum","Canon of Medicine",CONCEPT,"title of Avicenna's five books",high,,False
"Pérou","Peru","Rasis","Rhazes",PERSON,"cited authority on medicine; alongside Avicenna",high,395,True
"Pérou","Peru","Arábia","Arabia",PLACE,"region whose physicians use Avicenna",high,321,True
"Pérou","Peru","Turquia","Turkey",PLACE,"region whose physicians use Avicenna",high,176,True
"Pérou","Peru","Avicena","Avicenna",PERSON,"author whose original language is discussed in relation to Persia",high,19,True
"Pérou","Peru","Siria","Syria",PLACE,"region where Avicenna's original language is used",high,431,True
"Pérou","Peru","Mesopotâmia","Mesopotamia",PLACE,"region where Avicenna's original language is used",high,,False
"Pérou","Peru","Tartaria","Tartary",PLACE,"region where Avicenna was from; considered part of Persia",high,617,True
"Pérou","Peru","araby","Arabic",CONCEPT,"language of Avicenna and of Persia",high,,False
"Pérou","Peru","magaraby","Maghrebi Arabic",CONCEPT,"Arabic spoken by the Moors of the West",high,,False
"Pérou","Peru","XJzbeque","Uzbek",PLACE,"province considered part of Tartary; distinct from Persia",high,,False
"Pérou","Peru","Tartaria","Tartary",PLACE,"larger region containing XJzbeque; and possibly synonymous with a broader Persia",high,617,True
"Pérou","Peru","Moguoras","Moghuls",PERSON,"people who call Tartary by a certain name",high,,False
"Pérou","Peru","Andreas £elunensis","Andreas of Saint Victor",PERSON,"scholar who used a broader definition of Persia",high,,False
"Pérou","Peru","XJzbeque","Uzbek",PLACE,"province considered part of Tartary; distinct from Persia",high,,False
"Pérou","Peru","Tartaria","Tartary",PLACE,"larger region containing XJzbeque; and possibly synonymous with a broader Persia",high,617,True
"Pérou","Peru","Moguoras","Moghuls",PERSON,"people who call Tartary by a certain name",high,,False
"Pérou","Peru","Andreas £elunensis","Andreas of Saint Victor",PERSON,"scholar who used a broader definition of Persia",high,,False
"Pérou","Peru","Ormuz","Hormuz",PLACE,"city where merchants resided; from whom information about Buchara was obtained",high,351,True
"Pérou","Peru","Bochorá","Bukhara",PLACE,"city inquired about by merchants from Ormuz",high,777,True
"Pérou","Peru","Syria","Syria",PLACE,"region with written texts",high,431,True
"Pérou","Peru","Africa","Africa",PLACE,"region with a 'barbara' language",high,71,True
"Pérou","Peru","magaraby","Maghrebi Arabic",CONCEPT,"language of the Moors of Africa",high,,False
"Pérou","Peru","Algarves","Algarve",PLACE,"lands called by Moors of Persia and Arabia; located to the west",high,602,True
"Pérou","Peru","Algarby","Algarve",PLACE,"term used by Moors of Persia and Arabia for lands to the west",high,602,True
"Pérou","Peru","Portugal","Portugal",PLACE,"destination for travel; alongside Brazil and Turkey",high,54,True
"Pérou","Peru","Brasil","Brazil",PLACE,"destination for travel; alongside Portugal and Turkey",high,127,True
"Pérou","Peru","Turquia","Turkey",PLACE,"destination for travel; alongside Portugal and Brazil",high,176,True
"Pérou","Peru","Arábia","Arabia",PLACE,"destination for travel; alongside Portugal and Brazil",high,321,True
"Pérou","Peru","bangue","bangue",SUBSTANCE,"substance consumed before travel",high,,False
"Pérou","Peru","maju","maju",SUBSTANCE,"name given to the preparation of bangue",high,,False
"Pérou","Peru","Ganga","Ganges",PLACE,"river region",high,191,True
"Pérou","Peru","ameií-doado","ambergris",SUBSTANCE,"a type of benzoin from Siam",high,466;383,True
"Pérou","Peru","Siam","Siam",PLACE,"origin of ambergris",high,,False
"Pérou","Peru","benjuy","benzoin",SUBSTANCE,"resinous substance used in trade",high,,False
"Pérou","Peru","Arábia","Arabia",PLACE,"destination for benzoin trade",high,321,True
"Pérou","Peru","Turquia","Turkey",PLACE,"destination for benzoin trade",high,176,True
"Pérou","Peru","Judéa","Judea",PLACE,"region where benzoin is found in small quantities",high,,False
"Pérou","Peru","Palestina","Palestine",PLACE,"region where benzoin is found in small quantities",high,626,True
"Pérou","Peru","achar","achar",SUBSTANCE,"a type of pickled fruit preparation",high,,False
"Pérou","Peru","Arábia","Arabia",PLACE,"origin of goods",high,321,True
"Pérou","Peru","ameixas verdes","green plums",PLANT,"a type of fruit",high,,False
"Pérou","Peru","maçans","apples",PLANT,"a type of fruit",high,,False
"Pérou","Peru","talos de videira","vine shoots",PLANT,"a type of plant part",high,,False
"Pérou","Peru","silva","blackberry bramble",PLANT,"a type of plant",high,,False
"Pérou","Peru","alcaparras","capers",PLANT,"a type of plant part",high,937;603,True
"Pérou","Peru","Arábia","Arabia",PLACE,"destination for medicine and merchandise",high,321,True
"Pérou","Peru","Malavar","Malabar",PLACE,"region where medicine is abundant",high,133,True
"Pérou","Peru","Cananor","Kannur",PLACE,"city in Malabar",high,,False
"Pérou","Peru","Calecut","Kozhikode",PLACE,"city in Malabar",high,149,True
"Pérou","Peru","alad","alad",SUBSTANCE,"name for a root used as medicine",high,,False
"Pérou","Peru","calambac","calambac",SUBSTANCE,"a substance more valuable in Malacca",high,,False
"Pérou","Peru","Malaca","Malacca",PLACE,"location where calambac is valuable",high,325,True
"Pérou","Peru","Arábia","Arabia",PLACE,"destination for calambac",high,321,True
"Pérou","Peru","Turquia","Turkey",PLACE,"destination for calambac",high,176,True
"Pérou","Peru","guoma","gum",SUBSTANCE,"alternative classification for a substance",high,,False
"Pérou","Peru","resina","resin",SUBSTANCE,"alternative classification for a substance",high,,False
"Pérou","Peru","Ormuz","Hormuz",PLACE,"location where a preferred resin is used",high,351,True
"Pérou","Peru","Ormuz","Hormuz",PLACE,"a point from which goods arrive in Tartary",high,351,True
"Pérou","Peru","Tartaria","Tartary",PLACE,"region of origin for goods",high,617,True
"Pérou","Peru","China","China",PLACE,"origin of 'rapam chini'",high,27,True
"Pérou","Peru","Uzbeque","Uzbek",PLACE,"region of origin for goods",high,,False
"Pérou","Peru","rapam chini","rapam chini",SUBSTANCE,"a substance called 'rapam chini'",high,,False
"Pérou","Peru","ravam","ravam",SUBSTANCE,"a substance called 'ravam'",high,,False
"Pérou","Peru","Arábios","Arabs",PERSON,"people who use the word 'tabaxir'",high,123,True
"Pérou","Peru","Avicena","Avicenna",PERSON,"a physician who used the word 'tabaxir'",high,19,True
"Pérou","Peru","Espanha","Spain",PLACE,"location where common herbs grow",high,459,True
"Pérou","Peru","cachabar","cachabar",PLANT,"a common herb's name",high,,False
"Pérou","Peru","haxiscaçule","haxiscaçule",PLANT,"a name for an herb used for washing",high,,False
"Pérou","Peru","Mascate","Muscat",PLACE,"location associated with an herb",high,,False
"virtude occulta","Hidden virtue","hervapoligonum","polygonum herb",PLANT,"an herb used in a medicinal drink",high,,False
"virtude occulta","Hidden virtue","andorinha","swallow",PLANT,"vulgar name for hervapoligonum",high,,False
"virtude occulta","Hidden virtue","almorreymas","almorreymas",DISEASE,"a condition treated by hervapoligonum",high,308,True
"virtude occulta","Hidden virtue","hervapoligonum","polygonum herb",PLANT,"an herb used in a medicinal drink",high,,False
"virtude occulta","Hidden virtue","andorinha","swallow",PLANT,"vulgar name for hervapoligonum",high,,False
"virtude occulta","Hidden virtue","almorreymas","almorreymas",DISEASE,"a condition treated by hervapoligonum",high,308,True
"virtude occulta","Hidden virtue","equiceto","horsetail",PLANT,"an herb used for pain",high,708,True
"virtude occulta","Hidden virtue","cavallinha","cavallinha",PLANT,"vulgar name for equiceto",high,708,True
"virtude occulta","Hidden virtue","rabode cavallo","horsetail",PLANT,"vulgar name for equiceto",high,708,True
"virtude occulta","Hidden virtue","convolvulo","bindweed",PLANT,"an herb with hidden virtue",high,,False
"virtude occulta","Hidden virtue","trepadeyra","trepadeyra",PLANT,"common name for convolvulo",high,,False
"virtude occulta","Hidden virtue","verdezelha","verdezelha",PLANT,"common name for convolvulo",high,637,True
"virtude occulta","Hidden virtue","pao de Riñor nes","pao de Riñor nes",PLANT,"mentioned alongside knowledge of virtude occulta",low,,False
"virtude occulta","Hidden virtue","pimpinella","Pimpinella",PLANT,"used in a remedy for kidney stones; implying a virtude occulta",high,,False
"virtude occulta","Hidden virtue","cardo fanto","Cnicus benedictus",PLANT,"mixed with montez for a remedy; implying a virtude occulta",high,,False
"virtude occulta","Hidden virtue","papoulas","Papaver",PLANT,"mixed with montez for a remedy; implying a virtude occulta",high,453,True
"virtude occulta","Hidden virtue","pao de Riñor nes","pao de Riñor nes",PLANT,"mentioned alongside knowledge of virtude occulta",low,,False
"virtude occulta","Hidden virtue","pimpinella","Pimpinella",PLANT,"used in a remedy for kidney stones; implying a virtude occulta",high,,False
"virtude occulta","Hidden virtue","cardo fanto","Cnicus benedictus",PLANT,"mixed with montez for a remedy; implying a virtude occulta",high,,False
"virtude occulta","Hidden virtue","papoulas","Papaver",PLANT,"mixed with montez for a remedy; implying a virtude occulta",high,453,True
"virtude occulta","Hidden virtue","mordexi seco","mordexi seco",DISEASE,"a disease referred to by Indian physicians; a consequence of lost 'virtude'",high,,False
"virtude occulta","Hidden virtue","tembul","tembul",CONCEPT,"a name given by Moors; questioned by the author regarding its connection to scent",medium,,False
"virtude occulta","Hidden virtue","Effentia Auri","Essentia Auri",SUBSTANCE,"a name for saffron; sometimes prepared with gold",high,,False
"virtude occulta","Hidden virtue","Hepar Antimonij","Hepar Antimonii",SUBSTANCE,"a name for antimony; associated with its medicinal preparation",high,,False
"virtude occulta","Hidden virtue","Eſtibio","Stibium",SUBSTANCE,"a synonym for Antimonio; discussed for its qualities and virtues",high,,False
"virtude occulta","Hidden virtue","pòs de Quintilio","pós de Quintilio",SUBSTANCE,"a common name for prepared Antimonio/Estibio",high,,False
"Root","Root","TetterBerries","TetterBerries",PLANT,"a vernacular name for berries used against cankers",high,,False
"Root","Root","Bruscus","Bruscus",PLANT,"a Latin name for the plant whose roots are used",high,,False
"Root","Root","Kneeholly","Kneeholly",PLANT,"a vernacular name for the plant",high,,False
"Root","Root","Knecholm","Knecholm",PLANT,"a vernacular name for the plant",high,,False
"Root","Root","benjudeo","benjudeo",SUBSTANCE,"an older or corrupted name for benzoin",high,,False
"Root","Root","benjuy","benzoin",SUBSTANCE,"the current name for the substance; corrupted from benjudeo",high,,False
"Root","Root","alad","alad",PLANT,"the name for this root used by the Canarins",high,,False
"Root","Root","manjcde","manjcde",PLANT,"the name for this root used by the Malavars",high,,False
"Root","Root","cunhei","cunhei",PLANT,"the name for this root used by the Malayos",high,,False
"Root","Root","dariard","dariard",PLANT,"the name for this root used by the Persians; meaning 'yellow wood'",high,,False
"Root","Root","al-kurkum","al-kurkum",SUBSTANCE,"synonym for curcuma root",high,,False
"Root","Root","açafrão","saffron",SUBSTANCE,"synonym for al-kurkum",high,611,True
"Root","Root","ruscus","ruscus",PLANT,"synonym for mirtus silpestris",high,,False
"Root","Root","bruscus","bruscus",PLANT,"vernacular name for ruscus",high,,False
"Root","Root","firutiçe","firutiçe",PLANT,"descriptive term for bruscus",low,,False
"Root","Root","adrac","adrac",PLANT,"vernacular name for a plant when green",high,,False
"Root","Root","sucte","sucte",PLANT,"vernacular name for a plant when dry",high,,False
"Root","Root","imgi","imgi",PLANT,"vernacular name for a plant in Malabar",high,,False
"Root","Root","o/fá","ofa",PLANT,"Malay name for a plant",high,,False
"Root","Root","espadana","espadana",PLANT,"descriptive comparison for the plant",low,582,True
"Root","Root","lirío espadanai","lirío espadanai",PLANT,"descriptive comparison for the plant",low,,False
"Root","Root","quirpele","quirpele",PLANT,"alternative name for the plant",high,,False
"camaras","Choleric flux","hepaticas","hepaticas",DISEASE,"type of camaras related to the liver",high,52,True
"camaras","Choleric flux","rofas","roses",PLANT,"ingredient in a tincture",high,,False
"Arábios","Arab physicians","aloa","aloe",PLANT,"synonym for aloes",high,384,True
"Arábios","Arab physicians","cebar","cebar",PLANT,"Arab name for aloes",high,,False
"Arábios","Arab physicians","areá","area",PLANT,"name used by Guzarates and Decanins for aloes",high,,False
"Arábios","Arab physicians","calecomer","calecomer",PLANT,"name used by Ganarins for aloes",high,,False
"Arábios","Arab physicians","acibar","acibar",PLANT,"Castilian name for aloes",high,322,True
"Arábios","Arab physicians","ambar","ambergris",SUBSTANCE,"Arab name for ambergris",high,466;383,True
"Arábios","Arab physicians","ambarum","ambarum",SUBSTANCE,"Latin name for ambergris",high,,False
"Arábios","Arab physicians","balador","balador",SUBSTANCE,"Arab name for the substance",high,,False
"Arábios","Arab physicians","alcaçu","alcaçu",SUBSTANCE,"a substance discussed in relation to the known entity",high,,False
"Arábios","Arab physicians","çu","çu",SUBSTANCE,"Arabic name for alcaçu",high,,False
"Arábios","Arab physicians","robalçu","robalçu",SUBSTANCE,"Arabic name for boiled and reduced alcaçu",high,,False
"Arábios","Arab physicians","rabaçu","rabaçu",SUBSTANCE,"Castilian corruption of robalçu",high,,False
"Arábios","Arab physicians","rob","rob",SUBSTANCE,"Arabic term for a thickened juice; part of the compound name robalçu",medium,260,True
"Arábios","Arab physicians","anil","indigo",SUBSTANCE,"a substance referred to by different names",high,596,True
"Arábios","Arab physicians","gali","gali",SUBSTANCE,"name used in Guzarate for anil (indigo)",high,,False
"Arábios","Arab physicians","benjujr","benjoin",SUBSTANCE,"a substance discussed in relation to the known entity",high,,False
"Arábios","Arab physicians","caminhan","caminhan",SUBSTANCE,"name used by local inhabitants for benjujr",high,,False
"Arábios","Arab physicians","loucagaoy","loucagaoy",SUBSTANCE,"Moorish name for benjujr",high,,False
"Arábios","Arab physicians","lauan","lauan",SUBSTANCE,"Arabic name for incense",high,938,True
"Arábios","Arab physicians","udo","udo",SUBSTANCE,"Decanins and Guzarates name for incense",high,,False
"Arábios","Arab physicians","assabel diriri","assabel diriri",SUBSTANCE,"a name mentioned in relation to the known entity",high,,False
"Arábios","Arab physicians","cassab","cassab",SUBSTANCE,"a name that sounds similar to the known entity; meaning calamus",medium,,False
"Arábios","Arab physicians","calamo","calamus",SUBSTANCE,"a substance synonymous with cassab",high,158,True
"Arábios","Arab physicians","aldirira","aldirira",SUBSTANCE,"Arabic name for aromatics",high,,False
"Arábios","Arab physicians","dirire","dirire",SUBSTANCE,"a term meaning aroma",high,1161,True
"Arábios","Arab physicians","Capur","camphor",SUBSTANCE,"a substance discussed in relation to the known entity",high,937;474,True
"Arábios","Arab physicians","cafur","camphor",SUBSTANCE,"a substance discussed in relation to the known entity",high,474,True
"Arábios","Arab physicians","Cardamomo","cardamom",SUBSTANCE,"a substance discussed in relation to the known entity",high,382,True
"Arábios","Arab physicians","Carandas","carandas",PLANT,"a plant mentioned alongside cardamom",low,,False
"Arábios","Arab physicians","cardamomo dos Gregos","Greek cardamom",SUBSTANCE,"a variant of cardamom discussed",high,,False
"Arábios","Arab physicians","grana paradist","grains of paradise",SUBSTANCE,"a seed used as a smaller type of cardamom",high,,False
"Arábios","Arab physicians","cinamomo","cinnamon",SUBSTANCE,"a substance discussed in relation to the known entity",high,28,True
"Arábios","Arab physicians","cássia lignea","cassia lignea",SUBSTANCE,"name used by Arabs and Turks for a type of cinnamon",high,,False
"Arábios","Arab physicians","cá$$ia lignea","cassia lignea",SUBSTANCE,"a substance discussed in relation to the known entity",high,,False
"Arábios","Arab physicians","salihacha","salihacha",SUBSTANCE,"Arabic and Persian name for cassia lignea",high,,False
"Arábios","Arab physicians","cássia lignea","cassia lignea",PLANT,"synonym for term used by Arabs",high,,False
"Arábios","Arab physicians","salihacha","salihacha",PLANT,"synonym for term used by Arabs",high,,False
"Arábios","Arab physicians","canela","cinnamon",PLANT,"confused with cassia lignea in local nomenclature",high,28,True
"Arábios","Arab physicians","cinamomo","cinnamon",PLANT,"Greek and Latin name for the same plant",high,28,True
"Arábios","Arab physicians","quirfé","quirfe",PLANT,"Arab name for the same plant",high,,False
"Arábios","Arab physicians","quirfd","quirfid",PLANT,"Arab name for the same plant",high,,False
"Arábios","Arab physicians","darchini","darchini",PLANT,"Persian name for the same plant",high,,False
"Arábios","Arab physicians","cuurdo","cuurdo",PLANT,"name from Ceylon for the same plant",high,,False
"Arábios","Arab physicians","caismão","caismão",PLANT,"Malay name for the same plant",high,,False
"Arábios","Arab physicians","cameá","camea",PLANT,"Malavar name for the same plant",high,,False
"Arábios","Arab physicians","Zegir","Zegir",PLACE,"possibly the name for the land of the Chingualas",low,,False
"Arábios","Arab physicians","Chingualas","Chingualas",PERSON,"people from Ceylon",high,,False
"Arábios","Arab physicians","Zangues","Zangues",PERSON,"term used by Persians and Arabs for black people",high,,False
"Arábios","Arab physicians","maroj","maroj",PLANT,"name of the plant",high,656,True
"Arábios","Arab physicians","narel","narel",PLANT,"name of the fruit; common to Persians and Arabs",high,,False
"Arábios","Arab physicians","jcaiñalindi","jcaialindi",PLANT,"Avicenna's name for the plant; meaning 'nut of India'",high,,False
"Arábios","Arab physicians","ar alnare","ar alnare",PLANT,"Serapio and Rasis' name for the tree; meaning 'tree that gives coconuts'",high,,False
"Arábios","Arab physicians","colérica passio","choleric passion",DISEASE,"medical term for the condition",high,,False
"Arábios","Arab physicians","morxi","morxi",DISEASE,"Indian name for the condition",high,,False
"Arábios","Arab physicians","mordexi","mordexi",DISEASE,"corrupt local pronunciation of the condition's name",high,,False
"Arábios","Arab physicians","hachatã","hachata",DISEASE,"Arab name for the condition",high,,False
"Arábios","Arab physicians","saida","saida",DISEASE,"corrupt reading of the Arab name in Rasis",low,,False
"Arábios","Arab physicians","chamligiam","chamligiam",PLANT,"name used by Mauritans for galanga",high,,False
"Arábios","Arab physicians","galungem","galungem",PLANT,"name used by Mauritans for galanga",high,,False
"Arábios","Arab physicians","galanga","galanga",PLANT,"the plant being discussed",high,35,True
"Arábios","Arab physicians","gengivre","ginger",PLANT,"name used locally for ginger",high,362,True
"Arábios","Arab physicians","gim:{ibil","gimibil",PLANT,"Arab; Persian; and Turkish name for ginger",high,,False
"Arábios","Arab physicians","adrac","adrac",PLANT,"Guzarates; Decanins; and Bengallas name for green ginger",high,,False
"Arábios","Arab physicians","sucte","sucte",PLANT,"Guzarates; Decanins; and Bengallas name for dried ginger",high,,False
"Arábios","Arab physicians","lacre","lac",SUBSTANCE,"a substance being discussed",high,916;1012,True
"Arábios","Arab physicians","luc","luc",SUBSTANCE,"a name for lac; possibly found in older texts",low,808,True
"Arábios","Arab physicians","locsumutri","locsumutri",SUBSTANCE,"current Arab name for lac",high,,False
"Arábios","Arab physicians","carabe","carabe",SUBSTANCE,"a substance mistaken for lac",high,,False
"Arábios","Arab physicians","sangue de drago","dragon's blood",SUBSTANCE,"a substance not to be used as lac",high,784,True
"Arábios","Arab physicians","quermes","kermes",SUBSTANCE,"what Arabs call kermes; mistaken for lac",high,,False
"Arábios","Arab physicians","indico","indigo",SUBSTANCE,"a spice mentioned",high,704,True
"Arábios","Arab physicians","safico","safico",SUBSTANCE,"a spice from Safo",high,,False
"Arábios","Arab physicians","hispeon","hispeon",SUBSTANCE,"a spice mentioned",high,,False
"Arábios","Arab physicians","higron","higron",SUBSTANCE,"a spice mentioned",high,,False
"Arábios","Arab physicians","piperela","piperela",SUBSTANCE,"Arab name for a small red fruit; smaller than pepper",high,,False
"Arábios","Arab physicians","linaloes","linaloes",SUBSTANCE,"a substance not subject to putrefaction",high,,False
"Arábios","Arab physicians","MYRABOLANI","Myrabolani",SUBSTANCE,"mentioned in contrast to a known entity",high,,False
"Arábios","Arab physicians","Myrabolani","Myrabolani",SUBSTANCE,"a type of substance; possibly related to the known entity",high,,False
"Arábios","Arab physicians","noce vnguentaria","unguentary nut",SUBSTANCE,"Dioscorides' Myrabolani; possibly related to the known entity",high,,False
"Arábios","Arab physicians","Diofcoride","Dioscorides",PERSON,"mentioned as a source for a substance name",high,3,True
"Arábios","Arab physicians","beenj","behen",SUBSTANCE,"vernacular name for Dioscorides' Myrabolani",high,,False
"Arábios","Arab physicians","bitume","bitumen",SUBSTANCE,"mentioned as a comparative substance",high,457,True
"Arábios","Arab physicians","Mumia","Mummy",SUBSTANCE,"a substance mentioned in contrast to the known entity's use",high,675,True
"Arábios","Arab physicians","piflàsphalto","Pissasphalt",SUBSTANCE,"a mixture similar to bitumen",high,,False
"Arábios","Arab physicians","Tuzia","Tuzia",SUBSTANCE,"a substance mentioned in Arab recipes",high,,False
"Arábios","Arab physicians","pompholige","pompholix",SUBSTANCE,"a substance used in Arab recipes; equivalent to Tuzia",high,899,True
"Arábios","Arab physicians","cadmia della iorta","cadmia of the garden",SUBSTANCE,"a substance used in Greek recipes; equivalent to pompholige",high,,False
"Arábios","Arab physicians","VALERIANA","Valerian",PLANT,"a plant mentioned",high,207,True
"Arábios","Arab physicians","trocifci","trochisci",SUBSTANCE,"a form of medicine used by Greeks; equivalent to the known entity's 'Sìffi'",high,,False
"Arábios","Arab physicians","còlurii","collyria",SUBSTANCE,"a form of medicine used by Greeks; equivalent to the known entity's 'Sìffi'",high,,False
"Arábios","Arab physicians","Greci","Greeks",PERSON,"mentioned as a tradition of medicine",high,72,True
"olio","oil","olio di mandorle do/ci","sweet almond oil",SUBSTANCE,"a type of oil; mentioned as an example of a substance that spoils",high,403;125,False
"olio","oil","olio di mandorle","almond oil",SUBSTANCE,"a type of oil",high,,False
"olio","oil","di fefamo","sesame",SUBSTANCE,"a type of oil; likely sesame oil",high,1051,True
"olio","oil","Rhabarbaro","Rhubarb",PLANT,"an ingredient",high,141,True
"olio","oil","Seme di finocchio","fennel seed",PLANT,"an ingredient",high,353,True
"olio","oil","Ocymo","Ocimum",PLANT,"an ingredient",high,,False
"olio","oil","Menta fccca","dried mint",PLANT,"an ingredient",high,,False
"olio","oil","Origano di perfià","Persian oregano",PLANT,"an ingredient",high,,False
"olio","oil","Mirabolani","Myrabolani",SUBSTANCE,"an ingredient",high,,False
"olio","oil","bue","ox",ANIMAL,"source of fat for preparation",high,888,True
"olio","oil","olio di mandorle","almond oil",SUBSTANCE,"an ingredient",high,,False
"olio","oil","Mele","honey",SUBSTANCE,"an ingredient",high,140;957,True
"olio","oil","Viole","violets",PLANT,"an ingredient",high,,False
"olio","oil","Oppio","Opium",SUBSTANCE,"an ingredient",high,83;196,True
"olio","oil","OLIO VIOLATO","infused oil of violets",SUBSTANCE,"a type of oil",high,189,True
"olio","oil","olio roiato","infused oil",SUBSTANCE,"a type of oil; mentioned for comparison",high,,False
"olio","oil","olio d'yli ue","olive oil",SUBSTANCE,"a type of oil; used in comparison",high,,False
"olio","oil","man- dotle","almond",SUBSTANCE,"source of oil",high,,False
"olio","oil","difèfanaOjcS","sesame",SUBSTANCE,"source of oil",high,1051,True
"olio","oil","mammole","mallows",PLANT,"a type of violet used",high,,False
"olio","oil","OLIO VIOLATO","infused oil of violets",SUBSTANCE,"a type of oil",high,189,True
"olio","oil","olio roiato","infused oil",SUBSTANCE,"a type of oil; mentioned for comparison",high,,False
"olio","oil","olio d'yli ue","olive oil",SUBSTANCE,"a type of oil; used in comparison",high,,False
"olio","oil","man- dotle","almond",SUBSTANCE,"source of oil",high,,False
"olio","oil","difèfanaOjcS","sesame",SUBSTANCE,"source of oil",high,1051,True
"olio","oil","viole","violets",PLANT,"ingredient",high,,False
"olio","oil","mammole","mallows",PLANT,"a type of violet used",high,,False
"olio","oil","OLIO ROSATO","infused oil of roses",SUBSTANCE,"a type of oil",high,,False
"olio","oil","OLIO R O S A TO","infused oil of roses",SUBSTANCE,"a type of oil",high,,False
"olio","oil","Me","honey",SUBSTANCE,"an ingredient",high,546;140;957,True
"olio","oil","Meo","honey",SUBSTANCE,"an ingredient",high,140;957,True
"olio","oil","vliue acerbe","unripe olives",PLANT,"source of oil",high,,False
"olio","oil","olorofato","olio rosato",SUBSTANCE,"type of oil",high,,False
"olio","oil","OLIO DI CAMP","olio di campo",SUBSTANCE,"type of oil",high,,False
"olio","oil","OLIO D'ALCANNA","olio d'alcanna",SUBSTANCE,"type of oil",high,288,True
"olio","oil","olorofjto","olio rosato",SUBSTANCE,"type of oil",high,,False
"olio","oil","OJjiorofjto","olio rosato",SUBSTANCE,"type of oil",high,,False
"olio","oil","OLIO IRlNO","olio irino",SUBSTANCE,"type of oil",high,831,True
"olio","oil","QLIO NARDINO","olio nardino",SUBSTANCE,"type of oil",high,125,False
"olio","oil","oliolefamino","olio lefamino",SUBSTANCE,"type of oil",high,125,False
"olio","oil","OLIO D( STORACE","olio di storace",SUBSTANCE,"type of oil",high,125,False
"olio","oil","nar dino","nardino",SUBSTANCE,"type of oil",high,1031,True
"olio","oil","OLIO DI COSTO","olio di costo",SUBSTANCE,"type of oil",high,125,False
"olio","oil","OLIO DI PAVERl","olio di paveri",SUBSTANCE,"type of oil",high,125,False
"olio","oil","OLIO DI PAVERl","olio di paveri",SUBSTANCE,"type of oil",high,125,False
"olio","oil","OLIO DI SRMI DI Tap/iueriai","olio di semi di papaveri",SUBSTANCE,"type of oil",high,,False
"olio","oil","OLIO DI SRMI DI Tap/iueriai","olio di semi di papaveri",SUBSTANCE,"type of oil",high,,False
"olio","oil","OLIO DEL RICETTARIO","olio del ricettario",SUBSTANCE,"type of oil",high,,False
"olio","oil","OLIO DI SEMI Di gli altri fiori","olio di semi di fiori",SUBSTANCE,"type of oil",high,,False
"olio","oil","olorosàto","olio rosato",SUBSTANCE,"type of oil",high,,False
"olio","oil","olio di màdorle dol-","olio di mandorle dolci",SUBSTANCE,"type of oil",high,125,False
"olio","oil","Olio rofàto","olio rosato",SUBSTANCE,"type of oil",high,125,False
"olio","oil","O VERO ROT- formd* DF CAPITELLI","o vero rosmarino capotillo",SUBSTANCE,"synonym or related preparation",medium,,False
"olio","oil","Thyrargyro d'argento","Thyrargyrum argenti",SUBSTANCE,"related to oil",high,,False
"olio","oil","olio vecchio","old oil",SUBSTANCE,"variant of oil",high,125,False
"olio","oil","AcetobuonodiI hi^ccà","good vinegar",SUBSTANCE,"related to oil",medium,,False
"olio","oil","olio comune","common oil",SUBSTANCE,"variant of oil",high,125,False
"olio","oil","Oleum Iri∣num","Oleum irinum",SUBSTANCE,"called oil",high,831,True
"olio","oil","great broad Flag Flower-de-luce","Iris pseudacorus",PLANT,"source of Oleum irinum",high,,False
"olio","oil","great Bulbous blue Flower-de-luce","Iris x germanica",PLANT,"alternative source of Oleum irinum",medium,,False
"olio","oil","Oyl of Spike","Oil of spike",SUBSTANCE,"called oil",high,,False
"olio","oil","Diarhodon Abhatis","Diarhodon Abhatis",SUBSTANCE,"powder called",high,834,True
"olio","oil","Aromatica Rosa∣rum","Aromatica rosarum",SUBSTANCE,"powder called",high,764,True
"olio","oil","Oyntment","Ointment",SUBSTANCE,"related to oil of roses",medium,143,True
"olio","oil","tembul","tembul",PLANT,"called by Moors",high,,False
"olio","oil","olio pêra o unguento","oil for ointment",SUBSTANCE,"derived from plant",high,,False
"olio","oil","Piss-a-beds","Piss-a-beds",PLANT,"vulgar name for Dandelion",high,,False
"olio","oil","Oyntments","Ointments",SUBSTANCE,"kept with oils",medium,,False
"olio","oil","Plaisters","Plaisters",SUBSTANCE,"kept with oils",medium,,False
"olio","oil","Syrup","Syrup",SUBSTANCE,"kept with oils",medium,315,True
"Brésil","Brazil","capitainerie brésilienne","Brazilian captaincy",PLACE,"related to Brazil",high,,False
"Brésil","Brazil","Brazil","Brazilwood",SUBSTANCE,"compared to red sandalwood",high,127,False
"Brésil","Brazil","Bicho","Bicho",DISEASE,"called by natives in Brazil",high,,False
"Urine","urine","Ashen Keys","Ash keys",PLANT,"commonly called husks",high,,False
"Urine","urine","Urin","Urine",SUBSTANCE,"provoked by substance",high,128,False
"Wounds","wounds","Bloody Flux","bloody flux",DISEASE,"mentioned alongside Wounds",high,48,True
"Wounds","wounds","Tenasmus","tenasmus",DISEASE,"called another disease",high,844,True
"Wounds","wounds","DANDELYON","dandelion",PLANT,"vulgar name for a plant",high,,False
"Wounds","wounds","Piss-a-beds","piss-a-beds",PLANT,"vulgar name for DANDELYON",high,,False
"Wounds","wounds","chagas","chagas",DISEASE,"mentioned alongside feridas",high,,False
"Wounds","wounds","achaques exteriores","exterior ailments",DISEASE,"mentioned alongside feridas and chagas",high,,False
"Wine","wine","the shingles","shingles",DISEASE,"mentioned alongside sores and scabs",high,,False
"Wine","wine","the Sciatica","sciatica",DISEASE,"called the Hip-gout",high,52,True
"Guyane","Guiana","Tapoyranas","Tapoyranas",PERSON,"people of Guyane",high,,False
"Guyane","Guiana","Solkeeks","Solkeeks",PERSON,"people of Haute-Louisiane",high,,False
"Guyane","Guiana","Indios","Indios",PERSON,"people of Cumana",high,,False
"Malabar","Malabar Coast","Canará","Canara",PLACE,"region near Malabar",high,221,True
"Malabar","Malabar Coast","Gate","ghat",PLACE,"natural name for a mountain range near Malabar",high,865,True
"Malabar","Malabar Coast","maratha","Maratha",CONCEPT,"language in which 'ghat' means mountain pass",high,,False
"Malabar","Malabar Coast","cinamomo","cinnamon",SUBSTANCE,"Greek and Latin name for cinnamon",high,28,True
"Malabar","Malabar Coast","quirfé","qirfa",SUBSTANCE,"Arabic name for cinnamon",high,,False
"Malabar","Malabar Coast","quirfd","qirfa",SUBSTANCE,"Arabic name for cinnamon",high,,False
"Malabar","Malabar Coast","darchini","darchini",SUBSTANCE,"Persian name for cinnamon",high,,False
"Malabar","Malabar Coast","cuurdo","kurdu",SUBSTANCE,"name for cinnamon in Ceylon",high,,False
"Malabar","Malabar Coast","caismão","kajam",SUBSTANCE,"name for cinnamon in Malay",high,,False
"Malabar","Malabar Coast","cameá","kamea",SUBSTANCE,"name for cinnamon in Malabar",high,,False
"Malabar","Malabar Coast","arvore da China","tree of China",PLANT,"description of the origin of darchini",high,,False
"Malabar","Malabar Coast","Zangues","Zangues",PERSON,"people called by Persians and Arabs",high,,False
"Malabar","Malabar Coast","Zegir","Zegir",PLACE,"derived name from the shallows between the coast and Ceylon",low,,False
"Malabar","Malabar Coast","alad","alad",SUBSTANCE,"Canarin name for a root",high,,False
"Malabar","Malabar Coast","manjcde","manjcde",SUBSTANCE,"Malabar name for a root",high,,False
"Malabar","Malabar Coast","chiviquilengas","chiviquilengas",SUBSTANCE,"Malabar name for certain white grains",high,,False
"Malabar","Malabar Coast","jnhames","yams",PLANT,"small yams; referring to the white grains",high,,False
"Malabar","Malabar Coast","naire","Nair",PERSON,"title for a master in Malabar",high,,False
"Malabar","Malabar Coast","piluane","piluane",PERSON,"title for a master in the Deccan",high,,False
"Malabar","Malabar Coast","faufel","faufel",SUBSTANCE,"name for a substance in Dofar and Xael; Arabia",high,,False
"Malabar","Malabar Coast","pac","pac",SUBSTANCE,"Malabar name for areca",high,,False
"Malabar","Malabar Coast","areca","areca",SUBSTANCE,"name for a substance by the Naires",high,,False
"Malabar","Malabar Coast","Naires","Nairs",PERSON,"knights",high,,False
"Malabar","Malabar Coast","lac","lac",SUBSTANCE,"name for a substance in the native tongue of Bengal; Balagate; and Malabar",high,916;1012,True
"Malabar","Malabar Coast","negundo","negundo",PLANT,"common name for a tree",high,,False
"Malabar","Malabar Coast","sambali","sambali",PLANT,"name for a tree in Balagate",high,,False
"Malabar","Malabar Coast","noche","noche",PLANT,"Malavar name for a tree",high,,False
"Malabar","Malabar Coast","beire","beire",SUBSTANCE,"Malavar name",high,,False
"Malabar","Malabar Coast","pam","pam",SUBSTANCE,"name in Decani; Gujarat; and Canara",high,648,True
"Malabar","Malabar Coast","ciri","ciri",SUBSTANCE,"name in Malaio",high,,False
"Malabar","Malabar Coast","Jblium indum","Ilium Indum",CONCEPT,"possible classical name for the substance",low,,False
"espiritos","Vital spirits","Oyl of Spike","Oil of Spike",SUBSTANCE,"chemical oil drawn from Lavender",high,,False
"espiritos","Vital spirits","Oyl of Spike","oil of spike",SUBSTANCE,"synonym for Chimical Oyl drawn from Lavender",high,,False
"espiritos","Vital spirits","Sugar of Roses","sugar of roses",SUBSTANCE,"synonym for dry Conserve",high,,False
"Eyes","Eyes","Chelidonium","chelidonium",PLANT,"name of an herb; derived from Greek word for swallow",high,940,True
"Eyes","Eyes","Polipus","polypus",DISEASE,"a stinking sore in the nose",high,464,True
"Eyes","Eyes","St. Antho-nies Fire","St. Anthony's Fire",DISEASE,"a type of break-out on the skin",high,,False
"colica","Colic","Mordexim","mordexim",SUBSTANCE,"called by the Panditos & naturals of the land",high,,False
"Trinidad","Trinidad","Terre Ferme","Terre Ferme",PLACE,"the mainland coast",high,,False
"Trinidad","Trinidad","Trinidad de Cuba","Trinidad de Cuba",PLACE,"a specific location named Trinidad",high,138,False
"Trinidad","Trinidad","Cabo Cruz","Cabo Cruz",PLACE,"a geographical landmark",high,,False
"Quito","Quito","Nouvelle-Grenade","New Granada",PLACE,"a viceroyalty",high,,False
"Quito","Quito","Cundinamarca","Cundinamarca",PLACE,"part of the New Granada viceroyalty",high,,False
"Quito","Quito","Maracayljo","Maracayljo",PLACE,"a province",high,,False
"Quito","Quito","Varlnas","Varlnas",PLACE,"a province",high,,False
"Quito","Quito","Guyane","Guiana",PLACE,"a territory",high,132,True
"mel","Honey","Cardanilho","Safflower",PLANT,"synonym for verdete",high,,False
"mel","Honey","Kings Evil","Scrofula",DISEASE,"common name for a condition",high,,False
"mel","Honey","Opium","Opium",SUBSTANCE,"condensate of plant sap",high,83;196,True
"Ruybarbo","Rhubarb","uvas decao","Grape of the dog",PLANT,"vernacular name for cumode ensaio menor",high,,False
"Ruybarbo","Rhubarb","ruybarbo de las In- y, ¿e 19 dias","Rhubarb of the Indies",PLANT,"synonym for Ruybarbo",high,,False
"Ruybarbo","Rhubarb","Mechoacan","Mechoacan",PLANT,"alternative name for Ruybarbo",high,,False
"Ruybarbo","Rhubarb","rapam chini","Chinese turnip",PLANT,"synonym for rapam",high,,False
"Ruybarbo","Rhubarb","rapam","Turnip",PLANT,"vernacular name",high,605,True
"coraçao","Heart","a^ar","Bezoar",SUBSTANCE,"Persian name for a type of stone",high,215,True
"lombrigas","Worms","mal de Buuas","mal de Buuas",DISEASE,"type of disease",high,,False
"lombrigas","Worms","llagas viejas","old sores",DISEASE,"type of sore",high,144,False
"lombrigas","Worms","malades","illnesses",DISEASE,"general term for ailments",high,,False
"lombrigas","Worms","Tf lores delas juncturas","joint afflictions",DISEASE,"type of affliction",high,,False
"lombrigas","Worms","gota artherica","arthritic gout",DISEASE,"type of gout",high,147,True
"lombrigas","Worms","gora","gout",DISEASE,"type of gout",high,147,True
"lombrigas","Worms","landes","landes",PLANT,"synonym for bolotas de sovereiro",high,,False
"Gout","Gout","Sciatica","sciatica",DISEASE,"called Hip-gout",high,52,True
"Gout","Gout","Sciatica","sciatica",DISEASE,"related to hot gout",high,52,True
"Gout","Gout","Kings Evil","scrofula",DISEASE,"called Kernels or Knots in the Neck or Throat",high,,False
"Gout","Gout","Sciatica","sciatica",DISEASE,"synonym for Hip-gout",high,52,True
"Gout","Gout","mal de Buuas","mal de Buuas",DISEASE,"type of disease",high,,False
"Gout","Gout","llagas viejas","old sores",DISEASE,"type of sore",high,144,True
"Gout","Gout","uFccrds","uFccrds",DISEASE,"general term for ailments",high,,False
"Gout","Gout","desháterofódone anribuos","desháterofódone anribuos",DISEASE,"type of affliction",high,,False
"Gout","Gout","Tf lores delas juncturas","joint afflictions",DISEASE,"type of affliction",high,,False
"Gout","Gout","gota artherica","arthritic gout",DISEASE,"type of gout",high,147,False
"Gout","Gout","gora","gout",DISEASE,"type of gout",high,147,False
"Gout","Gout","sciati ca","sciatica",DISEASE,"specific type of gout",high,52,True
"Gout","Gout","GotaCoral","GotaCoral",DISEASE,"also known as Enmorbum caducum",high,,False
"Gout","Gout","Enmorbum caducum","Enmorbum caducum",DISEASE,"also known as GotaCoral",high,,False
"cap.","Chapter reference","Nevimaterni","Nevimaterni",CONCEPT,"called by Doctors for children born with marks",high,,False
"cap.","Chapter reference","Maculematerna","Maculematerna",CONCEPT,"called by Doctors for children born with marks",high,,False
"cap.","Chapter reference","Torturada boca","Torturada boca",DISEASE,"vulgar name for paralysis of the mouth and face",high,,False
"cap.","Chapter reference","Torturada boca","Torturada boca",DISEASE,"vulgar name for paralysis of the mouth and face",high,,False
"cap.","Chapter reference","Parleſia da boca","paralysis of the mouth",DISEASE,"a type of",high,,False
"cap.","Chapter reference","Torturada boca","twisted mouth",DISEASE,"vulgar name for",high,,False
"cap.","Chapter reference","Parleſia do ſæſó","paralysis of the buttocks",DISEASE,"a type of",high,,False
"cap.","Chapter reference","Convulſao","convulsion",DISEASE,"a type of",high,313,True
"cap.","Chapter reference","Eſpaſmo","spasm",DISEASE,"a type of",high,,False
"cap.","Chapter reference","Tremor","tremor",DISEASE,"a type of",high,344;1067,True
"cap.","Chapter reference","Apoplexia","apoplexy",DISEASE,"a type of",high,306,True
"cap.","Chapter reference","Torturada boca","twisted mouth",DISEASE,"vulgar name for",high,,False
"cap.","Chapter reference","Parleſia do ſæſó","paralysis of the buttocks",DISEASE,"a type of",high,,False
"cap.","Chapter reference","Convulſao","convulsion",DISEASE,"a type of",high,313,True
"cap.","Chapter reference","Eſpaſmo","spasm",DISEASE,"a type of",high,,False
"cap.","Chapter reference","Tremor","tremor",DISEASE,"a type of",high,344;1067,True
"cap.","Chapter reference","Apoplexia","apoplexy",DISEASE,"a type of",high,306,True
"cap.","Chapter reference","eſtillicidios fuffocativos","suffocative effusions",DISEASE,"a type of",high,,False
"cap.","Chapter reference","paicam","paicam",PLANT,"synonym for",low,,False
"cap.","Chapter reference","cassab aldirira","cassab aldirira",SUBSTANCE,"synonym for",low,,False
"cap.","Chapter reference","Serapiam","Serapiam",PERSON,"an authority cited as",high,59,True
"cap.","Chapter reference","assabel diriri","assabel diriri",SUBSTANCE,"synonym for",low,,False
"cap.","Chapter reference","Avicena","Avicenna",PERSON,"an authority cited as",high,19,True
"cap.","Chapter reference","Averrhoa Coram- bola","Averrhoa carambola",PLANT,"a plant possibly referred to as",high,,False
"cap.","Chapter reference","carambola","carambola",PLANT,"vulgar name for",high,,False
"cap.","Chapter reference","kamctranga","kamrang",PLANT,"a plant possibly referred to as",high,,False
"cap.","Chapter reference","Serapio","Serapio",PERSON,"an authority cited as",high,59,True
"cap.","Chapter reference","Avicena","Avicenna",PERSON,"an authority cited as",high,19,True
"cap.","Chapter reference","Rasis","Rhazes",PERSON,"also called",high,395,True
"cap.","Chapter reference","Benácarta","Ben carta",PERSON,"a name for",high,,False
"cap.","Chapter reference","Mesue","Mesue",PERSON,"also called",high,,False
"cap.","Chapter reference","Menxus","Menxus",PERSON,"a name for",high,,False
"cap.","Chapter reference","coquo","coquo",PLANT,"also called",high,,False
"cap.","Chapter reference","Avicemia","Avicenna",PERSON,"an authority cited as",high,19,True
"cap.","Chapter reference","geauñialindi","geauñialindi",PLANT,"a name for",low,,False
"cap.","Chapter reference","erva chulem","erva chulem",PLANT,"also called",high,,False
"cap.","Chapter reference","esquinanto","esquinanto",PLANT,"synonym for",low,,False
"cap.","Chapter reference","Avicena","Avicenna",PERSON,"an authority cited as",high,19,True
"cap.","Chapter reference","Serapio","Serapio",PERSON,"an authority cited as",high,59,True
"cap.","Chapter reference","Aviçena","Avicenna",PERSON,"an authority cited as",high,19,True
"cap.","Chapter reference","ali","alif",CONCEPT,"a name for",high,,False
"cap.","Chapter reference","ali","alif",CONCEPT,"a name for",high,,False
"cap.","Chapter reference","H**","H**",CONCEPT,"a name for",high,,False
"cap.","Chapter reference","H**","H**",CONCEPT,"a name for",high,,False
"cap.","Chapter reference","xilaloes","xilaloes",SUBSTANCE,"a substance synonym for",medium,525,True
"cap.","Chapter reference","linaloes","linaloes",SUBSTANCE,"a substance synonym for",medium,,False
"cap.","Chapter reference","alma","alma",SUBSTANCE,"synonym",high,,False
"cap.","Chapter reference","iraa","iraa",SUBSTANCE,"synonym",high,,False
"cap.","Chapter reference","itam","itam",SUBSTANCE,"synonym",high,,False
"Calicut","Kozhikode","alad","alad",PLANT,"synonym",high,,False
"Calicut","Kozhikode","asi","asi",PLANT,"synonym",high,,False
"Calicut","Kozhikode","manjcde","manjcde",PLANT,"synonym",high,,False
"Calicut","Kozhikode","cunhei","cunhei",PLANT,"synonym",high,,False
"Calicut","Kozhikode","dariard","dariard",PLANT,"synonym",high,,False
"Calicut","Kozhikode","checani","checani",SUBSTANCE,"synonym",high,,False
"Santiago de Cuba","Santiago de Cuba","Juana","Juana",PLACE,"alternative name",high,,False
"Santiago de Cuba","Santiago de Cuba","Fernandinu","Fernandinu",PLACE,"alternative name",high,,False
"Santiago de Cuba","Santiago de Cuba","Isia de Santiago","Isia de Santiago",PLACE,"alternative name",high,,False
"Santiago de Cuba","Santiago de Cuba","Isla del Ave Maria","Isla del Ave Maria",PLACE,"alternative name",high,,False
"Boticarios","Apothecary","Litargirio","Litharge",SUBSTANCE,"synonym",high,201,True
"Boticarios","Apothecary","Litargirio","Litharge",SUBSTANCE,"synonym",high,201,True
"Boticarios","Apothecary","Abogados","Abogados",PERSON,"associated profession",low,,False
"Boticarios","Apothecary","Escribanos","Escribanos",PERSON,"associated profession",low,,False
"Boticarios","Apothecary","ifedicos","ifedicos",PERSON,"associated profession",low,,False
"Boticarios","Apothecary","ffolarios","ffolarios",PERSON,"associated profession",low,,False
"Boticarios","Apothecary","Sacrislancs y Servienles dt Iglesia","Sacrislancs y Servienles dt Iglesia",PERSON,"associated profession",low,,False
"Boticarios","Apothecary","Minislros de Esciiehi","Minislros de Esciiehi",PERSON,"associated profession",low,,False
"Boticarios","Apothecary","Mayorala","Mayorala",PERSON,"associated profession",low,,False
"Boticarios","Apothecary","Mercadorcs","Mercadorcs",PERSON,"associated profession",low,111,True
"Boticarios","Apothecary","gandis","gandis",PERSON,"synonym",high,,False
"Boticarios","Apothecary","tatnalapatra","tatnalapatra",SUBSTANCE,"synonym",high,,False
"Boticarios","Apothecary","guandis","guandis",PERSON,"synonym for boticairos da índia",high,,False
"Boticarios","Apothecary","guandis","guandis",PERSON,"synonym for boticairos da índia",high,,False
"Arte","Art of Medicine","Diofconde","Diophantus",PERSON,"mentioned in context of mathematics/geometry",medium,3,True
"Arte","Art of Medicine","Sifone","Siphon",CONCEPT,"mentioned in context of mathematics/geometry",medium,,False
"Arte","Art of Medicine","Stratiot^ dcH'acquCt","Stratiotes of water",PLANT,"mentioned in context of remedies",low,,False
"Arte","Art of Medicine","Taraflàcon","Taraxacon",PLANT,"mentioned in context of remedies",low,,False
"Arte","Art of Medicine","Terra famia","Terra sigillata",SUBSTANCE,"mentioned in context of remedies",medium,11,True
"Arte","Art of Medicine","Trementina","Turpentine",SUBSTANCE,"mentioned in context of remedies",high,259,True
"Arte","Art of Medicine","MEDICI","Physicians",PERSON,"part of the university of physicians",high,,False
"Arte","Art of Medicine","SPEZIALI","Apothecaries",PERSON,"part of the university of apothecaries",high,,False
"Arte","Art of Medicine","Città di Firenze","Florence",PLACE,"location of the university",high,77,True
"Arte","Art of Medicine","CONDITI","Condiments",CONCEPT,"category of recipes",high,,False
"Arte","Art of Medicine","CONFERVE","Preserves",CONCEPT,"category of recipes",high,1093,True
"Arte","Art of Medicine","ZucCHERO","Sugar",SUBSTANCE,"mentioned in context of recipes",high,322;319,True
"Arte","Art of Medicine","MESSVE","Mete",PERSON,"source of ingredients",low,,False
"Arte","Art of Medicine","Appio","Appius",PERSON,"mentioned in context of physicians/authors",medium,,False
"Arte","Art of Medicine","Galeno","Galen",PERSON,"mentioned as source for herb",high,1,True
"Arte","Art of Medicine","CONFEZIONE D'AS- fetida","Confection of Asafoetida",SUBSTANCE,"a type of purgative confection",high,,False
"Arte","Art of Medicine","S Sa fetida","Asafoetida",SUBSTANCE,"ingredient",high,,False
"Arte","Art of Medicine","EciPE aloe fucTO","Extract of Aloe Juice",SUBSTANCE,"ingredient",high,,False
"Arte","Art of Medicine","Oppio Zafl-eiano","Opium of Safian",SUBSTANCE,"ingredient",high,,False
"Arte","Art of Medicine","Myrrha","Myrrh",SUBSTANCE,"ingredient",high,489;671,True
"Arte","Art of Medicine","Calioro","Calon",SUBSTANCE,"ingredient",low,,False
"Arte","Art of Medicine","Nardo indica","Indian Spikenard",PLANT,"ingredient",high,,False
"Arte","Art of Medicine","Terra figillata","Terra sigillata",SUBSTANCE,"ingredient",high,11,True
"Arte","Art of Medicine","Scorzcdimàdrag","Scorched Mandragora",PLANT,"ingredient",high,,False
"hortela","Mint","RainhadeUngria","Hungary Water",SUBSTANCE,"remedy",high,,False
"hortela","Mint","alfavacadecobra","Snake Basil",PLANT,"ingredient in remedy",high,382,True
"hortela","Mint","hervadoce","Hyssop",PLANT,"ingredient in remedy",high,26;346,True
"hortela","Mint","Butua","Butua",PLANT,"source of root",high,,False
"hortela","Mint","Parreyra brava","Pareira brava",PLANT,"common name for Butua root",high,,False
"hortela","Mint","alfavaca","Basil",PLANT,"ingredient in remedy",high,382,True
"hortela","Mint","macella","Marrubium",PLANT,"ingredient in remedy",high,389,True
"hortela","Mint","palhas alhas","garlic stalks",PLANT,"ingredient in remedy",low,,False
"hortela","Mint","cominhos","Cumin",PLANT,"ingredient in remedy",high,468,True
"hortela","Mint","oleode arruda","Rue oil",SUBSTANCE,"ingredient in remedy",high,304,True
"hortela","Mint","hierapicia","Hiera picra",SUBSTANCE,"ingredient in remedy",high,428,True
"hortela","Mint","pò de caſtoreo","Castoreum powder",SUBSTANCE,"ingredient in remedy",high,,False
"Coral","Coral","GotaCoral","Gout Coral",DISEASE,"a type of gout",high,,False
"calamo aromático","Acorus Calamus","mj^rra","myrrh",SUBSTANCE,"comparison for smell",high,489;671,True
"calamo aromático","Acorus Calamus","aloés","aloes",SUBSTANCE,"comparison for smell",high,384,True
"calamo aromático","Acorus Calamus","espique","spikenard",SUBSTANCE,"comparison for smell",high,186,True
"calamo aromático","Acorus Calamus","mj^rra","myrrh",SUBSTANCE,"comparison for smell",high,489;671,True
"calamo aromático","Acorus Calamus","aloés","aloes",SUBSTANCE,"comparison for smell",high,384,True
"calamo aromático","Acorus Calamus","espique","spikenard",SUBSTANCE,"comparison for smell",high,186,True
"calamo aromático","Acorus Calamus","ruibarbo","rhubarb",PLANT,"mentioned as a purgative",high,141,True
"calamo aromático","Acorus Calamus","cassab","cassia",SUBSTANCE,"synonym for calamo",high,548,True
"calamo aromático","Acorus Calamus","aldirira","alder",PLANT,"aromatic",low,,False
"calamo aromático","Acorus Calamus","arata","arata",SUBSTANCE,"name for a medicine",high,898,True
"calamo aromático","Acorus Calamus","calamo yngoentarío","calamus indetarius",PLANT,"synonym for calamo",high,,False
"calamo aromático","Acorus Calamus","calamo arábio","calamus arabicus",PLANT,"synonym for calamo",high,,False
"calamo aromático","Acorus Calamus","calamo alexandrino","calamus alexandrinus",PLANT,"synonym for calamo",high,,False
"calamo aromático","Acorus Calamus","Acoro","Acorus",PLANT,"genus of calamo aromatico",high,158,False
"calamo aromático","Acorus Calamus","berberi","barberry",PLANT,"volgare",high,100,True
"calamo aromático","Acorus Calamus","Valo armeno","Armenian bole",SUBSTANCE,"mentioned with calamo aromatico",high,95,True
"calamo aromático","Acorus Calamus","Bolo armeno","Armenian bole",SUBSTANCE,"mentioned with calamo aromatico",high,95,True
"calamo aromático","Acorus Calamus","Calaxno odorato","sweet flag",PLANT,"synonym for calamo aromatico",high,,False
"calamo aromático","Acorus Calamus","Ordamomode","cardamom",SUBSTANCE,"Grecian name for cardamom",high,382,True
"calamo aromático","Acorus Calamus","Cardamomo","cardamom",SUBSTANCE,"vernacular name",high,382,True
"calamo aromático","Acorus Calamus","Cinnamomo","cinnamon",SUBSTANCE,"ingredient",high,28,True
"calamo aromático","Acorus Calamus","Nardo indica","Indian spikenard",SUBSTANCE,"ingredient",high,,False
"calamo aromático","Acorus Calamus","Zafferano","saffron",SUBSTANCE,"ingredient",high,611,True
"calamo aromático","Acorus Calamus","Gengiouo","ginger",SUBSTANCE,"ingredient",high,362,True
"calamo aromático","Acorus Calamus","pepe lungo","long pepper",SUBSTANCE,"ingredient",high,462,True
"calamo aromático","Acorus Calamus","Pepe nero","black pepper",SUBSTANCE,"ingredient",high,,False
"calamo aromático","Acorus Calamus","Muko","mugo",PLANT,"ingredient",high,400,True
"calamo aromático","Acorus Calamus","DIAGAL ANCA","Galangal",SUBSTANCE,"ingredient",high,35,True
"calamo aromático","Acorus Calamus","Alanga","Galangal",SUBSTANCE,"ingredient",high,35,True
"calamo aromático","Acorus Calamus","Gherotani","Elecampane",PLANT,"ingredient",high,,False
"calamo aromático","Acorus Calamus","Levistico","lovage",PLANT,"ingredient",high,,False
"calamo aromático","Acorus Calamus","Gengiouo","ginger",SUBSTANCE,"ingredient",high,362,True
"calamo aromático","Acorus Calamus","Pepe lungo","long pepper",SUBSTANCE,"ingredient",high,462,True
"calamo aromático","Acorus Calamus","Pepe lungo","long pepper",SUBSTANCE,"ingredient",high,462,True
"calamo aromático","Acorus Calamus","Cinnamomo","cinnamon",SUBSTANCE,"ingredient",high,28,True
"calamo aromático","Acorus Calamus","Ca lamento","calamus",SUBSTANCE,"ingredient",high,158,False
"calamo aromático","Acorus Calamus","Menta fecca","dried mint",PLANT,"ingredient",high,,False
"calamo aromático","Acorus Calamus","Cardamomo","cardamom",SUBSTANCE,"ingredient",high,382,True
"calamo aromático","Acorus Calamus","Nardo indica","Indian spikenard",SUBSTANCE,"ingredient",high,,False
"calamo aromático","Acorus Calamus","Seme d'Appio","celery seed",PLANT,"ingredient",high,353,True
"calamo aromático","Acorus Calamus","Scordeo","garlic",PLANT,"mentioned",high,452,True
"calamo aromático","Acorus Calamus","esquinanto","squinanth",PLANT,"alternative name",high,,False
"calamo aromático","Acorus Calamus","junco odorato","sweet flag",PLANT,"synonym for calamo",high,158,False
"calamo aromático","Acorus Calamus","junco redondo","round rush",PLANT,"synonym for calamo",high,,False
"calamo aromático","Acorus Calamus","Spodio","spodium",SUBSTANCE,"known entity",high,588,True
"calamo aromático","Acorus Calamus","Tabaxir","tabashir",SUBSTANCE,"synonym for Spodio",high,248;33,True
"calamo aromático","Acorus Calamus","SQVINANTHO","squinanth",PLANT,"flower of junco odorato",high,,False
"calamo aromático","Acorus Calamus","giunco odorato","sweet flag",PLANT,"known entity",high,158,False
"Summer","Summer season","Brakes","Brakes",PLANT,"synonym for Female Fern",high,,False
"Summer","Summer season","Brakes","Brakes",PLANT,"synonym for Female Fern",high,,False
"Decoction","Decoction","Kings evil","King's Evil",DISEASE,"called for Kernels by the Ears and Throat",high,,False
"Decoction","Decoction","Sciatica","Sciatica",DISEASE,"called for the Hip-gout",high,52,True
"Decoction","Decoction","Oleum Iri∣num","Oleum Iri∣num",SUBSTANCE,"called oil made of the great",high,,False
"Decoction","Decoction","legno faUaparigìia","legno faUaparigìia",SUBSTANCE,"part of decotti",medium,,False
"Decoction","Decoction","legno fanto","legno fanto",SUBSTANCE,"part of decotto",medium,,False
"Decoction","Decoction","mordexi seco","mordexi seco",DISEASE,"chamam os físicos indianos",high,,False
"Decoction","Decoction","vinho de cozimento de cominhos","vinho de cozimento de cominhos",SUBSTANCE,"used for fomentation",high,,False
"Decoction","Decoction","olio nardino","olio nardino",SUBSTANCE,"applied over",high,125,True
"Decoction","Decoction","almecega","almecega",SUBSTANCE,"applied over",high,358,True
"epithimo","Cuscuta epithymum","Pillole di Lapis","Pillole di Lapis",SUBSTANCE,"variant",high,,False
"epithimo","Cuscuta epithymum","Lapis","Lapis",SUBSTANCE,"component of",high,,False
"epithimo","Cuscuta epithymum","Uzzoli","Uzzoli",SUBSTANCE,"component of",high,,False
"epithimo","Cuscuta epithymum","Polypodio","Polypodium",PLANT,"synonym",high,179,True
"epithimo","Cuscuta epithymum","Gherofani","Cloves",PLANT,"component of",high,,False
"epithimo","Cuscuta epithymum","Anici","Anise",PLANT,"component of",high,1249;410,True
"epithimo","Cuscuta epithymum","hicra picra","Hiera picra",SUBSTANCE,"component of",high,428,True
"epithimo","Cuscuta epithymum","Scamonea","Scammony",PLANT,"component of",high,229,True
"epithimo","Cuscuta epithymum","Helleboro nero","Black hellebore",PLANT,"component of",high,156,True
"epithimo","Cuscuta epithymum","Sale indoj","Indian salt",SUBSTANCE,"component of",high,,False
"epithimo","Cuscuta epithymum","zucchero candì","Candied sugar",SUBSTANCE,"component of",high,322,True
"epithimo","Cuscuta epithymum","Agarico eletto","Elect Agaric",SUBSTANCE,"component of",high,,False
"epithimo","Cuscuta epithymum","Cartamo fcorticato","Peeled Safflower",PLANT,"alternative ingredient",high,,False
"epithimo","Cuscuta epithymum","elleba ro nero","Black hellebore",PLANT,"alternative ingredient",high,156,True
"epithimo","Cuscuta epithymum","polipodio","Polypodium",PLANT,"synonym",high,179,True
"Bombaim","Bombay","fructo da Eugenia","Fruit of Eugenia",PLANT,"related plant",high,,False
"Bombaim","Bombay","Jambolana","Jambolan",PLANT,"synonym",high,,False
"Bombaim","Bombay","arvore da familia das Mjrrtacea","Tree of the Myrtaceae family",PLANT,"family of",high,,False
"Bombaim","Bombay","djamán","Djamán",PLANT,"vernacular name for",high,,False
"Bombaim","Bombay","átjam","Jambolan",PLANT,"vernacular name for",high,,False
"Bombaim","Bombay","balãa","Bala",PLANT,"possible variant of",low,,False
"Bombaim","Bombay","Jaca","Jackfruit",PLANT,"related plant",high,,False
"Bombaim","Bombay","jaggam","Jaggam",PLANT,"vernacular name for",high,,False
"Bombaim","Bombay","jangoma","Jangoma",PLANT,"vernacular name for",high,,False
"Bombaim","Bombay","çupari","Chupari",PLANT,"vernacular name for",high,,False
"Bombaim","Bombay","Baçaim","Bassein",PLACE,"region near",high,,False
"Bombaim","Bombay","Decam","Deccan",PLACE,"region",high,,False
"banho","Therapeutic Bath","trintabichosde conta","Trinta bichos de conta",ANIMAL,"synonym for",high,,False
"banho","Therapeutic Bath","Afelli","Asselli",ANIMAL,"synonym for",high,,False
"banho","Therapeutic Bath","Millepedes","Millepedes",ANIMAL,"synonym for",high,,False
"banho","Therapeutic Bath","palhas alhas","White garlic",PLANT,"component of",high,,False
"banho","Therapeutic Bath","alfavacade cobra","Cobra's basil",PLANT,"component of",high,382,True
"banho","Therapeutic Bath","rabãos","Radishes",PLANT,"component of",high,586,True
"banho","Therapeutic Bath","bagas de loureyro","Bay laurel berries",PLANT,"component of",high,,False
"cozimento","Cooking","Ulmeiro","Elm",PLANT,"synonym for",high,1022,True
"cozimento","Cooking","Choupo","Poplar",PLANT,"synonym for",high,,False
"cozimento","Cooking","Salgueiro","Willow",PLANT,"synonym for",high,,False
"cozimento","Cooking","pa","Tree bark",PLANT,"part of",high,524,True
"cozimento","Cooking","huixiore","Broth",SUBSTANCE,"derived from",high,314,True
"cozimento","Cooking","legnici","Legumes",PLANT,"example of",high,,False
"cozimento","Cooking","bagno Marie","Bain-marie",CONCEPT,"method of cooking",high,230,True
"cozimento","Cooking","latine","Latin",CONCEPT,"language",high,,False
"cozimento","Cooking","fiori","Flowers",PLANT,"ingredient",high,55,True
"cozimento","Cooking","frutti","Fruits",PLANT,"ingredient",high,31,True
"cozimento","Cooking","giulebbo","Julep",SUBSTANCE,"syrup for",high,,False
"Serpents","Serpent","Kernels of the Throat","Kernels of the Throat",DISEASE,"condition treated by the application",high,,False
"Serpents","Serpent","Kings evil","scrofula",DISEASE,"synonym for Kernels of the Throat",high,,False
"Serpents","Serpent","Hogs greas","lard",SUBSTANCE,"ingredient in a preparation",high,,False
"Serpents","Serpent","salted Lard","salted lard",SUBSTANCE,"ingredient in a preparation",high,,False
"Serpents","Serpent","quil","quil",ANIMAL,"creature present on the island",high,,False
"Serpents","Serpent","quirpele","quirpele",ANIMAL,"alternative name for quil",high,,False
"alimentos","Food","Canela","cinnamon",SUBSTANCE,"spice found in the province",high,28,True
"alimentos","Food","Cu","Cusco",PLACE,"province name",medium,,False
"euforbio","Euphorbium","sevadiilha","spurge",PLANT,"source of powder for sternutatories",high,,False
"euforbio","Euphorbium","laureola","laureola",PLANT,"source of powder for sternutatories",high,,False
"euforbio","Euphorbium","oriola","oriola",PLANT,"vulgar name for laureola",high,,False
"euforbio","Euphorbium","Nardo indica","Indian spikenard",SUBSTANCE,"ingredient",high,,False
"euforbio","Euphorbium","Pepe b;anco","white pepper",SUBSTANCE,"ingredient",high,,False
"euforbio","Euphorbium","Seme di hyotcp^no","hyoscyamus seed",PLANT,"ingredient",high,,False
"euforbio","Euphorbium","Oppio","opium",SUBSTANCE,"ingredient",high,83;196,True
"euforbio","Euphorbium","Caftprq leardo","castoreum",SUBSTANCE,"ingredient",high,368,True
"euforbio","Euphorbium","Harmel","Harmal",PLANT,"ingredient",high,,False
"euforbio","Euphorbium","Alo?","Aloes",PLANT,"ingredient",high,384,True
"euforbio","Euphorbium","EpJthymo","Epithymum",PLANT,"ingredient",high,,False
"euforbio","Euphorbium","Flermodattili","Hermodactyli",SUBSTANCE,"ingredient",high,,False
"euforbio","Euphorbium","Radici a'eiulaJ»","roots of aeiulaJ»",PLANT,"ingredient",low,,False
"euforbio","Euphorbium","Scamonea","scammony",PLANT,"ingredient",high,229,True
"euforbio","Euphorbium","Turbithi","turbith",SUBSTANCE,"ingredient",high,276;70,True
"euforbio","Euphorbium","Cinnamomo","cinnamon",SUBSTANCE,"ingredient",high,28,True
"euforbio","Euphorbium","Zafferano","saffron",SUBSTANCE,"ingredient",high,611,True
"euforbio","Euphorbium","Caitoro","castor",SUBSTANCE,"ingredient",high,,False
"euforbio","Euphorbium","Gengiouo","ginger",SUBSTANCE,"ingredient",high,362,True
"euforbio","Euphorbium","sugo di porri","leek juice",SUBSTANCE,"solvent",high,,False
"euforbio","Euphorbium","sugo di finoccKi|","fennel juice",SUBSTANCE,"solvent",high,,False
"euforbio","Euphorbium","alerò","aloes",PLANT,"part of a preparation",high,384,True
"entranhas","Entrails","alquitira","alquitira",SUBSTANCE,"ingredient",high,457,True
"entranhas","Entrails","urtigas bravas","wild nettles",PLANT,"ingredient",high,,False
"entranhas","Entrails","folhasde enfayao","enfayao leaves",PLANT,"ingredient",high,,False
"entranhas","Entrails","bolíade pastor","shepherd's purse",PLANT,"ingredient",high,,False
"entranhas","Entrails","agua ferrada","ironed water",SUBSTANCE,"preparation",high,17,True
"entranhas","Entrails","bicho","bicho",DISEASE,"illness referred to by natives of Brazil",high,,False
"Azedos","Sour","doce","sweet",CONCEPT,"one of the three flavors",high,,False
"Azedos","Sour","amarguo","bitter",CONCEPT,"one of the three flavors",high,516,True
"Azedos","Sour","canje","congee",SUBSTANCE,"what they call rice water",high,756,True
"Azedos","Sour","saborks","sabores",CONCEPT,"flavors",high,,False
"Azedos","Sour","doce","sweet",CONCEPT,"flavor",high,,False
"Azedos","Sour","amargo","bitter",CONCEPT,"flavor",high,516,True
"Azedos","Sour","amargozo","bitter",CONCEPT,"flavor",high,,False
"memoria","Memory","A","A",CONCEPT,"introduced by 'A'",low,,False
"memoria","Memory","memoriadicitur","memoria dicitur",CONCEPT,"what is said about memory",low,,False
"memoria","Memory","thesouro","tesouro",CONCEPT,"treasure",high,,False
"Mathiolus","Pietro Andrea Mattioli","Milleto","Millet",PLANT,"a plant",high,,False
"Mathiolus","Pietro Andrea Mattioli","Lignam Sanctae Crucis","Lignum Sanctae Crucis",PLANT,"what they called it",high,,False
"Mathiolus","Pietro Andrea Mattioli","Hiernia Carnosa","Hernia Carnosa",DISEASE,"disease called",high,726,True
"Mathiolus","Pietro Andrea Mattioli","Rupture","Rupture",DISEASE,"synonym for Hernia Carnosa",high,,False
"latinos","Latin Authors","Âmbar","Ambar",SUBSTANCE,"what the Arabs call ambergris",high,383,True
"latinos","Latin Authors","ambarum","ambarum",SUBSTANCE,"what the Latins call ambergris",high,,False
"latinos","Latin Authors","cinamomo","cinnamon",SUBSTANCE,"what the Greeks and Latins call cinnamon",high,28,True
"latinos","Latin Authors","quirfé","quirfe",SUBSTANCE,"what the Arabs call cinnamon",high,,False
"latinos","Latin Authors","quirfd","quirfid",SUBSTANCE,"what the Arabs call cinnamon",high,,False
"latinos","Latin Authors","darchini","darchini",SUBSTANCE,"what the Persians call cinnamon",high,,False
"latinos","Latin Authors","cuurdo","curdo",SUBSTANCE,"what the people of Ceylon call cinnamon",high,,False
"latinos","Latin Authors","caismão","caismão",SUBSTANCE,"what the Malays call cinnamon",high,,False
"latinos","Latin Authors","cameá","cameá",SUBSTANCE,"what the Malabar call cinnamon",high,,False
"latinos","Latin Authors","espique","spike",PLANT,"name of the plant in its native lands",high,,False
"latinos","Latin Authors","Cardiaca","Cardiaca",PLANT,"what the Latins called it",high,1094,True
"latinos","Latin Authors","Motherwort","Motherwort",PLANT,"what we call it",high,,False
"latinos","Latin Authors","trochifci","trochisci",CONCEPT,"what the Greeks call them",high,,False
"latinos","Latin Authors","pafttlli","pastilli",CONCEPT,"what the Latins call them",high,565,True
"Turquia","Turkey","aloés çocoloríno","aloes succotrina",SUBSTANCE,"type of the known entity's commodity",high,384,True
"Turquia","Turkey","Pérsia","Persia",PLACE,"destination for commodity",high,109;118,True
"Turquia","Turkey","Arabía","Arabia",PLACE,"destination for commodity",high,321,True
"Turquia","Turkey","Pérsia","Persia",PLACE,"region where physicians use this medicine",high,109;118,True
"Turquia","Turkey","Arábia","Arabia",PLACE,"region where physicians use this medicine",high,321,True
"Turquia","Turkey","Avicena","Avicenna",PERSON,"physician from Persia; Arabia; or Turkey",high,19,True
"Turquia","Turkey","Abolahi","Avicenna",PERSON,"Arabic name for Avicena",high,19,True
"Turquia","Turkey","Canum","Canon of Medicine",CONCEPT,"title of Avicena's books",high,,False
"Turquia","Turkey","Rasis","Rhazes",PERSON,"physician from Persia; Arabia; or Turkey",high,395,True
"Turquia","Turkey","Benzacaria","Rhazes",PERSON,"Arabic name for Rasis",high,395,True
"Turquia","Turkey","Portugal","Portugal",PLACE,"destination for travel",high,54,True
"Turquia","Turkey","Brasil","Brazil",PLACE,"destination for travel",high,127,True
"Turquia","Turkey","Arábia","Arabia",PLACE,"destination for travel",high,321,True
"Turquia","Turkey","Pérsia","Persia",PLACE,"destination for travel",high,109;118,True
"Turquia","Turkey","bangue","bhang",SUBSTANCE,"consumed before travel",high,,False
"Turquia","Turkey","Ganga","Ganges",PLACE,"synonym for India",high,191,True
"Turquia","Turkey","ameií-doado","benzoin",SUBSTANCE,"type of benjuy",high,,False
"Turquia","Turkey","Siam","Siam",PLACE,"origin of benjuy",high,,False
"Turquia","Turkey","Arábia","Arabia",PLACE,"destination for benjuy",high,321,True
"Turquia","Turkey","Pérsia","Persia",PLACE,"destination for benjuy",high,109;118,True
"Turquia","Turkey","Judéa","Judea",PLACE,"location with some benjuy",high,,False
"Turquia","Turkey","Palestina","Palestine",PLACE,"location with some benjuy",high,626,True
"Turquia","Turkey","Galeno","Galen",PERSON,"referenced physician",high,1,True
"Turquia","Turkey","Plinio","Pliny",PERSON,"referenced author",high,25,True
"Turquia","Turkey","Dioscorides","Dioscorides",PERSON,"referenced physician",high,3,True
"Turquia","Turkey","Avicena","Avicenna",PERSON,"referenced physician",high,19,True
"Turquia","Turkey","Serapiam","Serapion",PERSON,"referenced physician",high,59,True
"Turquia","Turkey","Rasis","Rhazes",PERSON,"referenced physician",high,395,True
"Turquia","Turkey","licium","licium",SUBSTANCE,"alternative name for the known entity",high,,False
"Turquia","Turkey","Licia","Lycia",PLACE,"province of Turkey; where licium was found",high,,False
"Turquia","Turkey","hacdadh","licium",SUBSTANCE,"Arabic name for licium",high,,False
"Polipodio","Polypody","elleba","hellebore",PLANT,"ingredient in purgative medicine",high,,False
"Polipodio","Polypody","epitimo","epithyme",PLANT,"ingredient in purgative medicine",high,162,True
"Polipodio","Polypody","Mefite","Mephitis",SUBSTANCE,"ingredient in pills",high,,False
"Polipodio","Polypody","Mellcboro","hellebore",PLANT,"ingredient in pills",high,,False
"Polipodio","Polypody","Epithymo","epithyme",PLANT,"ingredient in pills",high,162,True
"Polipodio","Polypody","Agarico","agaric",SUBSTANCE,"ingredient in pills",high,65,True
"Polipodio","Polypody","Colocynthida","colocynth",PLANT,"ingredient in pills",high,507,True
"Polipodio","Polypody","Sale indo","sugar candy",SUBSTANCE,"ingredient in pills",high,,False
"Polipodio","Polypody","Sugod'iBupatQ","Sugo di Bupalo",SUBSTANCE,"ingredient in pills",high,,False
"Polipodio","Polypody","Nardo","nard",SUBSTANCE,"ingredient in pills",high,640,True
"Polipodio","Polypody","Lapis Uzzoli","Lapis lazuli",SUBSTANCE,"ingredient in pills",high,,False
"Polipodio","Polypody","Epithymo","epithyme",PLANT,"ingredient in pills",high,162,True
"Polipodio","Polypody","Gherofani","cloves",SUBSTANCE,"ingredient in pills",high,,False
"Polipodio","Polypody","Anici","anise",PLANT,"ingredient in pills",high,1249;410,True
"Polipodio","Polypody","hicra picra","hieropicra",SUBSTANCE,"ingredient in pills",high,,False
"Polipodio","Polypody","Scamonea","scammony",SUBSTANCE,"ingredient in pills",high,229,True
"Polipodio","Polypody","Helleboro","hellebore",PLANT,"ingredient in pills",high,,False
"Polipodio","Polypody","SaleindojCioé","sugar candy",SUBSTANCE,"ingredient in pills",high,,False
"Polipodio","Polypody","zucchero candì","sugar candy",SUBSTANCE,"ingredient in pills",high,322,True
"Polipodio","Polypody","Agarico","agaric",SUBSTANCE,"ingredient in pills",high,65,True
"Polipodio","Polypody","Sugo d'cndiuia","Sugo d'endivia",SUBSTANCE,"ingredient in pills",high,,False
"Polipodio","Polypody","Apis Armeno'","Armenian bole",SUBSTANCE,"ingredient in pills",high,95,True
"Polipodio","Polypody","hiera picra","hieropicra",SUBSTANCE,"ingredient in pills",high,428,True
"Polipodio","Polypody","Epthymo","epithyme",PLANT,"ingredient in pills",high,,False
"Polipodio","Polypody","Scamonea","scammony",SUBSTANCE,"ingredient in pills",high,229,True
"Polipodio","Polypody","Gherofani","cloves",SUBSTANCE,"ingredient in pills",high,,False
"Polipodio","Polypody","òaie indo","sugar candy",SUBSTANCE,"ingredient in pills",high,,False
"Polipodio","Polypody","zucchero can- dì","sugar candy",SUBSTANCE,"ingredient in pills",high,,False
"Polipodio","Polypody","Sugodi Soìatrocj","Sugo di Solatro",SUBSTANCE,"ingredient in pills",high,,False
"Conserve","conserves","Cardiaca","cardiaca",PLANT,"Latin name for the herb",high,1094,True
"Conserve","conserves","Electuary of Roses","electuary of roses",SUBSTANCE,"a type of composition made from red roses",high,,False
"Conserve","conserves","Sugar of Roses","sugar of roses",SUBSTANCE,"another name for dry conserve",high,,False
"Conserve","conserves","Syrup of dryed Roses","syrup of dried roses",SUBSTANCE,"a composition made from red roses",high,,False
"Conserve","conserves","Hȯney of Roses","honey of roses",SUBSTANCE,"a composition made from red roses",high,,False
"Conserve","conserves","Diarhodon Abhatis","Diarhodon Abhatis",SUBSTANCE,"a cordial powder",high,834,True
"Conserve","conserves","Sugar of Roses","sugar of roses",SUBSTANCE,"another name for dry conserve",high,,False
"Conserve","conserves","achar","achar",SUBSTANCE,"a term for conserve of vinegar and salt",high,,False
"Conserve","conserves","achar","achar",SUBSTANCE,"a term for conserve of vinegar and salt",high,,False
"Conserve","conserves","achar","achar",SUBSTANCE,"a term for conserve of vinegar and salt",high,,False
"Conserve","conserves","achar","achar",SUBSTANCE,"a term for conserve of ginger",high,,False
"Conserve","conserves","erva chulem","erva chulem",PLANT,"a plant that some call esquentar",medium,,False
"Conserve","conserves","esquentar","esquentar",PLANT,"a name for erva chulem",medium,,False
"Conserve","conserves","achar","achar",SUBSTANCE,"a term for conserve of vinegar",high,,False
"Conserve","conserves","achar","achar",SUBSTANCE,"a term for conserve of vinegar",high,,False
"Conserve","conserves","achar","achar",SUBSTANCE,"a term for conserve of vinegar",high,,False
"palo","stick","Guayacan","Guayacan",PLANT,"synonym",high,,False
"palo","stick","Petrofellino","parsley",PLANT,"synonym",high,666,True
"palo","stick","prezzemolo di","parsley",PLANT,"synonym",high,666,True
"palo","stick","Sparagi","Asparagus",PLANT,"alternative name",high,635,True
"materia","Materia","Foemale Speedwel","Veronica officinalis",PLANT,"alternative name",high,,False
"materia","Materia","Pox","smallpox",DISEASE,"disease affecting nose",high,,False
"materia","Materia","Scriphion","Artemisia absinthium",PLANT,"synonym",high,,False
"materia","Materia","Santonicon","Artemisia absinthium",PLANT,"synonym",high,,False
"materia","Materia","Belgicum","Artemisia absinthium",PLANT,"synonym",high,,False
"materia","Materia","Narbonense","Artemisia absinthium",PLANT,"synonym",high,,False
"materia","Materia","Xantomicum","Artemisia absinthium",PLANT,"synonym",high,,False
"materia","Materia","Misnense","Artemisia absinthium",PLANT,"synonym",high,,False
"materia","Materia","Holy Wormwood","Artemisia absinthium",PLANT,"synonym",high,,False
"espicanardo","Spikenard","Cinnamomo","Cinnamon",SUBSTANCE,"aromatizer",high,28,True
"espicanardo","Spikenard","Galeno","Galen",PERSON,"referenced physician",high,1,True
"espicanardo","Spikenard","LO ce HI» O VERO LINCTI","Linctus",SUBSTANCE,"type of preparation",high,,False
"digestion","Digestion","Cinkfoyl","Potentilla reptans",PLANT,"alternative name",high,,False
"digestion","Digestion","Five Leaved","Potentilla reptans",PLANT,"alternative name",high,,False
"digestion","Digestion","Five finger'd","Potentilla reptans",PLANT,"alternative name",high,,False
"digestion","Digestion","Rosarum","Rose",PLANT,"ingredient for cordial",high,,False
"digestion","Digestion","Sugar of Roses","Sugar of Roses",SUBSTANCE,"called",high,,False
"digestion","Digestion","Diarhodon Abbātis","Diarhodon Abbatis",SUBSTANCE,"called",high,834,True
"digestion","Digestion","Aromaticum Rosarum","Aromaticum Rosarum",SUBSTANCE,"called",high,764,True
"digestion","Digestion","Red Rose Water","Red Rose Water",SUBSTANCE,"beneficial for bowel moisture",high,81,True
"Ganges","Ganges","opus cireniacum","opus cireniacum",SUBSTANCE,"synonym for juice of Cyrene",high,,False
"Ganges","Ganges","çumo de Cirenia","juice of Cyrene",SUBSTANCE,"translation of opus cireniacum",high,,False
"Ganges","Ganges","Ganga","Ganga",PLACE,"Indian name for the Ganges",high,,False
"Ganges","Ganges","ameií- doado","benjuy",SUBSTANCE,"called benjuy",high,,False
"Ganges","Ganges","Guanga","Guanga",PLACE,"Indian name for the Ganges",high,,False
"boticas","pharmacy","mocebar","mocebar",SUBSTANCE,"called mocebar",high,,False
"boticas","pharmacy","bola","bola",SUBSTANCE,"called bola",high,215,True
"Oppio","Opium","Euphoibio","euphorbium",SUBSTANCE,"indicated as nardo indica",high,170,True
"Oppio","Opium","Nardo indica","spikenard",PLANT,"indicated as euphorbium",high,186,True
"Oppio","Opium","Pepe b;anco","white pepper",SUBSTANCE,"indicated",high,,False
"Oppio","Opium","Seme di hyotcp^no","henbane seed",PLANT,"indicated",high,,False
"Oppio","Opium","Mele quanto","as much honey as is needed",SUBSTANCE,"indicated",high,,False
"Oppio","Opium","Caftprq","cascarilla",SUBSTANCE,"indicated",high,,False
"Oppio","Opium","leardo","nard",PLANT,"indicated",high,640,True
"Oppio","Opium","P H l L O N I O M A Q- puphoibio","Philonium",SUBSTANCE,"indicated",high,,False
"Oppio","Opium","Pyrethro","pyrethrum",PLANT,"indicated",high,,False
"Oppio","Opium","Ofe Viole","violet oil",SUBSTANCE,"indicated",high,189,True
"Oppio","Opium","Hyofoiamo","henbane",PLANT,"indicated",high,1033,True
"Oppio","Opium","papa","poppy",PLANT,"indicated",high,453,True
"Oppio","Opium","Papaucri bianchi neri","white and black poppy seeds",PLANT,"indicated",high,,False
"Oppio","Opium","Scorze di mandra gora","mandrake bark",PLANT,"indicated",high,,False
"Oppio","Opium","Scariola","scariola",PLANT,"indicated",high,824,True
"Oppio","Opium","Lattuga","lettuce",PLANT,"indicated",high,,False
"Oppio","Opium","Porcellana","purslane",PLANT,"indicated",high,484;102,True
"Oppio","Opium","Ghiaggiu.illirjcp^","Ghiacciu",SUBSTANCE,"indicated",high,,False
"Oppio","Opium","Maftice","mastic",SUBSTANCE,"indicated",high,358,True
"Oppio","Opium","plettro","pyrethrum",PLANT,"called",high,,False
"Oppio","Opium","Zafl5erano","saffron",SUBSTANCE,"indicated",high,611,True
"Oppio","Opium","Erra (àmia","terra amia",SUBSTANCE,"indicated",high,,False
"Oppio","Opium","Nimpnea","Nymphaea",PLANT,"indicated",high,,False
"Oppio","Opium","Cafia lignea","cinnamon",SUBSTANCE,"indicated",high,28,True
"Oppio","Opium","Zafferano","saffron",SUBSTANCE,"indicated",high,611,True
"Oppio","Opium","Cieuanni de Vtco","Giovanni de Uco",PERSON,"creator of ointment",high,,False
"Oppio","Opium","ROT- formd*","rotundus",SUBSTANCE,"called",high,,False
"Oppio","Opium","CAPITELLI","capitelli",SUBSTANCE,"indicated",high,878,True
"Oppio","Opium","Vcctriuolo roma- no","Roman vitriol",SUBSTANCE,"indicated",high,,False
"Oppio","Opium","FJ^boUirela","bolare",VERB,"to dissolve",high,,False
"Oppio","Opium","opoponaco","opoponax",SUBSTANCE,"indicated",high,,False
"Oppio","Opium","rajne","rain",SUBSTANCE,"indicated",high,,False
"Oppio","Opium","Galba^o","galbanum",SUBSTANCE,"indicated",high,,False
"Oppio","Opium","Aloè","aloes",SUBSTANCE,"indicated",high,384,True
"Oppio","Opium","Myrrha","myrrh",SUBSTANCE,"indicated",high,489;671,True
"Oppio","Opium","Sugo di mandragora","mandragora juice",PLANT,"indicated",high,,False
"Oppio","Opium","Trementina","turpentine",SUBSTANCE,"indicated",high,259,True
"Oppio","Opium","Aceto","vinegar",SUBSTANCE,"indicated",high,49,True
"Oppio","Opium","GALENO","Galen",PERSON,"mentioned in relation to a preparation",high,1,True
"Oppio","Opium","Pece","pitch",SUBSTANCE,"indicated",high,99,True
"Oppio","Opium","laudano opiado","laudanum opiatum",SUBSTANCE,"variant of opiate",high,,False
"Oppio","Opium","Arnoglofia","Arnoglossum",PLANT,"synonym of tanchagem macho",high,,False
"Oppio","Opium","tanchagem macho","Plantago lanceolata",PLANT,"vernacular name for Arnoglofia",high,,False
"Oppio","Opium","lingua arietis","lingua arietis",PLANT,"vernacular name for Arnoglofia",high,,False
"Oppio","Opium","Philonio Perfico","Philonium Persicum",SUBSTANCE,"equivalent to opiate",high,,False
"Oppio","Opium","Laudano opiado","laudanum opiatum",SUBSTANCE,"equivalent to opiate",high,,False
"Oppio","Opium","Diacodio","Diacodium",SUBSTANCE,"equivalent to opiate",high,667,True
"curar","cure","mocebar","mocebar",SUBSTANCE,"a medicine called mocebar",high,,False
"curar","cure","aloes ruym","aloes ruym",SUBSTANCE,"equivalent to aloes cahalino",high,,False
"curar","cure","Aloés cahalino","Aloes cahalino",SUBSTANCE,"a type of aloes",high,,False
"curar","cure","grana paradist","grana paradisi",PLANT,"called grana paradist",high,,False
"curar","cure","malagueta","malagueta",PLANT,"called malagueta",high,,False
"curar","cure","Jiila","Jiila",CONCEPT,"called Jiila",high,,False
"curar","cure","Jiila","Jiila",CONCEPT,"called Jiila",high,,False
"curar","cure","orraqua","orraqua",CONCEPT,"called orraqua",high,,False
"CuBEBAS","Cubeb pepper","cubebas","cubebas",PLANT,"called cubebas",high,200,False
"CuBEBAS","Cubeb pepper","mtrtus sihestris","Myrtus sylvestris",PLANT,"synonym for cubebas",high,,False
"CuBEBAS","Cubeb pepper","mirto agreste","myrtus agreste",PLANT,"synonym for cubebas",high,,False
"CuBEBAS","Cubeb pepper","cubebas","cubebas",PLANT,"called cubebas",high,200,False
"CuBEBAS","Cubeb pepper","mtrtus sihestris","Myrtus sylvestris",PLANT,"synonym for cubebas",high,,False
"CuBEBAS","Cubeb pepper","mirto agreste","myrtus agreste",PLANT,"synonym for cubebas",high,,False
"Constantinopla","Constantinople","Âlcaire","Alcaire",PERSON,"person after whom the city is named",high,,False
"sandalos citrinos","Yellow sandalwood","macha^ari","machaari",PLANT,"called macha^ari",high,,False
"sandalos citrinos","Yellow sandalwood","maha\ari","mahaari",PLANT,"called maha\ari",high,,False
"valeriana","Valerian","Tuzia","Tuzia",SUBSTANCE,"synonym for Valeriana",high,,False
"valeriana","Valerian","pompholige","pompholige",SUBSTANCE,"synonym for Valeriana",high,,False
"valeriana","Valerian","cadmia della iorta","cadmia della iorta",SUBSTANCE,"synonym for Valeriana",high,,False
"valeriana","Valerian","pianta","pianta",PLANT,"a type of Valeriana",low,,False
"Angelica","Angelica","Herb of the Holy Ghost","Herb of the Holy Ghost",PLANT,"alternative name for Angelica",high,,False
"Bezaar","Bezoar","Napelo","Napelo",SUBSTANCE,"related to Bezaar; possibly another stone or ingredient",low,231,True
"Bezaar","Bezoar","Bezaar cetrina","Bezaar cetrina",SUBSTANCE,"a type of Bezaar",high,,False
"Bezaar","Bezoar","mocebar","mocebar",SUBSTANCE,"a medicine called bola",high,,False
"Bezaar","Bezoar","bola","bola",SUBSTANCE,"synonym for mocebar",high,215,False
"Bezaar","Bezoar","aloés ruym","aloes ruym",SUBSTANCE,"mentioned in contrast to bola",low,,False
"Bezaar","Bezoar","Aloés cahalino","Aloes cahalino",SUBSTANCE,"mentioned in contrast to bola",low,,False
"Bezaar","Bezoar","Averrhoa Coram- bola","Averrhoa Corambola",PLANT,"a species related to bola",high,,False
"Bezaar","Bezoar","carambola","carambola",PLANT,"vulgar name for Averrhoa Coram-bola",high,,False
"Bezaar","Bezoar","kamctranga","kamctranga",PLANT,"another plant mentioned in relation to bola",low,,False
"Bezaar","Bezoar","Camariz","Camariz",PLANT,"possibly related to kamctranga",low,,False
"Bezaar","Bezoar","Averrhoa Bilimbi","Averrhoa Bilimbi",PLANT,"a species related to bola",high,,False
"Bezaar","Bezoar","kamaranga","kamaranga",PLANT,"name for Averrhoa Bilimbi",high,,False
"Canará","Canary Islands","Malabar","Malabar",PLACE,"geographical location near Canará",high,133,True
"Canará","Canary Islands","Gate","Gate",PLACE,"native name for a mountain near Canará",high,865,True
"Canará","Canary Islands","maratha ghãt","maratha ghat",PLACE,"meaning of 'Gate'",high,,False
"naphte","Naphtha","Bezaar","Bezoar",SUBSTANCE,"mentioned alongside Napelo",high,215,True
"naphte","Naphtha","Bezaar cetrina","Yellow Bezoar",SUBSTANCE,"mentioned alongside Napelo",high,,False
"naphte","Naphtha","Papauero","Papaver",PLANT,"mentioned in relation to pitch",high,,False
"naphte","Naphtha","peci","pitch",SUBSTANCE,"topic of discussion",high,99,True
"naphte","Naphtha","Greca","Greek",SUBSTANCE,"type of pitch",high,,False
"Pologne","Poland","Océan-Pacifique","Pacific Ocean",PLACE,"geographic reference",high,340;309,True
"Pologne","Poland","BessiB d'Eibopb","Bessarabia",PLACE,"geographic reference",high,,False
"Pologne","Poland","Finlande","Finland",PLACE,"geographic reference",high,,False
"Pologne","Poland","Cbibb","Siberia",PLACE,"geographic reference",high,,False
"Pologne","Poland","Suisse","Switzerland",PLACE,"geographic reference",high,,False
"Pologne","Poland","Italie","Italy",PLACE,"geographic reference",high,12,True
"Pologne","Poland","Russie","Russia",PLACE,"geographic reference",high,441,True
"Pologne","Poland","Bohême","Bohemia",PLACE,"geographic reference",high,,False
"Pologne","Poland","Moravie","Moravia",PLACE,"geographic reference",high,,False
"Pologne","Poland","Hongrie","Hungary",PLACE,"geographic reference",high,,False
"Plato","Plato","Benzacaria","Benzacar",PERSON,"mentioned alongside Plato",high,,False
"Plato","Plato","HaUrodoam","Haarouda",PERSON,"mentioned alongside Plato",high,,False
"Plato","Plato","Mesué","Mesue",PERSON,"mentioned alongside Plato",high,,False
"Plato","Plato","Hypocras","Hippocrates",PERSON,"mentioned alongside Plato",high,21,True
"Plato","Plato","Galeno","Galen",PERSON,"mentioned alongside Plato",high,1,True
"Plato","Plato","Aris","Aristotle",PERSON,"mentioned alongside Plato",high,,False
"Plato","Plato","gentios da índia","Indian heathens",PERSON,"mentioned in context of medicinal use",medium,,False
"tabaschir","Tabasheer","Spodio","Spodium",SUBSTANCE,"synonym for Tabaxir",high,588,True
"tabaschir","Tabasheer","pompholige","Pompholix",SUBSTANCE,"synonym for Tabaxir",high,899,True
"tabaschir","Tabasheer","tuzia de gli Speziali","Spiazali's tutty",SUBSTANCE,"synonym for Tabaxir",high,,False
"tabaschir","Tabasheer","Goa","Goa",PLACE,"origin of Tabaxir",high,57,True
"tabaschir","Tabasheer","Indie orientali","East Indies",PLACE,"origin of Tabaxir",high,45,True
"tabaschir","Tabasheer","Squinanto","Squinanth",PLANT,"discussed in text",high,,False
"tabaschir","Tabasheer","fiore di giunco odorato","fragrant reed flower",PLANT,"description of Squinanth",high,,False
"aromi","Aroma","unguenti","ointments",SUBSTANCE,"mentioned in historical context",high,143,True
"aromi","Aroma","pepe","pepper",SUBSTANCE,"ingredient in a preparation",high,,False
"aromi","Aroma","zucchero peflo","ground sugar",SUBSTANCE,"ingredient in a preparation",high,,False
"aromi","Aroma","CONSERVA Di ^^^VA AROMATICA","Preserve of Aromatic Water",SUBSTANCE,"specific preparation",high,,False
"juntas","Joint","mal de Buuas","bone disease",DISEASE,"treated by water",medium,,False
"juntas","Joint","llagas viejas","old sores",DISEASE,"treated by water",medium,144,True
"juntas","Joint","medades uFccrds","fevers",DISEASE,"treated by water",medium,16,True
"juntas","Joint","Tf lores delas juncturas","joint pains",DISEASE,"treated by water",high,,False
"juntas","Joint","gota artherica","arthritic gout",DISEASE,"treated by water",high,147,True
"juntas","Joint","agua dela aró","aromatic water",SUBSTANCE,"mentioned as a remedy",high,,False
"juntas","Joint","China","China",PLACE,"mentioned in relation to remedy",low,27,True
"juntas","Joint","gora","gout",DISEASE,"treated by water",high,147,True
"juntas","Joint","fciatica","sciatica",DISEASE,"treated by water",high,52,True
"nero","Black","Socotorino","Socotrine",SUBSTANCE,"compared to cavallino",high,,False
"nero","Black","cauallino","horse",ANIMAL,"type of substance",high,384;496,True
"nero","Black","Papauen neri","Papauen neri",PLANT,"synonym",high,,False
"nero","Black","loppio","opium",SUBSTANCE,"derived from",high,83;196,True
"nero","Black","papaueri laluatichida","papaueri laluatichida",PLANT,"synonym",high,,False
"nero","Black","Diofcoride","Dioscorides",PERSON,"referenced by",high,3,True
"nero","Black","Papauero cornuto","Papauero cornuto",PLANT,"synonym",high,,False
"nero","Black","Epithymo","Epithymum",PLANT,"ingredient in",high,162,True
"nero","Black","Agarico","Agaricus",SUBSTANCE,"ingredient in",high,65,True
"nero","Black","indo","Indian",CONCEPT,"descriptor",high,,False
"nero","Black","Mirabolani","Myrobalans",SUBSTANCE,"component of",high,,False
"nero","Black","Bellirici","Belleric",SUBSTANCE,"component of",high,,False
"nero","Black","Calamo aromatico","Calamus aromaticus",PLANT,"ingredient in",high,158,True
"nero","Black","Nardo indica","Indian nard",PLANT,"ingredient in",high,,False
"nero","Black","Zafferano","Saffron",SUBSTANCE,"ingredient in",high,611,True
"nero","Black","Géngiouo","Ginger",PLANT,"ingredient in",high,362,True
"nero","Black","pepe lungo","long pepper",PLANT,"ingredient in",high,462,True
"nero","Black","pepe nero","black pepper",PLANT,"ingredient in",high,,False
"nero","Black","Fichi","Figs",PLANT,"ingredient in",high,397,True
"nero","Black","Dattengralsi","Dattengralsi",PLANT,"ingredient in",high,577,True
"nero","Black","Seme di Petrof","Petroselinum seed",PLANT,"ingredient in",high,,False
"nero","Black","ni3cccionico","nicotianico",SUBSTANCE,"ingredient in",low,,False
"nero","Black","Leuittico","Leviticus",CONCEPT,"reference",low,,False
"nero","Black","Gcngiouo","Ginger",PLANT,"ingredient in",high,362,True
"nero","Black","Seme d'Appio","Celery seed",PLANT,"ingredient in",high,353,True
"nero","Black","prezzemolo","parsley",PLANT,"synonym",high,666,True
"nero","Black","CimediThymo","Thyme seeds",PLANT,"ingredient in",high,,False
"nero","Black","pepe nero","black pepper",PLANT,"ingredient in",high,,False
"nero","Black","Cinnamomo","Cinnamon",PLANT,"ingredient in",high,28,True
"nero","Black","Cymino","Cumin",PLANT,"ingredient in",high,468,True
"nero","Black","Maftice","Mastic",SUBSTANCE,"ingredient in",high,358,True
"nero","Black","Relè","Honey",SUBSTANCE,"ingredient in",high,140;957,True
"nero","Black","Aloè","Aloes",SUBSTANCE,"ingredient in",high,384,True
"nero","Black","AfTcnzio","Absinthe",PLANT,"ingredient in",high,,False
"nero","Black","Hdy","Hellebore",PLANT,"synonym",high,,False
"nero","Black","Mlfue","Hellebore",PLANT,"synonym",high,,False
"nero","Black","Mefite","Mésite",SUBSTANCE,"ingredient in",high,,False
"nero","Black","Mlfuecboro","Hellebore",PLANT,"ingredient in",high,,False
"nero","Black","Polypodio","Polypody",PLANT,"ingredient in",high,179,True
"nero","Black","Epithymo","Epithymum",PLANT,"ingredient in",high,162,True
"nero","Black","Agarico","Agaricus",SUBSTANCE,"ingredient in",high,65,True
"nero","Black","Lapislazzoli","Lapis lazuli",SUBSTANCE,"ingredient in",high,,False
"nero","Black","Colocynthida","Colocynth",PLANT,"ingredient in",high,507,True
"nero","Black","Sale indo","Indian salt",SUBSTANCE,"ingredient in",high,,False
"nero","Black","Apis Uzzoli","Apis uzzoli",SUBSTANCE,"ingredient in",high,,False
"nero","Black","Epithymo","Epithymum",PLANT,"ingredient in",high,162,True
"nero","Black","Polypodio","Polypody",PLANT,"ingredient in",high,179,True
"nero","Black","Gherofani","Cloves",PLANT,"ingredient in",high,,False
"nero","Black","Anici","Anise",PLANT,"ingredient in",high,1249;410,True
"nero","Black","hicra picra","hierapicra",SUBSTANCE,"ingredient in",high,428,True
"nero","Black","Scamonea","Scammony",SUBSTANCE,"ingredient in",high,229,True
"nero","Black","Helleboro","Hellebore",PLANT,"ingredient in",high,,False
"nero","Black","Saleindo","Indian salt",SUBSTANCE,"ingredient in",high,,False
"nero","Black","Agarico","Agaricus",SUBSTANCE,"ingredient in",high,65,True
"nero","Black","endiuia","endive",PLANT,"ingredient in",high,,False
"nero","Black","apicra","apicra",SUBSTANCE,"ingredient in",high,,False
"Chypre","Cyprus","musas","mulberries",PLANT,"plant found in",high,,False
"Chypre","Cyprus","Pomum Paradisi","Paradise apple",PLANT,"synonym",high,,False
"Calábria","Calabria","tiriamjabim","tiriamjabim",SUBSTANCE,"type of manna",high,,False
"Calábria","Calabria","MiRABOLANOS","Myrobalans",SUBSTANCE,"invented name",high,378,True
"moneda","Coin","Adelxa","Adelxa",PERSON,"title of king",high,,False
"moneda","Coin","Nizamoxa","Nizamoxa",PERSON,"title of king",high,354,True
"moneda","Coin","Cotu-mixa","Cotu-mixa",PERSON,"title of king",high,,False
"dedo","Finger","haderanillos","haderanillos",SUBSTANCE,"remedy for",high,,False
"dedo","Finger","Yjada","Yjada",SUBSTANCE,"type of stone",high,,False
"dedo","Finger","Genciana","Gentian",PLANT,"comparison",high,,False
"Trementina","Turpentine","Trementina deveta","Venetian turpentine",SUBSTANCE,"synonym",high,,False
"Trementina","Turpentine","Venecia","Venice",PLACE,"origin",high,37,True
"Trementina","Turpentine","Trementina","Turpentine",SUBSTANCE,"synonym",high,259,False
"Trementina","Turpentine","Abeto","Fir",PLANT,"source",high,890,True
"Rob","Rob (confection)","robalçú","Robalchu",SUBSTANCE,"synonym",high,,False
"Rob","Rob (confection)","rabaçú","Rabaçu",SUBSTANCE,"synonym",high,,False
"Rob","Rob (confection)","rob","Rob (confection)",SUBSTANCE,"component",high,260,False
"Rob","Rob (confection)","alcaçui","Liquorice",PLANT,"ingredient",high,,False
"bórax","Borax","crísocola","Chrysocolla",SUBSTANCE,"synonym",high,502,True
"bórax","Borax","fincar","Fincar",SUBSTANCE,"synonym",high,,False
"reino","Kingdom","Laos","Laos",PLACE,"region",high,,False
"reino","Kingdom","Zhnmey","Zhnmey",PLACE,"alternative name",high,,False
"reino","Kingdom","Kiang-mai","Chiang Mai",PLACE,"alternative name",high,,False
"reino","Kingdom","Xiang-mai","Chiang Mai",PLACE,"alternative name",high,,False
"reino","Kingdom","Scfaans","Safaans",PLACE,"region",medium,,False
"reino","Kingdom","Yun-nan","Yunnan",PLACE,"region",high,,False
"reino","Kingdom","Sió","Siam",PLACE,"region",high,,False
"reino","Kingdom","Kiang-mai","Chiang Mai",PLACE,"city",high,,False
"reino","Kingdom","Me-nam","Chao Phraya River",PLACE,"river basin",high,,False
"reino","Kingdom","Luang-prabang","Luang Prabang",PLACE,"city",high,,False
"reino","Kingdom","Me-kong","Mekong River",PLACE,"river basin",high,,False
"reino","Kingdom","Chiamay","Chiang Mai",PLACE,"alternative name",high,,False
"reino","Kingdom","Laos","Laos",PLACE,"region",high,,False
"reino","Kingdom","Jangamá","Jangama",PLACE,"state",high,,False
"reino","Kingdom","Ormuz","Hormuz",PLACE,"origin",high,351,True
"reino","Kingdom","Guzarate","Gujarat",PLACE,"region",high,,False
"reino","Kingdom","guzaratas","Gujarat mangoes",PLANT,"synonym",high,,False
"reino","Kingdom","paese","country",PLACE,"synonym for Reino",high,,False
"reino","Kingdom","Babilónia","Babylon",PLACE,"place within the Reino",high,290,True
"reino","Kingdom","Mar Deiguana","Mar Deiguana",PLACE,"place referred to by Indians",high,,False
"reino","Kingdom","paese","country",PLACE,"synonym for Reino",high,,False
"reino","Kingdom","Babilónia","Babylon",PLACE,"place within the Reino",high,290,True
"reino","Kingdom","Mar Deiguana","Mar Deiguana",PLACE,"place referred to by Indians",high,,False
"reino","Kingdom","Egypto","Egypt",PLACE,"modern identification of the Reino de Babylonia",high,10,True
"reino","Kingdom","coaris","coaris",PERSON,"type of merchant",high,,False
"reino","Kingdom","Cambaiete","Cambay",PLACE,"reino where coaris are called esparcis",high,,False
"reino","Kingdom","esparcis","esparcis",PERSON,"synonym for coaris in Cambaiete",high,,False
"reino","Kingdom","Judeus","Jews",PERSON,"synonym used by Portuguese for a group of people",high,,False
"reino","Kingdom","Pérsia","Persia",PLACE,"origin of the Gentios",high,109;118,True
"reino","Kingdom","Dely","Dely",PLACE,"reino",high,,False
"reino","Kingdom","yogi","Yogi",PERSON,"people who inhabit Dely",high,,False
"reino","Kingdom","Napoli","Naples",PLACE,"reino from which Manna salvicina comes",high,105,True
"reino","Kingdom","Soria","Syria",PLACE,"place from which Manna salvicina comes",high,431,True
"reino","Kingdom","France","France",PLACE,"country",high,9,True
"reino","Kingdom","Beauce","Beauce",PLACE,"region in France",high,,False
"reino","Kingdom","Brie","Brie",PLACE,"region in France",high,,False
"reino","Kingdom","Normandie","Normandy",PLACE,"region in France",high,,False
"villa","Town","San Cristoval de la Habâna","San Cristoval de la Habana",PLACE,"town",high,,False
"villa","Town","Sau Cristoval","San Cristoval",PLACE,"town",high,,False
"villa","Town","Ilíabana","Havana",PLACE,"town",high,303,True
"Ignorance","Ignorance","St. Peters-wort","St. Peter's Wort",PLANT,"herb with a name influenced by superstition and ignorance",high,,False
"Ignorance","Ignorance","St. Johns wort","St. John's Wort",PLANT,"herb with a name influenced by superstition and ignorance",high,1077,True
"botânica","Botany","Clusius","Clusius",PERSON,"translator",high,,False
"botânica","Botany","Hermanno","Hermann",PERSON,"ancient botanist",high,,False
"botânica","Botany","Ceylao","Ceylon",PLACE,"place where the plant is vulgarly called",high,1164;318,True
"botânica","Botany","acawe^ rya","acawerya",PLANT,"vulgar name for the plant in Ceylao",high,,False
"botânica","Botany","akawerya","akawerya",PLANT,"vulgar name for the plant in Ceylao",high,,False
"guerras","War","Mafamede","Muhammad",PERSON,"religious figure; in opposition to",high,,False
"guerras","War","Ali","Ali ibn Abi Talib",PERSON,"religious figure; aligned with",high,,False
"guerras","War","Xatamas","unknown",PERSON,"son of; who denounced",low,1169,True
"guerras","War","Decam","Deccan",PLACE,"region mentioned in relation to rulers",high,,False
"guerras","War","Xá","Shah",CONCEPT,"title of king",high,,False
"guerras","War","Adelxa","unknown",PERSON,"title used for rulers",low,1169,True
"guerras","War","Nizamoxa","unknown",PERSON,"title used for rulers",low,1169;354,True
"guerras","War","Decam","Deccan",PLACE,"region where camels are found",high,,False
"guerras","War","Guzarate","Gujarat",PLACE,"region where camels are found",high,,False
"guerras","War","gandas","rhinoceros",ANIMAL,"vernacular name for rhinoceros",high,903,True
"monçam","Monsoon","monção","monsoon",CONCEPT,"synonym for mausim",high,280,False
"monçam","Monsoon","rodolho","unknown",CONCEPT,"term used in our land for something like mausim",low,1169,True
"mare","Sea","Oceano Settentrionale","North Atlantic Ocean",PLACE,"part of the sea mentioned",high,,False
"mare","Sea","Danzica","Danzig",PLACE,"city mentioned in relation to the sea",high,1170,True
"mare","Sea","Monteregio","Montereggio",PLACE,"location mentioned in relation to the sea",low,,False
"mare","Sea","Prufsia","Prussia",PLACE,"region mentioned in relation to the sea",high,781,True
"mare","Sea","bitume","bitumen",SUBSTANCE,"substance described as distilling from the sea",high,457,True
"mare","Sea","ambra","amber",SUBSTANCE,"substance that condenses from the sea",high,383,True
"mare","Sea","sagrada fome de ouro","sacred hunger for gold",CONCEPT,"something considered great",low,,False
"mare","Sea","sagrada Mageftade","sacred Majesty",CONCEPT,"title for the King",high,,False
"mare","Sea","oslo","bone",SUBSTANCE,"referred to as sacred by Hippocrates",high,,False
"mare","Sea","Gotta coral","gouty concretions",DISEASE,"something called coral",low,,False
"relaxacion de miem","Loss of muscle tone","PAO CHAMADO CATE","Cate tree",PLANT,"tree discussed for its properties",high,,False
"relaxacion de miem","Loss of muscle tone","molificaçam das gengivas","softening of the gums",DISEASE,"condition mentioned",high,,False
"relaxacion de miem","Loss of muscle tone","betre","betel",PLANT,"used in a mixture for gum problems",high,,False
"relaxacion de miem","Loss of muscle tone","areca","areca nut",PLANT,"used in a mixture for gum problems",high,,False
"relaxacion de miem","Loss of muscle tone","cate","catechu",SUBSTANCE,"used in a mixture for gum problems",high,,False
"Orta","Garcia de Orta","citrinos","citrus fruits",PLANT,"fruits described",high,86,True
"Orta","Garcia de Orta","azfar","yellow",CONCEPT,"meaning of the name of citrus fruits",high,,False
"Orta","Garcia de Orta","arare","unknown",PLANT,"vulgar name for citrus fruits",low,1169,True
"Orta","Garcia de Orta","har","unknown",PLANT,"modern name corresponding to arare",low,1169,True
"Amérique","America","sucre asiatique","Asian sugar",SUBSTANCE,"sugar from Asia; discussed in relation to duties",high,,False
"Amérique","America","américain","American",PLACE,"sugar from America; discussed in relation to duties",high,302,False
"Amérique","America","Péninsule de l'Inde","Indian Peninsula",PLACE,"region where sugarcane cultivation is encouraged",high,,False
"Amérique","America","Vocabulário","dictionary",CONCEPT,"work by Padre D. Raphael Bluteau",high,,False
"Amérique","America","Moraes","unknown",PERSON,"author of a dictionary",low,1169,True
"Amérique","America","coqueiros","coconut palms",PLANT,"plants from America",high,,False
"Amérique","America","Oviedo","Gonzalo Fernández de Oviedo y Valdés",PERSON,"source of information about coconuts",high,523,True
"Amérique","America","Ramusio","Giovanni Battista Ramusio",PERSON,"translator of Oviedo",high,,False
"Amérique","America","coco","coconut",PLANT,"fruit of the coconut palm",high,904,True
"Amérique","America","gatto maimone","monkey",ANIMAL,"animal whose figure the coconut resembles",high,,False
"Apoplexia","Apoplexy","Lignam Sanctae Crucis","Lignum Sanctae Crucis",SUBSTANCE,"synonym for the substance that helps with Falling-sickness; Apoplexie; and Palsie",high,,False
"Apoplexia","Apoplexy","Wood of the holy Cross","Wood of the holy Cross",SUBSTANCE,"translation of Lignam Sanctae Crucis; which helps with Falling-sickness; Apoplexie; and Palsie",high,,False
"Apoplexia","Apoplexy","Falling-sickness","Falling sickness",DISEASE,"disease helped by the substance called Lignam Sanctae Crucis",high,,False
"Apoplexia","Apoplexy","Palsie","Palsy",DISEASE,"disease helped by the substance called Lignam Sanctae Crucis",high,,False
"almorreymas","Hemorrhoids","Moraes","Moraes",DISEASE,"a type of almorreymas that is soft and like mulberries",high,,False
"almorreymas","Hemorrhoids","Verrucaes","Verrucaes",DISEASE,"a type of almorreymas that is hard and like warts",high,,False
"almorreymas","Hemorrhoids","poligonum","Polygonum",PLANT,"a herb used to treat almorreymas",high,,False
"almorreymas","Hemorrhoids","andorinha","andorinha",PLANT,"vulgar name for Polygonum; used to treat almorreymas",high,,False
"almorreymas","Hemorrhoids","poligonum","Polygonum",PLANT,"a herb used to treat almorreymas",high,,False
"almorreymas","Hemorrhoids","andorinha","andorinha",PLANT,"vulgar name for Polygonum; used to treat almorreymas",high,,False
"almorreymas","Hemorrhoids","Bella-dona","Belladonna",PLANT,"a plant whose berries are infused in oil to treat painful almorreymas",high,,False
"almorreymas","Hemorrhoids","Bella-dona","Bella-dona",PLANT,"mentioned as a name for a herb",high,,False
"almorreymas","Hemorrhoids","mil pès","millipedes",ANIMAL,"described as creatures",high,,False
"almorreymas","Hemorrhoids","uvas decão","dog grapes",PLANT,"herb name",high,388,True
"Parleſia","Paralysis","Nevimaterni","Nevimaterni",DISEASE,"synonym for a condition of the body",high,,False
"Parleſia","Paralysis","Maculematerna","Maculematerna",DISEASE,"synonym for a condition of the body",high,,False
"Parleſia","Paralysis","Torturada boca","Torturada boca",DISEASE,"vulgar name for paralysis of the mouth and face",high,,False
"Parleſia","Paralysis","Torturada boca","Torturada boca",DISEASE,"vulgar name for paralysis of the mouth and face",high,,False
"Parleſia","Paralysis","Vincetoxico","Vincetoxico",PLANT,"root name",high,,False
"Parleſia","Paralysis","Asclepias","Asclepias",PLANT,"alternative name for Vincetoxico",high,,False
"Mexique","Mexico","cordoncillos con nudos","knotted cords",CONCEPT,"a term used in missions for quippos",high,,False
"Mexique","Mexico","Tlascaltèques","Tlascaltec",PERSON,"people from whom quippos could be obtained",high,,False
"Mexique","Mexico","Mechoacan","Mechoacan",PLACE,"province from which the substance is brought",high,,False
"convulfoens","Convulsions","Torturada boca","Torturada boca",DISEASE,"vulgar name for paralysis of the mouth and face",high,,False
"fogo","Fire","scamonea","scammonium",SUBSTANCE,"used in conjunction with",high,229,True
"Ceylão","Sri Lanka","cinamomo","cinnamon",SUBSTANCE,"synonym for",high,28,True
"Ceylão","Sri Lanka","quirfé","kirs",SUBSTANCE,"synonym for",high,,False
"Ceylão","Sri Lanka","quirfd","kirs",SUBSTANCE,"synonym for",high,,False
"Ceylão","Sri Lanka","darchini","cinnamon",SUBSTANCE,"synonym for",high,28,True
"Ceylão","Sri Lanka","cuurdo","cinnamon",SUBSTANCE,"synonym for",high,28,True
"Ceylão","Sri Lanka","caismão","cinnamon",SUBSTANCE,"synonym for",high,28,True
"Ceylão","Sri Lanka","cameá","cinnamon",SUBSTANCE,"synonym for",high,28,True
"Ceylão","Sri Lanka","China","China",PLACE,"source of",low,27,True
"Ceylão","Sri Lanka","Zegir","Zanzibar",PLACE,"possible name for",low,,False
"Ceylão","Sri Lanka","Chin-gualas","people of Ceylon",CONCEPT,"inhabitants of",medium,,False
"Ceylão","Sri Lanka","Zangues","Zanj",CONCEPT,"term for",high,,False
"Ceylão","Sri Lanka","Malavar","Malabar Coast",PLACE,"region inhabited by",high,133,True
"Ceylão","Sri Lanka","Zegir","Zanzibar",PLACE,"possible name for",low,,False
"Ceylão","Sri Lanka","Chin-gualas","people of Ceylon",CONCEPT,"inhabitants of",medium,,False
"Ceylão","Sri Lanka","Zangues","Zanj",CONCEPT,"term for",high,,False
"Ceylão","Sri Lanka","Malavar","Malabar Coast",PLACE,"region inhabited by",high,133,True
"Ceylão","Sri Lanka","Chi-Iam","Chilam",PLACE,"area called",medium,,False
"Ceylão","Sri Lanka","Zangues","Zangues",PERSON,"term for black people",high,,False
"Ceylão","Sri Lanka","Zegir","Zegir",PLACE,"place name derived from Chi-Iam",high,,False
"Ceylão","Sri Lanka","cinamomo musilitico","musilitic cinnamon",SUBSTANCE,"a type of cinnamon",high,28,True
"Ceylão","Sri Lanka","Zegir","Zegir",PLACE,"place name derived from Chi-Iam",high,,False
"Ceylão","Sri Lanka","cinamomo musilitico","musilitic cinnamon",SUBSTANCE,"a type of cinnamon",high,28,True
"Ceylão","Sri Lanka","monte Corin","Mount Corin",PLACE,"landmark near Comorim",high,,False
"Ceylão","Sri Lanka","aruda","rue",PLANT,"plant mentioned by Dioscorides",high,416,True
"Ceylão","Sri Lanka","checani","checani",SUBSTANCE,"black variety of cinnamon",high,,False
"Ceylão","Sri Lanka","Faufel","Faufel",CONCEPT,"reference point or text",low,,False
"Ceylão","Sri Lanka","aljôfar","aljôfar",SUBSTANCE,"pearls found near Comorim",high,,False
"Ceylão","Sri Lanka","cabo do Comorim","Cape Comorin",PLACE,"location where pearls are found",high,,False
"Ceylão","Sri Lanka","cobras de capelo","hooded snakes",ANIMAL,"type of snake found in Ceilam",high,338,True
"Ceylão","Sri Lanka","boqueti ovale","boqueti ovale",SUBSTANCE,"a plant or root used against poison",high,,False
"Ceylão","Sri Lanka","romeira","pomegranate tree",PLANT,"tree similar to pomegranate",high,,False
"Ceylão","Sri Lanka","Chijs","Chijs",PERSON,"conquerors of spice regions",high,,False
"Ceylão","Sri Lanka","Scylla e Charybdis","Scylla and Charybdis",PLACE,"metaphorical dangerous strait",high,,False
"sucre","Sugar cane","arrobas","arrobas",CONCEPT,"unit of weight",high,,False
"sucre","Sugar cane","baril","barrel",CONCEPT,"unit of volume",high,,False
"sucre","Sugar cane","melasses","molasses",SUBSTANCE,"byproduct of sugar processing",high,1025,True
"cravo","Clove","espiquenardo","spikenard",PLANT,"a plant with a strong scent",high,186,True
"cravo","Clove","maçan","maçan",PLANT,"a plant with a scent",high,,False
"cravo","Clove","Jaoa","Jaoa",PLACE,"location where clove is favored",high,,False
"cravo","Clove","Jiiste","jiiste",SUBSTANCE,"term used by Castilians",high,,False
"cravo","Clove","basta","basta",SUBSTANCE,"term used by Portuguese",high,,False
"cravo","Clove","Jiiste","Juste",SUBSTANCE,"synonym for cravo",high,,False
"cravo","Clove","madre do cravo","mother of clove",PLANT,"part of or related to cravo",medium,,False
"cravo","Clove","Ben¬arta","Benacarta",PERSON,"synonym for Rasis",high,,False
"cravo","Clove","Menxus","Menxus",PERSON,"synonym for Mesue",high,,False
"cravo","Clove","Caryophyllus atomatkus, Linn.","Caryophyllus aromaticus",PLANT,"scientific name for cravo",high,,False
"cravo","Clove","Eugenia caryophyllata, Thunberg","Eugenia caryophyllata",PLANT,"scientific name for cravo",high,,False
"Arábia","Arabian Peninsula","aloés çocoloríno","aloes chocolatino",SUBSTANCE,"variant of aloes",high,384,True
"Arábia","Arabian Peninsula","Etiópia","Ethiopia",PLACE,"geographical region near Arábia",high,897,True
"Arábia","Arabian Peninsula","cebar","cebar",CONCEPT,"word related to the text",low,,False
"Arábia","Arabian Peninsula","Abolahi","Abolahi",PERSON,"synonym for Avicena",high,,False
"Arábia","Arabian Peninsula","Canum","Canum",CONCEPT,"term for Avicena's books",medium,,False
"Arábia","Arabian Peninsula","Syria","Syria",PLACE,"geographical region",medium,431,True
"Arábia","Arabian Peninsula","magaraby","Magaraby",PEOPLE,"term for Moors",high,,False
"Arábia","Arabian Peninsula","Algarves","Algarves",PLACE,"geographical region",high,602,True
"Arábia","Arabian Peninsula","Algarby","Algarby",PLACE,"geographical region",high,602,True
"Arábia","Arabian Peninsula","bangue","bangue",SUBSTANCE,"drug used by person",high,,False
"Arábia","Arabian Peninsula","maju","maju",SUBSTANCE,"preparation containing bangue",high,,False
"Arábia","Arabian Peninsula","Ganga","Ganga",PLANT,"plant from India",high,,False
"Arábia","Arabian Peninsula","ame­idoado","amendoado",SUBSTANCE,"description of benjuy",medium,,False
"Arábia","Arabian Peninsula","Siam","Siam",PLACE,"origin of benjuy",high,,False
"Arábia","Arabian Peninsula","Judéa","Judea",PLACE,"geographical region",medium,,False
"Arábia","Arabian Peninsula","Palestina","Palestine",PLACE,"geographical region",medium,626,True
"Arábia","Arabian Peninsula","alexandrino","Alexandrine",CONCEPT,"origin or type of substance",high,,False
"Arábia","Arabian Peninsula","Venezianos","Venetians",PEOPLE,"traders of substance",high,,False
"Arábia","Arabian Peninsula","Beirut","Beirut",PLACE,"destination for substance",high,,False
"Arábia","Arabian Peninsula","alexandrino","Alexandrine",CONCEPT,"origin or type of substance",high,,False
"Arábia","Arabian Peninsula","Venezianos","Venetians",PEOPLE,"traders of substance",high,,False
"Arábia","Arabian Peninsula","Beirut","Beirut",PLACE,"destination for substance",high,,False
"Arábia","Arabian Peninsula","Tripoli de Suria","Tripoli of Syria",PLACE,"destination for substance",high,620,True
"Arábia","Arabian Peninsula","achar","achar",CONCEPT,"a preparation (pickled or in oil)",high,,False
"Arábia","Arabian Peninsula","ameixas verdes","prunus domestica subsp. insititia",PLANT,"a fruit exported from Persia and Arabia",high,,False
"Arábia","Arabian Peninsula","maçans","malus domestica",PLANT,"a fruit exported from Persia and Arabia",high,,False
"Arábia","Arabian Peninsula","talos de videira","vitis vinifera",PLANT,"a plant part exported from Persia and Arabia",high,,False
"Arábia","Arabian Peninsula","silva","rubus fruticosus",PLANT,"a plant part exported from Persia and Arabia",high,,False
"Arábia","Arabian Peninsula","alcaparras","capparis spinosa",PLANT,"a plant exported from Persia and Arabia",high,603,True
"Arábia","Arabian Peninsula","açajram","ajram",SUBSTANCE,"a medicine/merchandise traded to Arabia and Persia",high,,False
"Arábia","Arabian Peninsula","alad","ajram",SUBSTANCE,"another name for açajram in Cananor",high,,False
"Arábia","Arabian Peninsula","filfel","piper",SUBSTANCE,"corrupted name used in Dofar and Xael for the substance known as faufel",high,,False
"Arábia","Arabian Peninsula","faufel","piper",SUBSTANCE,"a name used in Dofar and Xael for the substance sometimes called filfel",high,,False
"Arábia","Arabian Peninsula","pac","areca catechu",PLANT,"a name used in Malavar for areca",high,,False
"Arábia","Arabian Peninsula","areca","areca catechu",PLANT,"a substance also called pac in Malavar; and areca by the Naires",high,,False
"Arábia","Arabian Peninsula","filfel","piper",SUBSTANCE,"corrupted name used in Dofar and Xael for the substance known as faufel",high,,False
"Arábia","Arabian Peninsula","faufel","piper",SUBSTANCE,"a name used in Dofar and Xael for the substance sometimes called filfel",high,,False
"Arábia","Arabian Peninsula","pac","areca catechu",PLANT,"a name used in Malavar for areca",high,,False
"Arábia","Arabian Peninsula","areca","areca catechu",PLANT,"a substance also called pac in Malavar; and areca by the Naires",high,,False
"Arábia","Arabian Peninsula","poa","areca catechu",PLANT,"a name used in Çeilam for areca",high,,False
"Arábia","Arabian Peninsula","areca","areca catechu",PLANT,"a substance lacking in most of Arabia; but found in Xael and Dofar",high,,False
"Arábia","Arabian Peninsula","poa","areca catechu",PLANT,"a name used in Çeilam for areca",high,,False
"Arábia","Arabian Peninsula","areca","areca catechu",PLANT,"a substance lacking in most of Arabia; but found in Xael and Dofar",high,,False
"Arábia","Arabian Peninsula","calambac","aquilaria malaccensis",SUBSTANCE,"a type of wood highly valued; likely agarwood; exported from Malaca to Arabia; Turquia; and Persia",high,,False
"Arábia","Arabian Peninsula","aljôfar","pearl",SUBSTANCE,"pearls; named after Julfar in Arabia",high,628,True
"Arábia","Arabian Peninsula","Julfar","Julfar",PLACE,"a port in Arabia from which pearls are sourced",high,,False
"Arábia","Arabian Peninsula","Barem","Bahrain",PLACE,"a port where pearls are fished",high,,False
"Arábia","Arabian Peninsula","Catifa","Qatif",PLACE,"a port where pearls are fished",high,,False
"Arábia","Arabian Peninsula","Julfar","Julfar",PLACE,"a port where pearls are fished",high,,False
"Arábia","Arabian Peninsula","Camarão","Cameroon",PLACE,"a port where pearls are fished",high,,False
"Arábia","Arabian Peninsula","cachabar","cannabis",SUBSTANCE,"a name for hashish; grown in Mascate and Calaiate (Arabia)",high,,False
"Arábia","Arabian Peninsula","haxiscaçule","cannabis",SUBSTANCE,"another name for cachabar (hashish)",high,,False
"Arábia","Arabian Peninsula","cachabar","cannabis",SUBSTANCE,"a name for hashish",high,,False
"Arábia","Arabian Peninsula","adhar","cannabis",SUBSTANCE,"a name for hashish used by Avicena",high,,False
"Arábia","Arabian Peninsula","adker","cannabis",SUBSTANCE,"a name for hashish used by Serapiam",high,,False
"Arábia","Arabian Peninsula","encenço","incense",SUBSTANCE,"synonym/related substance",high,,False
"Arábia","Arabian Peninsula","lovan","loban",SUBSTANCE,"vernacular name for olibanum",high,,False
"Arábia","Arabian Peninsula","olibano","olibanum",SUBSTANCE,"classical name for incense",high,,False
"Arábia","Arabian Peninsula","conder","kondor",SUBSTANCE,"alternative name for olibanum",high,,False
"Arábia","Arabian Peninsula","Avicena","Avicenna",PERSON,"cited authority",low,19,True
"Arábia","Arabian Peninsula","encenço","incense",SUBSTANCE,"known entity's product",high,,False
"Arábia","Arabian Peninsula","encenço macho","male incense",SUBSTANCE,"type of incense",high,486,True
"Arábia","Arabian Peninsula","melato","melato",SUBSTANCE,"name for good incense",high,,False
"Zucchero","Sugar","Alamagna","Germany",PLACE,"origin",low,13,True
"Zucchero","Sugar","Sale indo","Indian salt",SUBSTANCE,"synonym for sugar (per Avicenna)",high,,False
"Zucchero","Sugar","Sali","salts",SUBSTANCE,"classification category",high,,False
"Zucchero","Sugar","Auicenna","Avicenna",PERSON,"cited authority",low,19,True
"Zucchero","Sugar","Alexandria","Alexandria",PLACE,"origin",low,41,True
"Zucchero","Sugar","acqua","water",SUBSTANCE,"ingredient",low,17,True
"Zucchero","Sugar","ac- qua","water",SUBSTANCE,"ingredient",low,17,True
"Zucchero","Sugar","sugo","juice",SUBSTANCE,"ingredient",low,560,True
"Zucchero","Sugar","diamannata","diamantata",CONCEPT,"reference recipe",medium,,False
"Zucchero","Sugar","Vino","wine",SUBSTANCE,"ingredient",low,131,True
"Zucchero","Sugar","diamannata","diamantata",CONCEPT,"reference recipe",medium,,False
"Zucchero","Sugar","Vino","wine",SUBSTANCE,"ingredient",low,131,True
"Zucchero","Sugar","gbamo greco","Greek grain",SUBSTANCE,"ingredient",low,,False
"Zucchero","Sugar","Acqua di fontt^^^^^^^","spring water",SUBSTANCE,"ingredient",low,,False
"Zucchero","Sugar","Zucchero bijinco","white sugar",SUBSTANCE,"ingredient",high,322,False
"Zucchero","Sugar","Acero t)ianco","white maple",PLANT,"ingredient",low,,False
"Zucchero","Sugar","prezzemolo","parsley",PLANT,"ingredient in syrup",high,666,True
"Zucchero","Sugar","Luppoli","hops",PLANT,"ingredient in syrup",high,,False
"Zucchero","Sugar","Borrana","borage",PLANT,"ingredient in syrup",high,398,True
"Zucchero","Sugar","Bugìoffa","bugloss",PLANT,"ingredient in syrup",high,,False
"Zucchero","Sugar","sciroppo","syrup",SUBSTANCE,"product made with sugar",high,315,True
"Zucchero","Sugar","bucchero","clarified sugar",SUBSTANCE,"form of sugar",high,,False
"Zucchero","Sugar","fciroppo","syrup",SUBSTANCE,"product made with sugar",high,315,True
"Zucchero","Sugar","Mele","honey",SUBSTANCE,"alternative sweetener",high,140;957,True
"Zucchero","Sugar","logorizia","licorice",PLANT,"ingredient in confection",high,1232,True
"Zucchero","Sugar","Mele","honey",SUBSTANCE,"ingredient in confection",high,140;957,True
"Zucchero","Sugar","prezzemolo","parsley",PLANT,"ingredient in confection",high,666,True
"Zucchero","Sugar","Finocchio","fennel",PLANT,"ingredient in confection",high,454,True
"Zucchero","Sugar","Anici","anise",PLANT,"ingredient in confection",high,1249;410,True
"Zucchero","Sugar","Carvji","caraway",PLANT,"ingredient in confection",high,,False
"Zucchero","Sugar","lattouaro","confection",SUBSTANCE,"product made with sugar",high,,False
"Zucchero","Sugar","zucche","squash",PLANT,"ingredient in confection",high,,False
"Zucchero","Sugar","ACROCOMA","acrocoma",CONCEPT,"type of confection",low,,False
"Zucchero","Sugar","Zafferano","saffron",SUBSTANCE,"ingredient in confection",high,611,True
"Zucchero","Sugar","colatura","drained liquid",SUBSTANCE,"component of confection",high,,False
"Zucchero","Sugar","Polpa di Cafsia","cassia pulp",SUBSTANCE,"ingredient in confection",high,,False
"Zucchero","Sugar","Tamarindi","tamarinds",PLANT,"ingredient in confection",high,69,True
"Zucchero","Sugar","Amofcine","amoucine",SUBSTANCE,"ingredient in confection",low,,False
"Zucchero","Sugar","Zucchero violato","violet sugar",SUBSTANCE,"form of sugar",high,322,False
"Zucchero","Sugar","lattouaro","confection",SUBSTANCE,"product made with sugar",high,,False
"Zucchero","Sugar","Epithymo","epithemum",PLANT,"ingredient in pill",high,162,True
"Zucchero","Sugar","Polypodio","polypody",PLANT,"ingredient in pill",high,179,True
"Zucchero","Sugar","Gherofani","cloves",PLANT,"ingredient in pill",high,,False
"Zucchero","Sugar","Anici","anise",PLANT,"ingredient in pill",high,1249;410,True
"Zucchero","Sugar","Spezie di hicra picra","spices of hiera picra",SUBSTANCE,"ingredient in pill",high,,False
"Zucchero","Sugar","Scamonea","scammony",SUBSTANCE,"ingredient in pill",high,229,True
"Zucchero","Sugar","Helleboro nero","black hellebore",PLANT,"ingredient in pill",high,156,True
"Zucchero","Sugar","Saleindoj","Indian salt",SUBSTANCE,"ingredient in pill",low,,False
"Zucchero","Sugar","zucchero candì","candied sugar",SUBSTANCE,"form of sugar",high,322,False
"Zucchero","Sugar","Agarico eletto","chosen agaric",SUBSTANCE,"ingredient in pill",high,,False
"Zucchero","Sugar","Sugo d'cndiuia","endive juice",SUBSTANCE,"ingredient in pill",high,,False
"Zucchero","Sugar","apicra","apicra",SUBSTANCE,"ingredient in pill",low,,False
"Zucchero","Sugar","PAPILLOTE","papillote",CONCEPT,"type of pill",low,,False
"Zucchero","Sugar","PILLOLE DE LAPIL","pills of lapil",CONCEPT,"type of pill",low,,False
"Zucchero","Sugar","Mufco","musk",SUBSTANCE,"ingredient in paste",high,400;411;955,True
"Zucchero","Sugar","Pafticch?","pastille",SUBSTANCE,"product made with sugar",high,,False
"Zucchero","Sugar","Veccherofine","honey",SUBSTANCE,"ingredient in pastille",high,140;957,True
"Zucchero","Sugar","acqua rofa","rose water",SUBSTANCE,"ingredient in pastille",high,81;924,True
"Zucchero","Sugar","Anici","anise",PLANT,"ingredient in pastille",high,1249;410,True
"Zucchero","Sugar","bangue","bangue",SUBSTANCE,"drug mixed with sugar",high,,False
"Zucchero","Sugar","maju","maju",SUBSTANCE,"concoction containing sugar",high,,False
"Zucchero","Sugar","alhos","garlic",PLANT,"ingredient in medicine",high,452,True
"Zucchero","Sugar","ameos","cummin",PLANT,"ingredient in medicine",high,,False
"Zucchero","Sugar","cominhos","cummin",PLANT,"ingredient in medicine",high,468,True
"Zucchero","Sugar","sal","salt",SUBSTANCE,"ingredient in medicine",high,1110,True
"Zucchero","Sugar","manteiga","butter",SUBSTANCE,"ingredient in medicine",high,,False
"Zucchero","Sugar","arata","arata",SUBSTANCE,"name of medicine",high,898,True
"Zucchero","Sugar","calamo yngoentarío","calamus aromaticus",PLANT,"named in relation to medicine",high,,False
"Zucchero","Sugar","achar","achar",SUBSTANCE,"preserved food item",high,,False
"Zucchero","Sugar","vinagre","vinegar",SUBSTANCE,"preservative",high,49,True
"Zucchero","Sugar","sal","salt",SUBSTANCE,"preservative",high,1110,True
"Zucchero","Sugar","agua estilada","distilled water",SUBSTANCE,"component for preparation",high,359,True
"Zucchero","Sugar","sacarmambum","sacarmambum",SUBSTANCE,"sugar from mambum cane",high,,False
"Zucchero","Sugar","mambum","mambum",PLANT,"cane used for sugar",high,1029,True
"Zucchero","Sugar","tabaxir","tabashir",SUBSTANCE,"alternative name for sugar source",high,248;33,True
"Zucchero","Sugar","achar","achar",SUBSTANCE,"synonym for preserved fruit in vinegar",high,,False
"Zucchero","Sugar","palhade Meca","palhade Meca",SUBSTANCE,"synonym for esquintam",high,755,True
"Pharmacographia","Pharmacopoeia","liquor Storacis","liquor storacis",SUBSTANCE,"possibly related to storax",medium,,False
"Pharmacographia","Pharmacopoeia","Liçuidambar altingiana","Liquidambar altingiana",PLANT,"tree similar to the one producing liquid storax",high,,False
"Pharmacographia","Pharmacopoeia","cravo","clove",PLANT,"called by Portuguese",high,320;541,True
"Pharmacographia","Pharmacopoeia","esmeralda oriental","oriental emerald",SUBSTANCE,"synonym for a variety of corundum",high,,False
"Pharmacographia","Pharmacopoeia","smaragdi","smaragdus",SUBSTANCE,"Latin name for emerald",high,,False
"Pharmacographia","Pharmacopoeia","turqueja","turquoise",SUBSTANCE,"identified as turquoise by Orta",high,730,True
"Pharmacographia","Pharmacopoeia","Aphrodisiacus, sive de lue venerca","Aphrodisiacus, sive de lue venerca",CONCEPT,"title of a book referenced",high,,False
"Ictericia","Jaundice","Verti∣go","Vertigo",DISEASE,"called vertigo",high,,False
"Ictericia","Jaundice","Verti∣go","Vertigo",DISEASE,"called vertigo",high,,False
"Malaca","Malacca","fingadjr","fingadjr",PLANT,"tree called 'the sad tree' by Portuguese",high,,False
"Malaca","Malacca","a arvore triste","the sad tree",PLANT,"called by Portuguese",high,,False
"Malaca","Malacca","fingadjr","fingadjr",PLANT,"tree called 'the sad tree' by Portuguese",high,,False
"Malaca","Malacca","a arvore triste","the sad tree",PLANT,"called by Portuguese",high,,False
"Malaca","Malacca","tigres","tiger",ANIMAL,"animal found in Malaca",high,,False
"Malaca","Malacca","reimóes","tiger",ANIMAL,"synonym for tigres in Malaca",high,,False
"Malaca","Malacca","tigres","tiger",ANIMAL,"animal found in Malaca",high,,False
"Malaca","Malacca","reimóes","tiger",ANIMAL,"synonym for tigres in Malaca",high,,False
"Malaca","Malacca","tigres","tiger",ANIMAL,"animal found in Malaca",high,,False
"Malaca","Malacca","reimóes","tiger",ANIMAL,"synonym for tigres in Malaca",high,,False
"Malaca","Malacca","Decam","Deccan",PLACE,"destination for produce from Malaca",high,,False
"Malaca","Malacca","Cochim","Cochin",PLACE,"source of a type of nut",high,,False
"Malaca","Malacca","chacani","chacani",SUBSTANCE,"type of nut from Cochim",high,,False
"Malaca","Malacca","pinam","areca nut",SUBSTANCE,"local name for areca nut in Malaca",high,,False
"Malaca","Malacca","Çeilam","Ceylon",PLACE,"source of areca nut",high,1164;318,True
"Malaca","Malacca","Co- tamaluco","Kottayam",PLACE,"part of the Deccan",low,,False
"Malaca","Malacca","achar","achar",SUBSTANCE,"preserved food item (vinegar and salt)",high,,False
"Malaca","Malacca","cravos verdes","green cloves",PLANT,"used to make scented water in Malaca",high,320,True
"Malaca","Malacca","jambos","jambos",PLANT,"fruit called in Malaca",high,,False
"Malaca","Malacca","jambolóes","jambolan",PLANT,"fruit compared to jambos",high,,False
"Malaca","Malacca","Liam de França","Liam de France",PLACE,"place of origin for something",low,,False
"Malaca","Malacca","calambac","calambac",SUBSTANCE,"valuable item; more expensive in Malaca",high,,False
"Malaca","Malacca","Arábia","Arabia",PLACE,"destination for calambac from Malaca",high,321,True
"Malaca","Malacca","Turquia","Turkey",PLACE,"destination for calambac from Malaca",high,176,True
"Malaca","Malacca","Pérsia","Persia",PLACE,"destination for calambac from Malaca",high,109;118,True
"Malaca","Malacca","China","China",PLACE,"destination for a substance (betre)",high,27,True
"Malaca","Malacca","betre","betel",SUBSTANCE,"consumed with 'cate' in China and Malaca",high,,False
"Malaca","Malacca","cate","catechu",SUBSTANCE,"consumed with betre; also known as cato in Malaca",high,,False
"Malaca","Malacca","cato","catechu",SUBSTANCE,"name for 'cate' in Malaca",high,,False
"Malaca","Malacca","cosio","cosio",CONCEPT,"related to the use of something",low,,False
"Malaca","Malacca","tq>lot","tq>lot",SUBSTANCE,"native name for something",high,,False
"Malaca","Malacca","pucko","pucko",SUBSTANCE,"name for 'tq>lot' in its own land",high,,False
"Malaca","Malacca","tq>lot","tq>lot",SUBSTANCE,"native name for something",high,,False
"Malaca","Malacca","pucko","pucko",SUBSTANCE,"name for 'tq>lot' in its own land",high,,False
"Malaca","Malacca","freixo","ash tree",PLANT,"tree size comparison",high,752,True
"Malaca","Malacca","urzes","heather",PLANT,"leaf comparison",high,,False
"Malaca","Malacca","jounas","juniper",PLANT,"leaf comparison in Portugal",high,715,True
"Malaca","Malacca","molanga","molanga",SUBSTANCE,"synonym for Malaca",high,,False
"Malaca","Malacca","Jilfil","Jilfil",SUBSTANCE,"Arabic name for Malaca",high,,False
"Gallinha","Chicken","alfavacadecobra","alfavacadecobra",PLANT,"ingredient in remedy",low,382,True
"Gallinha","Chicken","Parreyra","Parreyra",PLANT,"vulgar name for 'poda raizdaButua'",high,,False
"Gallinha","Chicken","Elicryſon","Elicryſon",PLANT,"named entity; possibly a synonym for Joyna",low,,False
"Gallinha","Chicken","Joyna","Joyna",PLANT,"vulgar name for Elicryſon",high,,False
"Gallinha","Chicken","canje","canje",SUBSTANCE,"term used by locals for rice water",high,756,True
"Gallinha","Chicken","cappone","cappone",ANIMAL,"synonym for chicken",high,,False
"panela de barro","Clay pot","Cardanilho","Cardanilho",SUBSTANCE,"vulgar name for 'de verdete'",high,,False
"tumor","tumor","carne quebrada","carne quebrada",DISEASE,"synonym for tumors",high,,False
"tumor","tumor","Kings evil","King's evil",DISEASE,"common name for Kernels by the Ears and Throat",high,,False
"tumor","tumor","Wens","Wens",DISEASE,"type of hard growth",high,,False
"Spleen","Spleen","Diacalaminthes","Diacalaminthes",SUBSTANCE,"powder used for Spleen issues",high,,False
"Spleen","Spleen","Calamint","Calamint",SUBSTANCE,"ingredient in Compound Syrup",high,1274,True
"toſles","toothache","Piles","hemorrhoids",DISEASE,"condition treated",high,308,True
"toſles","toothache","Hemorrhoids","hemorrhoids",DISEASE,"condition treated",high,308,True
"toſles","toothache","Oleum Iri∣num","Orris oil",SUBSTANCE,"alternative name/ingredient",high,831,True
"toſles","toothache","Flag Flower-de-luce","Iris",PLANT,"source plant",high,582,True
"Eryfipela","erysipelas","Exquiſita","exquisita",DISEASE,"synonym for Eryfipela legitima",high,,False
"Eryfipela","erysipelas","Exquiſita","exquisita",DISEASE,"synonym for Eryfipela legitima",high,,False
"Eryfipela","erysipelas","Exquiſita","exquisita",DISEASE,"synonym for Eryfipela legitima",high,,False
"Eryfipela","erysipelas","Notha","notha",DISEASE,"synonym for Eryfipela baſtarda",high,,False
"Eryfipela","erysipelas","Zona","zona",DISEASE,"synonym for Eryfipela",high,,False
"Eryfipela","erysipelas","Zona","zona",DISEASE,"synonym for Erysipela",high,,False
"noz noſcada","Nutmeg","geau\ialindi","cloves",PLANT,"synonym for 'nossas' (referring to spices)",medium,,False
"noz noſcada","Nutmeg","geau\i","nutmeg",PLANT,"synonym for 'nossa noz'",high,334,False
"noz noſcada","Nutmeg","Badajoz","Badajoz",PLACE,"city name related to etymology",high,618,True
"Inflamations","inflammation","Gout","gout",DISEASE,"condition treated",high,147,True
"Inflamations","inflammation","Sciatica","sciatica",DISEASE,"condition treated",high,52,True
"Inflamations","inflammation","Swellings in Cods","scrotal swelling",DISEASE,"condition treated",medium,,False
"Inflamations","inflammation","Ker∣nels","scrofula",DISEASE,"condition referred to",high,,False
"Inflamations","inflammation","Knots in the Neck or Throat","scrofula",DISEASE,"condition referred to",high,,False
"Inflamations","inflammation","Kings Evil","scrofula",DISEASE,"common name for condition",high,,False
"Inflamations","inflammation","Kibes","chilblains",DISEASE,"condition treated",high,,False
"Inflamations","inflammation","Chilblains","chilblains",DISEASE,"condition treated",high,,False
"Inflamations","inflammation","Impôstumes of the Throat","abscesses of the throat",DISEASE,"condition treated",high,,False
"Inflamations","inflammation","Kings Evil","scrofula",DISEASE,"common name for condition",high,,False
"Inflamations","inflammation","Kernels that rise behind the Ears","scrofula",DISEASE,"condition referred to",high,,False
"Inflamations","inflammation","Swellings in Womens Breasts","breast swelling",DISEASE,"condition treated",medium,,False
"Inflamations","inflammation","ChinCough","whooping cough",DISEASE,"condition treated",high,,False
"cobras","snakes","Boicinininga","Boicinininga",ANIMAL,"synonym for cobra",high,,False
"cobras","snakes","Cascavel","Cascavel",ANIMAL,"synonym for cobra",high,,False
"cobras","snakes","Tangedor","Tangedor",ANIMAL,"synonym for cobra",high,,False
"cobras","snakes","cascavel","cascavel",ANIMAL,"synonym for cobra",high,,False
"cobras","snakes","fel daterra","fel daterra",PLANT,"common name for Oriola",high,,False
"cobras","snakes","cobras de capelo","cobras de capelo",ANIMAL,"folk name for serpents",high,338,False
"cobras","snakes","regulus serpens","regulus serpens",ANIMAL,"Latin name for serpents",high,,False
"cobras","snakes","pao da cobra","pao da cobra",SUBSTANCE,"remedy for snake bite",high,,False
"cobras","snakes","cobras de capelo","cobras de capelo",ANIMAL,"folk name for serpents",high,338,False
"cobras","snakes","regulus serpens","regulus serpens",ANIMAL,"Latin name for serpents",high,,False
"cobras","snakes","pao da cobra","pao da cobra",SUBSTANCE,"remedy for snake bite",high,,False
"cobras","snakes","quil","quil",ANIMAL,"type of 'bichos'",low,,False
"cobras","snakes","ramnetul","ramnetul",SUBSTANCE,"remedy",medium,,False
"cobras","snakes","pao da cobra","pao da cobra",SUBSTANCE,"remedy for snake bite",high,,False
"cobras","snakes","boqueti ovale","boqueti ovale",SUBSTANCE,"Chingala name for 'pao da cobra'",high,,False
"Fistula's","Fistula","Polipus","Polipus",DISEASE,"similar to Fistulaes",low,464,True
"Fistula's","Fistula","Gangrenes","Gangrenes",DISEASE,"similar to Fistulaes",low,,False
"Fistula's","Fistula","Scabs","Scabs",DISEASE,"similar to Fistulaes",low,,False
"Fistula's","Fistula","Mainginess","Mainginess",DISEASE,"similar to Fistulaes",low,,False
"Fistula's","Fistula","Itch","Itch",DISEASE,"similar to Fistulaes",low,,False
"Fistula's","Fistula","Wounds","Wounds",DISEASE,"similar to Fistulaes",low,130,True
"ervas","herbs","Oriola","Oriola",PLANT,"herbal medicine for phlegm and coughs",high,,False
"ervas","herbs","Eftillicidios","Estillicidios",DISEASE,"caused by phlegm",medium,,False
"ervas","herbs","Jiiste","Jiiste",PLANT,"Castilian name for something similar to the other herb",high,,False
"ervas","herbs","adrac","adrac",PLANT,"Malabar name for the green form of the herb",high,,False
"ervas","herbs","sucte","sucte",PLANT,"Malabar name for the dried form of the herb",high,,False
"ervas","herbs","imgi","imgi",PLANT,"Malabar name for the green and dried herb",high,,False
"ervas","herbs","o/fá","o/fá",PLANT,"Malay name for the herb",high,,False
"ervas","herbs","espadana","espadana",PLANT,"plant resembling the herb",medium,582,True
"ervas","herbs","lirío espadanai","lirío espadanai",PLANT,"plant resembling the herb",medium,,False
"ervas","herbs","avacari","avacari",PLANT,"name for this herb",high,,False
"ervas","herbs","camarás","camarás",DISEASE,"condition treated by the herb",medium,,False
"ervas","herbs","cachabar","cachabar",PLANT,"synonym for erva",high,,False
"ervas","herbs","haxiscaçule","haxiscaçule",PLANT,"synonym for erva",high,,False
"ervas","herbs","cachabar","cachabar",PLANT,"synonym for erva",high,,False
"ervas","herbs","haxiscaçule","haxiscaçule",PLANT,"synonym for erva",high,,False
"ervas","herbs","alaf","alaf",PLANT,"synonym for erva",high,382,True
"ervas","herbs","cachabar","cachabar",PLANT,"synonym for erva",high,,False
"ervas","herbs","haxiscaçule","haxiscaçule",PLANT,"synonym for erva",high,,False
"ervas","herbs","alaf","alaf",PLANT,"synonym for erva",high,382,True
"ervas","herbs","chulem","chulem",PLANT,"similar to erva",medium,,False
"ervas","herbs","chulem","chulem",PLANT,"similar to erva",medium,,False
"ervas","herbs","atambor","atambor",PLANT,"synonym for erva",high,,False
"ervas","herbs","atambor","atambor",PLANT,"synonym for erva",high,,False
"ervas","herbs","atambor","atambor",PLANT,"synonym for erva",high,,False
"colericos","Choler","arare","arare",CONCEPT,"type of purging for purging cholera",high,,False
"colericos","Choler","aritiqui","aritiqui",DISEASE,"medical term for arare",high,,False
"colericos","Choler","citrinos","citrinos",SUBSTANCE,"common name for arare",high,86,True
"colericos","Choler","anvale","anvale",SUBSTANCE,"alternative name in India",high,,False
"colericos","Choler","emblicos","emblicos",SUBSTANCE,"common name for anvale",high,580,True
"colericos","Choler","reãnpale","reanpale",SUBSTANCE,"alternative name in India",high,,False
"Tremores","Tremors","chamarabodeCavallo","chamarabodeCavallo",PLANT,"vernacular name for Equisetum",high,,False
"hyffopo","Hyssop","Hyfopo","Hyssop",PLANT,"synonym",high,346,False
"hyffopo","Hyssop","Ghiaggiuolo","Gladiolus",PLANT,"listed alongside",medium,,False
"hyffopo","Hyssop","Hyfopo","Hyssop",PLANT,"synonym",high,346,False
"hyffopo","Hyssop","Ghiaggiuolo","Gladiolus",PLANT,"listed alongside",medium,,False
"hyffopo","Hyssop","Fichilècchigraisi","Fennel",PLANT,"listed alongside",medium,454,True
"hyffopo","Hyssop","Pinocchi mondi","Fennel seeds (cleaned)",SUBSTANCE,"listed alongside",medium,,False
"triaga magna","Theriac","pa^ar","Antidote",SUBSTANCE,"alternative name for triaga",high,213,True
"triaga magna","Theriac","pa:(am","Antidote",SUBSTANCE,"alternative name for triaga",high,213,True
"triaga magna","Theriac","locomio","Locomium",SUBSTANCE,"synonym for triaga",medium,,False
"triaga magna","Theriac","beiar","Bezoar",SUBSTANCE,"corrupted name for pa^ar/triaga",high,215,True
"peyto","Chest","Arnoglofia","Plantago media",PLANT,"synonym for tanchagem macho",high,,False
"peyto","Chest","tanchagem macho","Plantago media",PLANT,"vulgar name for Arnoglofia",high,,False
"peyto","Chest","lingua arietis","Plantago media",PLANT,"alternative name for Arnoglofia",high,,False
"Ormuz","Hormuz Island","Judá","Jeddah",PLACE,"corrupted name for Gida",high,,False
"Ormuz","Hormuz Island","Gida","Jeddah",PLACE,"original name for Judá",high,,False
"Ormuz","Hormuz Island","caril","Curry",CONCEPT,"name for spiced meat/fish",high,,False
"Ormuz","Hormuz Island","copra","Copra",SUBSTANCE,"dried coconut pieces",high,,False
"Ormuz","Hormuz Island","çupari","Sugar cane",PLANT,"local name",high,319,True
"Ormuz","Hormuz Island","pinam","Areca nut",SUBSTANCE,"name for areca nut",high,,False
"Ormuz","Hormuz Island","poa","Areca nut",SUBSTANCE,"local name for areca nut",high,,False
"Ormuz","Hormuz Island","guoma","Gum",SUBSTANCE,"alternative name for the substance",high,,False
"Ormuz","Hormuz Island","Xatamaz","Shah",CONCEPT,"title of the king",high,,False
"Ormuz","Hormuz Island","xá","Shah",CONCEPT,"title of the king",high,,False
"Ormuz","Hormuz Island","paxá","Pasha",CONCEPT,"title of lesser kings",high,,False
"Ormuz","Hormuz Island","honencar","Honencar",CONCEPT,"title of the Turkish Sultan",high,,False
"Ormuz","Hormuz Island","mangas","manga",PLANT,"fruit",high,,False
"Ormuz","Hormuz Island","reino do Guzarate","Gujarat",PLACE,"region",high,,False
"Ormuz","Hormuz Island","gu^^a- ratas","guzarate",PLANT,"variety of manga",high,,False
"Ormuz","Hormuz Island","Franquia","Francia",PLACE,"Christianity",high,9,True
"Ormuz","Hormuz Island","aljôfar","aljofar",SUBSTANCE,"a type of pearl",high,461,True
"Ormuz","Hormuz Island","ruibarbo","rhubarb",PLANT,"medicinal herb",high,141,True
"Ormuz","Hormuz Island","China","China",PLACE,"source of rhubarb",high,27,True
"Ormuz","Hormuz Island","Tartaria","Tartary",PLACE,"region",high,617,True
"Ormuz","Hormuz Island","Uzbeque","Uzbek",PLACE,"region",high,,False
"Ormuz","Hormuz Island","Pérsia","Persia",PLACE,"region",high,109;118,True
"Ormuz","Hormuz Island","rapam chini","rapam chini",PLANT,"Chinese rhubarb",high,,False
"Ormuz","Hormuz Island","ruibarbo","rhubarb",PLANT,"medicinal herb",high,141,True
"Ormuz","Hormuz Island","China","China",PLACE,"source of rhubarb",high,27,True
"Ormuz","Hormuz Island","Tartaria","Tartary",PLACE,"region",high,617,True
"Ormuz","Hormuz Island","Uzbeque","Uzbek",PLACE,"region",high,,False
"Ormuz","Hormuz Island","Pérsia","Persia",PLACE,"region",high,109;118,True
"Ormuz","Hormuz Island","rapam chini","rapam chini",PLANT,"Chinese rhubarb",high,,False
"Ormuz","Hormuz Island","ravam","ravam",PLANT,"rhubarb",high,,False
"Ormuz","Hormuz Island","Cochim","Cochin",PLACE,"port city",high,,False
"Ormuz","Hormuz Island","Goa","Goa",PLACE,"port city",high,57,True
"Ormuz","Hormuz Island","Ma- lavar","Malabar",PLACE,"region",high,133,True
"Ormuz","Hormuz Island","Canara","Canara",PLACE,"region",high,221,True
"Ormuz","Hormuz Island","Benguala","Bengal",PLACE,"region",high,355,True
"Ormuz","Hormuz Island","Decam","Deccan",PLACE,"region",high,,False
"Ormuz","Hormuz Island","Guzarate","Gujarat",PLACE,"region",high,,False
"Ormuz","Hormuz Island","Arábia","Arabia",PLACE,"region",high,321,True
"Ormuz","Hormuz Island","sândalo citrino","citrine sandalwood",SUBSTANCE,"fragrant wood",high,206,True
"Ormuz","Hormuz Island","macha^ari","machahari",SUBSTANCE,"sandalwood variant",high,,False
"Ormuz","Hormuz Island","maha\ari","mahari",SUBSTANCE,"sandalwood variant",high,,False
"Floride","Florida","Canal viejo","Canal Viejo",PLACE,"channel",high,,False
"Floride","Florida","Old Bahama Cliannel","Old Bahama Channel",PLACE,"channel",high,,False
"Floride","Florida","Santander","Santander",PLACE,"embouchure",high,,False
"Floride","Florida","Canal<le la Floride","Canal de la Floride",PLACE,"channel",high,,False
"Floride","Florida","La Méditerranée","Mediterranean Sea",PLACE,"sea",high,426,True
"Floride","Florida","Mer Noire","Black Sea",PLACE,"sea",high,,False
"Seme d'Appio","Celery seed","cinnamomo","cinnamon",SUBSTANCE,"spice",high,28,True
"Seme d'Appio","Celery seed","gengiouo","ginger",SUBSTANCE,"spice",high,362,True
"Seme d'Appio","Celery seed","niace","mace",SUBSTANCE,"spice",high,91,True
"Seme d'Appio","Celery seed","<Sc zafferano","saffron",SUBSTANCE,"spice",high,611,True
"Seme d'Appio","Celery seed","sUri di prezzemolo","parsley roots",PLANT,"herb root",high,,False
"Seme d'Appio","Celery seed","gallta mufcata","nutmeg",SUBSTANCE,"spice",high,334,True
"Seme d'Appio","Celery seed","legno di finocchio","fennel wood",PLANT,"herb root",high,,False
"Seme d'Appio","Celery seed","aloe","aloe",SUBSTANCE,"medicinal plant resin",high,384,True
"Seme d'Appio","Celery seed","alerò","aloë",SUBSTANCE,"medicinal plant resin",high,,False
"Seme d'Appio","Celery seed","Seme d'Anici","anise seed",PLANT,"seed",high,,False
"Seme d'Appio","Celery seed","OXYMELE SEMPLICE","simple oxymel",SUBSTANCE,"preparation",high,,False
"Seme d'Appio","Celery seed","prezzemolo","parsley",PLANT,"herb",high,666,True
"Seme d'Appio","Celery seed","Di Galeno","Galen",PERSON,"physician",high,1,True
"Seme d'Appio","Celery seed","di Finocchio","fennel",PLANT,"herb",high,454,True
"Seme d'Appio","Celery seed","Radici d'Appio","celery roots",PLANT,"herb root",high,,False
"Seme d'Appio","Celery seed","prez- zetnolo","parsley",PLANT,"herb",high,666,True
"Seme d'Appio","Celery seed","Finocichio","fennel",PLANT,"herb",high,454,True
"Seme d'Appio","Celery seed","Endima","endive",PLANT,"herb",high,,False
"Seme d'Appio","Celery seed","prc^zeniojo","parsley",PLANT,"herb",high,666,True
"Seme d'Appio","Celery seed","Finocchsp","fennel",PLANT,"herb",high,454,True
"Seme d'Appio","Celery seed","Anaci","anise",PLANT,"herb",high,1249;410,True
"Seme d'Appio","Celery seed","Hndiuia","endive",PLANT,"herb",high,,False
"Seme d'Appio","Celery seed","Logorizia","licorice",PLANT,"herb",high,1232,True
"Seme d'Appio","Celery seed","Anici","anise",PLANT,"herb",high,1249;410,True
"Seme d'Appio","Celery seed","finocchio","fennel",PLANT,"herb",high,454,True
"Seme d'Appio","Celery seed","Mcfue","Mecue",CONCEPT,"measurement",low,,False
"Seme d'Appio","Celery seed","Argherite bianche","Argherite bianche",SUBSTANCE,"unknown",low,,False
"Seme d'Appio","Celery seed","Fràmenti di zaffiro","Fràmenti di zaffiro",SUBSTANCE,"unknown",low,,False
"Seme d'Appio","Celery seed","Hiacinto","Hyacinth",PLANT,"unknown",medium,1177,True
"Seme d'Appio","Celery seed","Sardine","Sardine",ANIMAL,"unknown",low,1072,True
"Seme d'Appio","Celery seed","corninole","corninole",SUBSTANCE,"unknown",low,,False
"Seme d'Appio","Celery seed","Granati","Garnets",SUBSTANCE,"unknown",low,,False
"Seme d'Appio","Celery seed","Smeraldi","Emeralds",SUBSTANCE,"unknown",low,,False
"Seme d'Appio","Celery seed","Zedoaria","Zedoary",PLANT,"unknown",high,103,True
"Seme d'Appio","Celery seed","Doronici","Doronicum",PLANT,"unknown",high,,False
"Seme d'Appio","Celery seed","Scorze di ccderno","cedar bark",PLANT,"unknown",high,,False
"Seme d'Appio","Celery seed","Mace","Mace",PLANT,"unknown",high,91,True
"Seme d'Appio","Celery seed","Seme di Bafsilico","Basil seed",PLANT,"unknown",high,,False
"Seme d'Appio","Celery seed","gariofilato","clove",PLANT,"unknown",high,320;541,True
"Seme d'Appio","Celery seed","Coralli rofsi","red coral",SUBSTANCE,"unknown",high,,False
"Seme d'Appio","Celery seed","Ambra gialla","yellow amber",SUBSTANCE,"unknown",high,383,True
"Seme d'Appio","Celery seed","Gherofani","cloves",PLANT,"unknown",high,,False
"Seme d'Appio","Celery seed","lutouaro","lactuary",SUBSTANCE,"unknown",high,,False
"Seme d'Appio","Celery seed","AC A LAMENTO","hyssop",PLANT,"unknown",high,346,True
"Seme d'Appio","Celery seed","Galeno","Galen",PERSON,"cited",high,1,True
"Seme d'Appio","Celery seed","Mefuc","Mesue",PERSON,"cited",high,,False
"Seme d'Appio","Celery seed","Alamcntol","hyssop",PLANT,"unknown",high,346,True
"Seme d'Appio","Celery seed","montano","mountain",PLACE,"modifier",low,1274,True
"Seme d'Appio","Celery seed","Calamentof uuiabj","mountain hyssop",PLANT,"unknown",high,,False
"Seme d'Appio","Celery seed","Sermontano","mountain hyssop",PLANT,"unknown",high,,False
"Seme d'Appio","Celery seed","Seme di Petrof","parsley seed",PLANT,"unknown",high,,False
"Seme d'Appio","Celery seed","Ili","ili",SUBSTANCE,"unknown",low,,False
"Seme d'Appio","Celery seed","ni3cccionico","nichionico",SUBSTANCE,"unknown",low,,False
"Seme d'Appio","Celery seed","Leuittico","Levisticum",PLANT,"unknown",high,,False
"Seme d'Appio","Celery seed","Gcngiouo","ginger",PLANT,"unknown",high,362,True
"Seme d'Appio","Celery seed","prezzemolo","parsley",PLANT,"synonym",high,666,True
"Seme d'Appio","Celery seed","CimediThymo","Thyme",PLANT,"unknown",high,210,True
"Seme d'Appio","Celery seed","Pepe nero","black pepper",PLANT,"unknown",high,,False
"Seme d'Appio","Celery seed","AC A LAMENTO","hyssop",PLANT,"unknown",high,346,True
"Seme d'Appio","Celery seed","Galeno","Galen",PERSON,"cited",high,1,True
"Seme d'Appio","Celery seed","Mefuc","Mesue",PERSON,"cited",high,,False
"Seme d'Appio","Celery seed","Alamcntol","hyssop",PLANT,"unknown",high,346,True
"Seme d'Appio","Celery seed","montano","mountain",PLACE,"modifier",low,1274,True
"Seme d'Appio","Celery seed","Calamentof uuiabj","mountain hyssop",PLANT,"unknown",high,,False
"Seme d'Appio","Celery seed","Sermontano","mountain hyssop",PLANT,"unknown",high,,False
"Seme d'Appio","Celery seed","Seme di Petrof","parsley seed",PLANT,"unknown",high,,False
"Seme d'Appio","Celery seed","Ili","ili",SUBSTANCE,"unknown",low,,False
"Seme d'Appio","Celery seed","ni3cccionico","nichionico",SUBSTANCE,"unknown",low,,False
"Seme d'Appio","Celery seed","Leuittico","Levisticum",PLANT,"unknown",high,,False
"Seme d'Appio","Celery seed","Gcngiouo","ginger",PLANT,"unknown",high,362,True
"Seme d'Appio","Celery seed","prezzemolo","parsley",PLANT,"synonym",high,666,True
"Seme d'Appio","Celery seed","CimediThymo","Thyme",PLANT,"unknown",high,210,True
"Seme d'Appio","Celery seed","Pepe nero","black pepper",PLANT,"unknown",high,,False
"Seme d'Appio","Celery seed","Mele ftiumato","stewed apples",SUBSTANCE,"unknown",medium,,False
"Seme d'Appio","Celery seed","ACI NNAMOMO","cinnamon",PLANT,"unknown",high,28,True
"Seme d'Appio","Celery seed","fottiIe","sottile",CONCEPT,"modifier",low,,False
"Seme d'Appio","Celery seed","Gherotani","cloves",PLANT,"unknown",high,,False
"Seme d'Appio","Celery seed","Mace","Mace",PLANT,"unknown",high,91,True
"Seme d'Appio","Celery seed","Leuiftico","Levisticum",PLANT,"unknown",high,988,True
"Seme d'Appio","Celery seed","Gengiouo","ginger",PLANT,"unknown",high,362,True
"Seme d'Appio","Celery seed","Pepe lungo bianco","long pepper",PLANT,"unknown",high,462,True
"Seme d'Appio","Celery seed","Cinnamomo","cinnamon",PLANT,"unknown",high,28,True
"Seme d'Appio","Celery seed","Calamo aromati","sweet flag",PLANT,"unknown",high,158,True
"Seme d'Appio","Celery seed","Ca lamento fecco","dried hyssop",PLANT,"unknown",high,,False
"Seme d'Appio","Celery seed","Menta fecca","dried mint",PLANT,"unknown",high,,False
"Seme d'Appio","Celery seed","Cardamomo","cardamom",PLANT,"unknown",high,382,True
"Seme d'Appio","Celery seed","Nardo indica","Indian nard",PLANT,"unknown",high,,False
"Seme d'Appio","Celery seed","Scordeo","Scorzonera",PLANT,"unknown",high,,False
"Seme d'Appio","Celery seed","Cerracca","Cerracca",SUBSTANCE,"unknown",low,1012,True
"Seme d'Appio","Celery seed","Sugo di logorizia","liquorice juice",PLANT,"unknown",high,,False
"Seme d'Appio","Celery seed","Fefta","Fefta",SUBSTANCE,"unknown",low,,False
"Seme d'Appio","Celery seed","lattouaro","lactuary",SUBSTANCE,"unknown",high,,False
"Seme d'Appio","Celery seed","zucche","gourds",PLANT,"unknown",high,,False
"Seme d'Appio","Celery seed","lattouaro","lactuary",SUBSTANCE,"unknown",high,,False
"Seme d'Appio","Celery seed","ACROCO","acrocos",SUBSTANCE,"unknown",low,,False
"Seme d'Appio","Celery seed","MA Zafferano","saffron",PLANT,"unknown",high,611,True
"Seme d'Appio","Celery seed","Afaro","saffron",PLANT,"unknown",high,529;611,True
"Seme d'Appio","Celery seed","Seme di Petroleilino","parsley seed",PLANT,"unknown",high,,False
"Seme d'Appio","Celery seed","Macedonico","Macedonian",PLACE,"modifier",low,,False
"Seme d'Appio","Celery seed","prez","parsley",PLANT,"synonym",high,666,True
"Seme d'Appio","Celery seed","zemolo","parsley",PLANT,"synonym",high,666,True
"Seme d'Appio","Celery seed","Dauci","carrots",PLANT,"unknown",high,,False
"Seme d'Appio","Celery seed","Anici","anise",PLANT,"unknown",high,1249;410,True
"Seme d'Appio","Celery seed","Rhabarbatofine","fine rhubarb",PLANT,"unknown",high,,False
"Seme d'Appio","Celery seed","Keu","keu",SUBSTANCE,"unknown",low,,False
"Seme d'Appio","Celery seed","Nardo indica","Indian nard",PLANT,"unknown",high,,False
"Seme d'Appio","Celery seed","Cofto","Costus",PLANT,"unknown",high,483,True
"Seme d'Appio","Celery seed","Myrrha","Myrrh",SUBSTANCE,"unknown",high,489;671,True
"Seme d'Appio","Celery seed","Calia","Calia",SUBSTANCE,"unknown",low,,False
"Seme d'Appio","Celery seed","Mirabolani citrini","citrine myrobalans",PLANT,"unknown",high,,False
"Seme d'Appio","Celery seed","CheboU","Chebulic myrobalan",PLANT,"unknown",high,,False
"Seme d'Appio","Celery seed","Indi","Indian",PLACE,"modifier",low,704,True
"Seme d'Appio","Celery seed","Belirici","Belliric myrobalans",PLANT,"unknown",high,,False
"Seme d'Appio","Celery seed","Emblici","Emblic myrobalans",PLANT,"unknown",high,580,True
"Seme d'Appio","Celery seed","Khsbarbaro","rhubarb",PLANT,"unknown",high,141,True
"Seme d'Appio","Celery seed","Seme di f umofternoj","fumitory seed",PLANT,"unknown",high,,False
"Seme d'Appio","Celery seed","Nardo indica","Indian nard",PLANT,"unknown",high,,False
"Seme d'Appio","Celery seed","Anici","anise",PLANT,"unknown",high,1249;410,True
"Seme d'Appio","Celery seed","lattouaro","lactuary",SUBSTANCE,"unknown",high,,False
"Seme d'Appio","Celery seed","AiFerano","saffron",PLANT,"unknown",high,611,True
"Seme d'Appio","Celery seed","ZAP","ZAP",SUBSTANCE,"unknown",low,,False
"Seme d'Appio","Celery seed","Euphoibio","euphorbium",SUBSTANCE,"unknown",high,170,True
"Seme d'Appio","Celery seed","Nardo indica","Indian nard",PLANT,"unknown",high,,False
"Seme d'Appio","Celery seed","Pepe b;anco","white pepper",PLANT,"unknown",high,,False
"Seme d'Appio","Celery seed","Seme di hyotcp^no","hyoscyamus seed",PLANT,"unknown",high,,False
"Seme d'Appio","Celery seed","Oppio","opium",SUBSTANCE,"unknown",high,83;196,True
"Seme d'Appio","Celery seed","Mele","honey",SUBSTANCE,"unknown",high,140;957,True
"Seme d'Appio","Celery seed","Caftprq","castor",SUBSTANCE,"unknown",high,,False
"Seme d'Appio","Celery seed","leardo m dica","Indian nard",PLANT,"unknown",high,,False
"Seme d'Appio","Celery seed","P H l L O N I O M A Q","Philonium Magnum",SUBSTANCE,"unknown",low,,False
"Seme d'Appio","Celery seed","puphoibio","euphorbium",SUBSTANCE,"unknown",high,170,True
"Seme d'Appio","Celery seed","giore","giore",SUBSTANCE,"unknown",low,,False
"Seme d'Appio","Celery seed","Seme di ruta","rue seed",PLANT,"unknown",high,,False
"Seme d'Appio","Celery seed","faluatica","salvaticus",CONCEPT,"modifier",low,,False
"Seme d'Appio","Celery seed","Se ripofte","if preserved",CONCEPT,"modifier",low,,False
"Seme d'Appio","Celery seed","vafo di vctrocon","glass vessel",SUBSTANCE,"unknown",low,,False
"Seme d'Appio","Celery seed","harmel","Harmel",PLANT,"unknown",high,,False
"Seme d'Appio","Celery seed","Mn-oncvim","Mn-oncvim",SUBSTANCE,"unknown",low,,False
"Seme d'Appio","Celery seed","Hy","Hy",SUBSTANCE,"unknown",low,,False
"Seme d'Appio","Celery seed","faluatica","salvaticus",CONCEPT,"modifier",low,,False
"Seme d'Appio","Celery seed","Se ripofte","if preserved",CONCEPT,"modifier",low,,False
"Seme d'Appio","Celery seed","vafo di vctrocon","glass vessel",SUBSTANCE,"unknown",low,,False
"Seme d'Appio","Celery seed","harmel","Harmel",PLANT,"unknown",high,,False
"Seme d'Appio","Celery seed","Mn-oncvim","Mn-oncvim",SUBSTANCE,"unknown",low,,False
"Seme d'Appio","Celery seed","Hy","Hy",SUBSTANCE,"unknown",low,,False
"Seme d'Appio","Celery seed","fopo di cadia","fopo di cadia",SUBSTANCE,"unknown",low,,False
"Seme d'Appio","Celery seed","Seme di finocchio","fennel seed",PLANT,"unknown",high,353,False
"Seme d'Appio","Celery seed","fàlyatico","salvaticus",CONCEPT,"modifier",low,,False
"Seme d'Appio","Celery seed","Nardo celtica","Celtic nard",PLANT,"unknown",high,,False
"Seme d'Appio","Celery seed","Stachi","Stachys",PLANT,"unknown",high,,False
"Nizamoxa","Nizam of Deccan","Nizamaluco","Nizam al-Mulk",PERSON,"synonym",high,354,False
"Nizamoxa","Nizam of Deccan","Avenrrois","Averroes",PERSON,"cited",high,,False
"Nizamoxa","Nizam of Deccan","Abenzoar","Avenzoar",PERSON,"cited",high,,False
"Nizamoxa","Nizam of Deccan","Xatamas","Xatamas",PERSON,"son of the known entity's son",high,,False
"Nizamoxa","Nizam of Deccan","Xá","Shah",CONCEPT,"title of king",high,,False
"Nizamoxa","Nizam of Deccan","Adelxa","Adelshah",PERSON,"equivalent title to Nizamoxa",high,,False
"Nizamoxa","Nizam of Deccan","Cotu- mixa","Cotub-mishah",PERSON,"equivalent title to Nizamoxa",high,,False
"Nizamoxa","Nizam of Deccan","Adelxa","Adelshah",PERSON,"equivalent title to Nizamoxa",high,,False
"Nizamoxa","Nizam of Deccan","Cotu- mixa","Cotub-mishah",PERSON,"equivalent title to Nizamoxa",high,,False
"Nizamoxa","Nizam of Deccan","Xeque Ismael","Sheikh Ismail",PERSON,"alternative name for Xa Ismael",high,,False
"Nizamoxa","Nizam of Deccan","Xa Ismael","Shah Ismail",PERSON,"alternative name for Xeque Ismael",high,,False
"Nizamoxa","Nizam of Deccan","Dioscorides","Dioscorides",PERSON,"classical medical authority",high,3,True
"Nizamoxa","Nizam of Deccan","esquinanto","scammony",SUBSTANCE,"synonym for another substance; possibly related to the known entity's domain",high,229,True
"Nizamoxa","Nizam of Deccan","frol fbca","caulophyllum thalictroides flower",PLANT,"synonym for another plant name",medium,,False
"Nizamoxa","Nizam of Deccan","Nizamaluquo","Nizam al-Mulk",PERSON,"vulgar name for Nizamoxa",high,354,False
"Nizamoxa","Nizam of Deccan","Jblium indum","Indian tamarind",PLANT,"plant used for mastication; mentioned in contrast to the known entity's treatment",high,,False
"Bengala","Bengal","Çocotora","Socotra",PLACE,"port of call before India",high,624,True
"Bengala","Bengal","Gambaya","Gambia",PLACE,"origin of goods traded with Bengal",high,,False
"Bengala","Bengal","Ormuz","Hormuz",PLACE,"destination of goods from Bengal",high,351,True
"Bengala","Bengal","Adem","Aden",PLACE,"destination of goods from Bengal",high,,False
"Bengala","Bengal","Judá","Jeddah",PLACE,"corrupted name for Gida",high,,False
"Bengala","Bengal","Gida","Jeddah",PLACE,"original name for Judá",high,,False
"Bengala","Bengal","quelli","figs",PLANT,"name for figs in various languages including Bengali",high,397,True
"Bengala","Bengal","palam","figs",PLANT,"name for figs in Malavar",high,524;397,True
"Bengala","Bengal","j^/fam","figs",PLANT,"name for figs in Malay",high,397,True
"Bengala","Bengal","gengivre","ginger",PLANT,"local name for ginger",high,362,True
"Bengala","Bengal","gim:{ibil","ginger",PLANT,"name for ginger among Arabs; Persians; and Turks",high,362,True
"Bengala","Bengal","adrac","ginger",PLANT,"name for green ginger among Guzarates; Decanins; and Bengalis",high,362,True
"Bengala","Bengal","sucte","ginger",PLANT,"name for dried ginger among Guzarates; Decanins; and Bengalis",high,362,True
"Bengala","Bengal","imgi","ginger",PLANT,"name for ginger (green and dried) in Malavar",high,362,True
"Bengala","Bengal","o/fá","ginger",PLANT,"name for ginger in Malay",high,362,True
"Bengala","Bengal","Pegú","Pegu",PLACE,"region where a substance is found",high,,False
"Bengala","Bengal","Martabam","Martaban",PLACE,"region where a substance is found",high,,False
"Bengala","Bengal","Balagate","Balaghat",PLACE,"region where a substance is found",high,,False
"Bengala","Bengal","Malavar","Malabar",PLACE,"region where a substance is found",high,133,True
"Bengala","Bengal","lac","lac",SUBSTANCE,"name for a substance in its own land's language",high,916;1012,True
"Bengala","Bengal","gandas","rhinoceros",ANIMAL,"Indian name for rhinoceros",high,903,True
"Bengala","Bengal","Patane","Patani",PLACE,"region where rhinoceros may be found",high,,False
"Bengala","Bengal","gotim","belleric myrobalans",SUBSTANCE,"alternative name for bellericos",high,704,True
"Bengala","Bengal","belericos","belleric myrobalans",SUBSTANCE,"known name for round fruits",high,802,True
"Bengala","Bengal","aretca","areca nut",SUBSTANCE,"name for nuts that purge phlegm",high,,False
"Bengala","Bengal","Bisnager","Vijayanagara",PLACE,"place where certain nuts are found",high,,False
"Bengala","Bengal","Cambaia","Cambay",PLACE,"place where certain nuts are found",high,,False
"Bengala","Bengal","mirabolano","myrobalan",SUBSTANCE,"a substance mentioned in the context of Goa and its uses; possibly related to or compared with anpile and emblicos.",high,704;378,True
"Bengala","Bengal","anpale","anpale",SUBSTANCE,"a name for mirabolano used in Goa.",high,,False
"Bengala","Bengal","emblecos","emblics",SUBSTANCE,"a synonym for anvale; used by the author.",high,,False
"Bengala","Bengal","çumagre","sumach",SUBSTANCE,"a substance used in tanning hides; compared to the use of anvale.",high,,False
"Manteyga crua","Raw butter","malvas","mallow",PLANT,"an ingredient in a medicinal preparation.",high,,False
"Manteyga crua","Raw butter","violas","violets",PLANT,"an ingredient in a medicinal preparation.",high,,False
"Manteyga crua","Raw butter","ameyxas","plums",PLANT,"an ingredient in a medicinal preparation.",high,495,True
"Manteyga crua","Raw butter","urtigas mortas","dead nettles",PLANT,"an ingredient in a medicinal preparation.",high,,False
"Manteyga crua","Raw butter","figos paſlados","dried figs",PLANT,"an ingredient in a medicinal preparation.",high,397,True
"Manteyga crua","Raw butter","alforvas","fenugreek",PLANT,"an ingredient in a medicinal preparation.",high,382,True
"Manteyga crua","Raw butter","linhaçagallega","Galician flaxseed",PLANT,"an ingredient in a medicinal preparation.",high,,False
"Manteyga crua","Raw butter","raizes de malvaiſco","marshmallow roots",PLANT,"an ingredient in a medicinal preparation.",high,,False
"Manteyga crua","Raw butter","lambedor violado","violated lambedor",SUBSTANCE,"an ingredient in a medicinal preparation; likely a syrup or confection.",low,379,True
"Manteyga crua","Raw butter","manteyga devacca","cow's butter",SUBSTANCE,"an ingredient in a medicinal preparation.",high,356,False
"Manteyga crua","Raw butter","ledytao","ledytao",SUBSTANCE,"a substance prepared from herbs; used for purging.",medium,,False
"Manteyga crua","Raw butter","hervas","herbs",PLANT,"used in the preparation of purgatives.",high,26;342,True
"Manteyga crua","Raw butter","Purgativos","purgatives",CONCEPT,"a category of medicinal preparations derived from herbs.",high,22,True
"distilled Water","Distilled water","red Roses","red roses",PLANT,"the source of yellow threads used in a remedy.",high,,False
"distilled Water","Distilled water","Rose Seeds","rose seeds",PLANT,"erroneously identified threads in roses.",high,,False
"distilled Water","Distilled water","Quinces","quinces",PLANT,"the source of distilled water used in a remedy.",high,,False
"distilled Water","Distilled water","Súgar of Roses","sugar of roses",SUBSTANCE,"a preparation from roses; more common name for something else.",high,,False
"distilled Water","Distilled water","Syrup of dryed Roses","syrup of dried roses",SUBSTANCE,"a preparation from roses.",high,,False
"distilled Water","Distilled water","Hȯney of Roses","honey of roses",SUBSTANCE,"a preparation from roses.",high,,False
"distilled Water","Distilled water","Diarhodon Abhatis","Diarhodon Abhatis",SUBSTANCE,"a cordial powder made from roses.",high,834,True
"distilled Water","Distilled water","Aromatica Rosȁ̃rum","Aromatica Rosarum",SUBSTANCE,"a cordial powder made from roses.",high,764,True
"distilled Water","Distilled water","Vinegar of Roses","vinegar of roses",SUBSTANCE,"a preparation from roses.",high,,False
"distilled Water","Distilled water","Oyntment of Roses","ointment of roses",SUBSTANCE,"a preparation from roses.",high,,False
"distilled Water","Distilled water","Oyl of Roses","oil of roses",SUBSTANCE,"a preparation from roses.",high,,False
"distilled Water","Distilled water","Rose Leavs dried","dried rose leaves",PLANT,"a component of rose preparations with great use.",high,,False
"frialdade","Coldness","Quíntilio","quillwort",PLANT,"a plant whose infusion is discussed in terms of hot vs. cold administration.",high,,False
"frialdade","Coldness","vinho","wine",SUBSTANCE,"a liquid in which purgatives can be administered.",high,515;131,True
"Gengivre","Ginger","achar","achar",SUBSTANCE,"the name used by slaves for ginger preserves.",high,,False
"Gengivre","Ginger","gim:{ibil","ginger",PLANT,"the name for ginger used by Arabs; Persians; and Turks.",high,362,False
"Gengivre","Ginger","adrac","adrac",PLANT,"the name for green ginger used by the Guzarates; Decanins; and Bengalis.",high,,False
"Lungs","Lungs","Windu","wind",CONCEPT,"a cause of swollen stomachs; which the substance in question dissolves.",high,404;214,True
"Lungs","Lungs","Flegm","phlegm",SUBSTANCE,"a substance that can be expectorated with the help of the described remedy.",high,1069;413,True
"yerua","Herb","Efcuergonera","Efcuergonera",PLANT,"a herb that is contrary to the viper",high,,False
"yerua","Herb","Efcuergonera","Efcuergonera",PLANT,"a herb that is contrary to the viper",high,,False
"arábio","Aramaic","ascap","ascap",SUBSTANCE,"a type of camphor that grows in sea springs",high,,False
"arábio","Aramaic","Nizamoxa","Nizamoxa",PERSON,"physicians of Nizamoxa",high,354,True
"arábio","Aramaic","Nizamaluco","Nizamaluco",PERSON,"vulgar name for the physicians of Nizamoxa",high,354,True
"arábio","Aramaic","lingoa de vacca","lingua bovis",PLANT,"in Avenrrois; a name for a plant",high,,False
"arábio","Aramaic","lingoa de pássaro","lingua avium",PLANT,"in Avenrrois; a name for a plant",high,,False
"arábio","Aramaic","lingoa de cão","lingua canis",PLANT,"in Avenrrois; a name for a plant",high,,False
"arábio","Aramaic","capillus peneris","capillus veneris",PLANT,"in Avenrrois; a name for a plant",high,,False
"arábio","Aramaic","elefancia","elephantiasis",DISEASE,"an illness named according to the plant name",high,1194,True
"arábio","Aramaic","araby","arabic",CONCEPT,"the language spoken in Persia or Tartaria",high,,False
"arábio","Aramaic","magaraby","maghribi",CONCEPT,"the language of the Moors",high,,False
"arábio","Aramaic","garby","gharbi",CONCEPT,"means west in Arabic",high,,False
"arábio","Aramaic","ma","ma",CONCEPT,"means 'of the' in Arabic",high,432;91,True
"arábio","Aramaic","altihit","altihit",PLANT,"means the asafoetida tree",high,,False
"arábio","Aramaic","alcaçu","glycyrrhiza glabra",PLANT,"called çu: in Arabic",high,,False
"arábio","Aramaic","çu","çu",PLANT,"the Arabic name for alcaçu",high,,False
"arábio","Aramaic","robalçu","robalçu",SUBSTANCE,"the cooked juice of alcaçu; called by the Arabs",high,,False
"arábio","Aramaic","rabaçu","rabaçu",SUBSTANCE,"the corrupted name for robalçu by the Castilians",high,,False
"arábio","Aramaic","robalçu","robalçu",SUBSTANCE,"a compound name meaning thick juice of alcaçu",high,,False
"arábio","Aramaic","rob","rob",SUBSTANCE,"means thick juice in Arabic",high,260,True
"arábio","Aramaic","alcaçui","glycyrrhiza glabra",PLANT,"the plant from which the thick juice is derived",high,,False
"arábio","Aramaic","Sabayo","Sabayo",PERSON,"a captain after whom something was called",high,,False
"arábio","Aramaic","saibo","saibo",CONCEPT,"means lord in Arabic and Persian",high,,False
"arábio","Aramaic","maluco","maluco",CONCEPT,"means kingdom",high,,False
"arábio","Aramaic","bórax","borax",SUBSTANCE,"another name for the substance",high,261,True
"arábio","Aramaic","crísocola","chrysocolla",SUBSTANCE,"another name for the substance",high,502,True
"arábio","Aramaic","fincar","fincar",SUBSTANCE,"the Arabic name for the substance",high,,False
"arábio","Aramaic","Guzarates","Guzarates",PERSON,"people who call the substance 'fincar'",high,,False
"arábio","Aramaic","cariojilum","caryophyllon",PLANT,"the Latin name for the clove",high,,False
"arábio","Aramaic","gariojilum","caryophyllon",PLANT,"an alternative Latin name for the clove",high,541,True
"arábio","Aramaic","cariojilum","cariojilum",CONCEPT,"alternative name for",high,,False
"arábio","Aramaic","gariojilum","gariojilum",CONCEPT,"alternative name for",high,541,True
"arábio","Aramaic","Pérsio","Persian",CONCEPT,"language/culture associated with",high,,False
"arábio","Aramaic","Turco","Turkish",CONCEPT,"language/culture associated with",high,,False
"arábio","Aramaic","Indianos","Indian",CONCEPT,"language/culture associated with",high,,False
"arábio","Aramaic","calafur","calafur",CONCEPT,"name used by",high,,False
"arábio","Aramaic","Malucos","Maluku",PLACE,"region where found",high,,False
"arábio","Aramaic","chanque","chanque",CONCEPT,"name used by",high,,False
"arábio","Aramaic","ali/","alif",CONCEPT,"name for letter",high,,False
"arábio","Aramaic","H**","H",CONCEPT,"name for letter",high,,False
"arábio","Aramaic","agalugem","agalugem",SUBSTANCE,"alternative name for",high,,False
"arábio","Aramaic","haud","haud",SUBSTANCE,"alternative name for",high,,False
"arábio","Aramaic","Guzarates","Gujarat",PLACE,"region associated with",high,,False
"arábio","Aramaic","Decanins","Deccan",PLACE,"region associated with",high,,False
"arábio","Aramaic","udy","udy",SUBSTANCE,"name used by",high,,False
"arábio","Aramaic","Malaios","Malay",CONCEPT,"language/culture associated with",high,,False
"arábio","Aramaic","g-arro","garro",SUBSTANCE,"name used by",high,,False
"arábio","Aramaic","calambac","calambac",SUBSTANCE,"name for fine quality of",high,,False
"arábio","Aramaic","oliveira","olive tree",PLANT,"tree resembling",high,94,True
"arábio","Aramaic","agalugem","agalugem",SUBSTANCE,"alternative name for",high,,False
"arábio","Aramaic","haud","haud",SUBSTANCE,"alternative name for",high,,False
"arábio","Aramaic","Guzarates","Gujarat",PLACE,"region associated with",high,,False
"arábio","Aramaic","Decanins","Deccan",PLACE,"region associated with",high,,False
"arábio","Aramaic","udy","udy",SUBSTANCE,"name used by",high,,False
"arábio","Aramaic","Malaios","Malay",CONCEPT,"language/culture associated with",high,,False
"arábio","Aramaic","g-arro","garro",SUBSTANCE,"name used by",high,,False
"arábio","Aramaic","calambac","calambac",SUBSTANCE,"name for fine quality of",high,,False
"arábio","Aramaic","oliveira","olive tree",PLANT,"tree resembling",high,94,True
"arábio","Aramaic","Avicena","Avicenna",PERSON,"cited author",high,19,True
"arábio","Aramaic","Serapiam","Serapion",PERSON,"cited author",high,59,True
"arábio","Aramaic","hacdadh","hacdadh",SUBSTANCE,"name used by",high,,False
"arábio","Aramaic","licioy","licioy",SUBSTANCE,"term used for",high,,False
"arábio","Aramaic","cate","cate",SUBSTANCE,"name used for",high,,False
"arábio","Aramaic","Gregos","Greeks",CONCEPT,"language/culture associated with",high,72,True
"arábio","Aramaic","melam","melam",SUBSTANCE,"meaning of",high,,False
"arábio","Aramaic","calangari","calangari",PLACE,"name of Indian land",high,,False
"arábio","Aramaic","batiec indi","batiec indi",SUBSTANCE,"name for",high,,False
"arábio","Aramaic","Serapio","Serapion",PERSON,"cited author",high,59,True
"arábio","Aramaic","Plinio","Pliny",PERSON,"cited author",high,25,True
"arábio","Aramaic","alma\","alma",SUBSTANCE,"name used by",high,,False
"arábio","Aramaic","Serapio","Serapion",PERSON,"cited author",high,59,True
"arábio","Aramaic","nilá","nilá",SUBSTANCE,"name for",high,,False
"arábio","Aramaic","rubim","ruby",SUBSTANCE,"synonym for",high,,False
"arábio","Aramaic","çajira","çajira",SUBSTANCE,"synonym for",high,,False
"arábio","Aramaic","Pérsios","Persians",CONCEPT,"language/culture associated with",high,,False
"arábio","Aramaic","yao//","yao",SUBSTANCE,"name used by",high,,False
"arábio","Aramaic","manica","manica",SUBSTANCE,"name used by",high,,False
"arábio","Aramaic","jacintos","hyacinths",SUBSTANCE,"gem",high,,False
"arábio","Aramaic","granadas","garnets",SUBSTANCE,"gem",high,,False
"arábio","Aramaic","Malavares","Malabar",PLACE,"region where found",high,133,True
"arábio","Aramaic","molanga","molanga",SUBSTANCE,"name used by",high,,False
"arábio","Aramaic","Malaca","Malacca",PLACE,"region where found",high,325,True
"arábio","Aramaic","lada","lada",SUBSTANCE,"name used by",high,,False
"arábio","Aramaic","Jilfil","Jilfil",SUBSTANCE,"name used by",high,,False
"arábio","Aramaic","Avicena","Avicenna",PERSON,"cited author",high,19,True
"arábio","Aramaic","Belunense","Belunense",PERSON,"cited translator",medium,,False
"arábio","Aramaic","Jul/ul","Julul",SUBSTANCE,"alternative name for",high,,False
"arábio","Aramaic","darfulful","darfulful",SUBSTANCE,"name for",high,,False
"arábio","Aramaic","pimenta longa","long pepper",SUBSTANCE,"synonym for",high,462,True
"arábio","Aramaic","santificados","santificados",CONCEPT,"term for",high,,False
"arábio","Aramaic","mezinha","medicine",SUBSTANCE,"type of",high,8,True
"arábio","Aramaic","Mouros","Moors",CONCEPT,"people who used",high,,False
"arábio","Aramaic","Gentios","Gentiles",CONCEPT,"people who used",high,,False
"arábio","Aramaic","Avicena*","Avicenna",PERSON,"cited author",high,19,True
"arábio","Aramaic","cenh bui","cenh bui",SUBSTANCE,"name used by",high,,False
"arábio","Aramaic","Avicena*","Avicenna",PERSON,"mentioned in relation to a naming convention",high,19,True
"arábio","Aramaic","espigua","ear of grain",PLANT,"synonym for cembul",high,,False
"arábio","Aramaic","cembul indi","Indian ear of grain",PLANT,"synonym for espigua da índia",high,,False
"arábio","Aramaic","espigua da índia","Indian ear of grain",PLANT,"synonym for cembul indi",high,,False
"arábio","Aramaic","espigua céltica","Celtic ear of grain",PLANT,"different type of ear of grain",high,,False
"arábio","Aramaic","cembul rumin","Roman ear of grain",PLANT,"synonym for espigua céltica",high,,False
"arábio","Aramaic","cembul rumin","Roman ear of grain",PLANT,"synonym for espigua da terra dos Rumes",high,,False
"arábio","Aramaic","espigua da terra dos Rumes","ear of grain of the land of the Romans",PLANT,"equivalent term for cembul rumin",high,,False
"arábio","Aramaic","Mateus Silvatico","Matthaeus Sylvaticus",PERSON,"mentioned in relation to naming",high,,False
"arábio","Aramaic","cenubel","cenubel",PLANT,"alternative name for cembul/sobel",high,,False
"arábio","Aramaic","sobel","sobel",PLANT,"alternative name for cembul/cenubel",high,,False
"arábio","Aramaic","olibano","frankincense",SUBSTANCE,"used by Moors and Gentiles",high,486,True
"arábio","Aramaic","conder","resina",SUBSTANCE,"Arabic for resin",high,,False
"arábio","Aramaic","Avicena*","Avicenna",PERSON,"mentioned in relation to naming",high,19,True
"arábio","Aramaic","resina","resin",SUBSTANCE,"meaning of conder",high,,False
"arábio","Aramaic","çamac","goma",SUBSTANCE,"Arabic for gum",high,,False
"arábio","Aramaic","goma","gum",SUBSTANCE,"meaning of çamac",high,,False
"arábio","Aramaic","çamac arabi","Arabic gum",SUBSTANCE,"Arabic name for gum",high,,False
"arábio","Aramaic","Serapio**","Serapion",PERSON,"mentioned in relation to naming",high,59,True
"arábio","Aramaic","ronder","ronder",SUBSTANCE,"corrupted name used by Serapion",high,,False
"arábio","Aramaic","xarabdar","xarabdar",CONCEPT,"alternative name",high,,False
"arábio","Aramaic","tambuldar","tambuldar",CONCEPT,"alternative name",high,,False
"arábio","Aramaic","Mula.Ucem","Mula.Ucem",PERSON,"a physician",high,,False
"arábio","Aramaic","xá","king",CONCEPT,"Persian for king",high,,False
"arábio","Aramaic","rey","king",CONCEPT,"Portuguese for king",high,,False
"arábio","Aramaic","paxá","pasha",CONCEPT,"title meaning 'foot of the king'",high,,False
"arábio","Aramaic","pé de rey","foot of the king",CONCEPT,"meaning of paxá",high,,False
"arábio","Aramaic","Zangue zmcui","Zangue zmcui",CONCEPT,"Persian and Arabic for 'Cafer or Ethiopian'",high,,False
"arábio","Aramaic","Cafre","Kafir",CONCEPT,"meaning of Zangue zmcui",high,,False
"arábio","Aramaic","Etio-pio","Ethiopian",PLACE,"meaning of Zangue zmcui",high,,False
"arábio","Aramaic","Zingue","Zingue",PLACE,"meaning 'land of the Cafres'",high,,False
"arábio","Aramaic","Gengivre","ginger",PLANT,"subject of a colloquy",high,362,True
"arábio","Aramaic","Henras","henna",PLANT,"subject of a colloquy",high,,False
"remedios","Remedies","ervamoura","nightshade",PLANT,"used in a remedy",high,,False
"remedios","Remedies","laudano opiado","oppiated laudanum",SUBSTANCE,"ingredient in a remedy",high,,False
"remedios","Remedies","vinagre rofado","acid vinegar",SUBSTANCE,"ingredient in a remedy",high,49,True
"remedios","Remedies","Arnoglofia","Arnoglofia",PLANT,"plant used in a remedy",high,,False
"remedios","Remedies","tanchagem macho","male plantain",PLANT,"vulgar name for Arnoglofia",high,,False
"remedios","Remedies","lingua arietis","lamb's tongue",PLANT,"alternative name for Arnoglofia",high,,False
"remedios","Remedies","leyte de peyto","breast milk",SUBSTANCE,"used in a remedy",high,,False
"mirabolanos citrinos","Haritaki","Indianos","Indians",PERSON,"use mirabolanos",high,,False
"mirabolanos citrinos","Haritaki","Gregos antiguos","ancient Greeks",PERSON,"their mirabolanos are different",high,72,True
"mirabolanos citrinos","Haritaki","Dioscorídes","Dioscorides",PERSON,"did not know these mirabolanos",high,3,True
"mirabolanos citrinos","Haritaki","Galeno","Galen",PERSON,"did not know these mirabolanos",high,1,True
"mirabolanos citrinos","Haritaki","Plinio","Pliny",PERSON,"did not know these mirabolanos",high,25,True
"mirabolanos citrinos","Haritaki","físicos gentios","gentile physicians",PERSON,"use three forms of mirabolanos",high,,False
"mirabolanos citrinos","Haritaki","inepala","inepala",PLANT,"local name for a form of mirabolano",high,,False
"mirabolanos citrinos","Haritaki","anpale","anpale",PLANT,"a type of mirabolano",high,,False
"mirabolanos citrinos","Haritaki","Calábria","Calabria",PLACE,"location of a similar substance",high,256,True
"mirabolanos citrinos","Haritaki","tiriamjabim","tiriamjabim",SUBSTANCE,"a substance similar to Manná",high,,False
"mirabolanos citrinos","Haritaki","Gregos","Greeks",PERSON,"their mirabolano is different",high,72,True
"Oriente","East","must","must",ANIMAL,"synonym for elephant in the East",high,,False
"Oriente","East","asi","Asia",PLACE,"synonym for 'Oriente' in this context",high,,False
"Java","Java","lancquas","galanga menor",PLANT,"synonym for galanga menor in Malay",high,,False
"Java","Java","lanquas","galanga menor",PLANT,"synonym for galanga menor in Malay",high,,False
"Java","Java","galanga menor","galanga menor",PLANT,"referred to by Malay speakers",high,,False
"Java","Java","pulai","pulai",PLANT,"name used by javanez for a plant",high,,False
"Java","Java","parri","arroz",PLANT,"javanez name for rice",high,429,True
"alforvas","Cardamom","palhas-alhas","palhas-alhas",PLANT,"used in a remedy",low,,False
"alforvas","Cardamom","alfavacadecobra","alfavacadecobra",PLANT,"used in a remedy",low,382,False
"alforvas","Cardamom","hervadoce","hervadoce",PLANT,"used in a remedy",low,26,True
"alforvas","Cardamom","hortela","hortela",PLANT,"used in a remedy",low,154,True
"alforvas","Cardamom","Parreyra brava","Parreyra brava",PLANT,"common name for the root of Butua",high,,False
"alforvas","Cardamom","joyo","joyo",PLANT,"ingredient in a remedy",low,,False
"alforvas","Cardamom","cardo penteador","cardo penteador",PLANT,"name for a type of thistle",high,,False
"alforvas","Cardamom","cardo dos pizoeyros","cardo dos pizoeyros",PLANT,"synonym for cardo penteador",high,,False
"alforvas","Cardamom","alfavaca","alfavaca",PLANT,"ingredient in a remedy",low,382,False
"alforvas","Cardamom","ortela","ortela",PLANT,"ingredient in a remedy",low,154,True
"alforvas","Cardamom","macella","macella",PLANT,"ingredient in a remedy",low,389,True
"alforvas","Cardamom","palhas alhas","palhas alhas",PLANT,"ingredient in a remedy",low,,False
"alforvas","Cardamom","cachabar","cachabar",PLANT,"name for a plant in Spain",high,,False
"alforvas","Cardamom","haxiscaçule","haxiscaçule",PLANT,"synonym for 'erpa pêra lavar' in Spain",high,,False
"alforvas","Cardamom","erpa pêra lavar","erpa pêra lavar",PLANT,"meaning of haxiscaçule",high,,False
"alforvas","Cardamom","alaf","alaf",PLANT,"name for a plant in Persia",high,382,False
"alforvas","Cardamom","erpa","erpa",PLANT,"meaning of alaf",high,342,True
"alforvas","Cardamom","erpa de Mascate","erpa de Mascate",PLANT,"name for a plant in India",high,,False
"alforvas","Cardamom","cordumeni","cordumeni",SUBSTANCE,"referred to by Avicena and Serapiam",high,,False
"alforvas","Cardamom","cacullá","cacullá",SUBSTANCE,"name used by Avicena and Serapiam",high,382,False
"alforvas","Cardamom","hil","hil",SUBSTANCE,"name used by Avicena and Serapiam",high,,False
"Ambar","Ambergris","Charabe","Charabe",SUBSTANCE,"speculated to be ambergris",medium,,False
"Ambar","Ambergris","Succinó","Succinó",SUBSTANCE,"speculated to be ambergris",medium,,False
"Ambar","Ambergris","Ambar uafadas","Ambar uafadas",SUBSTANCE,"referred to as a type of succinó",medium,,False
"Ambar","Ambergris","Galanga","Galangal",SUBSTANCE,"listed alongside Ambra",low,35,True
"Ambar","Ambergris","Cardamomo mag.","Cardamom",SUBSTANCE,"listed alongside Ambra",low,382,True
"Ambar","Ambergris","Cardamomo mm.","Cardamom",SUBSTANCE,"listed alongside Ambra",low,382,True
"Ambar","Ambergris","Gengiouo","Ginger",SUBSTANCE,"listed alongside Ambra",low,362,True
"Ambar","Ambergris","Legno aloe","Aloe wood",PLANT,"listed alongside Ambra",low,,False
"Ambar","Ambergris","Sandalicitrim","Yellow sandalwood",PLANT,"listed alongside Ambra",low,206,True
"Ambar","Ambergris","Pepe lungo","Long pepper",SUBSTANCE,"listed alongside Ambra",low,462,True
"Ambar","Ambergris","Mulco","Musk",SUBSTANCE,"listed alongside Ambra",low,400;411;955,True
"Ambar","Ambergris","Acqua rota","Rose water",SUBSTANCE,"used to make a confection with Ambra",low,81;924,True
"Ambar","Ambergris","Cardarne","Cardamom",SUBSTANCE,"listed alongside Ambra",low,382,True
"Ambar","Ambergris","Appio","Celeriac",PLANT,"synonym for Cardarne",low,,False
"Ambar","Ambergris","Hiacinto","Hyacinth",SUBSTANCE,"listed alongside Ambra",low,1177,True
"Ambar","Ambergris","Sardine","Sardonyx",SUBSTANCE,"synonym for cor- ninole",low,1072;240,True
"Ambar","Ambergris","corninole","Cornelian cherry",PLANT,"synonym for Sardine",low,,False
"Ambar","Ambergris","Granati","Garnets",SUBSTANCE,"listed alongside Ambra",low,,False
"Ambar","Ambergris","Smeraldi","Emeralds",SUBSTANCE,"listed alongside Ambra",low,,False
"Ambar","Ambergris","Zedoaria","Zedoary",PLANT,"listed alongside Ambra",low,103,True
"Ambar","Ambergris","Doronici","Doronicum",PLANT,"listed alongside Ambra",low,,False
"Ambar","Ambergris","Scorze di ccderno","Citron rind",PLANT,"listed alongside Ambra",low,,False
"Ambar","Ambergris","Mace","Mace",SUBSTANCE,"listed alongside Ambra",low,91,True
"Ambar","Ambergris","Seme di Bafsilico","Basil seed",PLANT,"listed alongside Ambra",low,,False
"Ambar","Ambergris","gariofilato","Cloves",SUBSTANCE,"listed alongside Ambra",low,,False
"Ambar","Ambergris","Coralli rofsi","Red coral",SUBSTANCE,"listed alongside Ambra",low,,False
"Ambar","Ambergris","Ambra gialla","Yellow ambergris",SUBSTANCE,"a type of Ambra",high,383,False
"Ambar","Ambergris","Gherofani","Cloves",SUBSTANCE,"listed alongside Ambra",low,,False
"Ambar","Ambergris","Gcn-","Ginger",SUBSTANCE,"listed alongside Ambra",low,362,True
"Ambar","Ambergris","Gengiouo","Ginger",SUBSTANCE,"listed alongside Ambra",low,362,True
"aloés","Aloe","aloa","Aloe",PLANT,"synonym for aloés",high,384,False
"aloés","Aloe","cebar","Cebar",PLANT,"Arabic name for aloés",high,,False
"aloés","Aloe","aloa","Aloe",PLANT,"synonym for aloés",high,384,False
"aloés","Aloe","cebar","Cebar",PLANT,"Arabic name for aloés",high,,False
"aloés","Aloe","areá","Areca",PLANT,"name used by Guzarates and Decanins for aloés",high,,False
"aloés","Aloe","aloés çocoloríno","Socotrine aloe",PLANT,"a type of aloés",high,384,False
"aloés","Aloe","bola","Bola",SUBSTANCE,"name used for a type of aloés",high,215,True
"aloés","Aloe","aloés ruym","Bad aloes",PLANT,"a quality of aloés",high,,False
"aloés","Aloe","Aloés cahalino","Cahalino aloe",PLANT,"a type of aloés",high,,False
"aloés","Aloe","calamo aromá- tico","Sweet flag",PLANT,"compared to aloés",low,,False
"aloés","Aloe","calamo fétido","Acorus calamus",PLANT,"proposed name for calamo aromático",low,158,True
"aloés","Aloe","mj^rra","Myrrh",SUBSTANCE,"compared to aloés",low,489;671,True
"aloés","Aloe","espique","Spikenard",PLANT,"compared to aloés",low,186,True
"aloés","Aloe","ruibarbo","Rhubarb",PLANT,"compared to aloés",low,141,True
"Cairo","Cairo","mecert","Mecert",SUBSTANCE,"Egyptian name for the product from Cairo",high,,False
"Cairo","Cairo","fe- baico","Fe baico",SUBSTANCE,"possible identification with the product from Cairo",low,,False
"Cairo","Cairo","Adem","Aden",PLACE,"place of origin for a product similar to that from Cairo",low,,False
"Cairo","Cairo","Meçera","Meçera",PLACE,"related to the origin of the product from Cairo",low,,False
"Cairo","Cairo","Âlcaire","Alcaire",PERSON,"name of a queen after whom Cairo is called",high,,False
"Cairo","Cairo","Constantinopla","Constantinople",PLACE,"mentioned in relation to the decline of Cairo",low,202,True
"Uvas","Grapes","uvas decão","plantago major",PLANT,"synonym for plant",high,388,False
"Uvas","Grapes","uvas decao","plantago major",PLANT,"synonym for plant",high,,False
"macella","Yarrow","Elicryſon","helichrysum",PLANT,"synonym for macella",high,,False
"macella","Yarrow","Joyna","achillea millefolium",PLANT,"vernacular name for macella",high,,False
"macella","Yarrow","cardo dos pizoeyros","cynara cardunculus",PLANT,"synonym for cardopenteador",high,,False
"Chili","Chile","Mexique","Mexico",PLACE,"comparative place name",high,312,True
"Chili","Chile","Pérou","Peru",PLACE,"comparative place name",high,118,True
"fumo","Tobacco smoke","joyna","achillea millefolium",PLANT,"vernacular name for unidentified herb",high,,False
"Rasis","Rhazes","Abolahi","Avicenna",PERSON,"Arabic name for Avicenna",high,19,True
"Rasis","Rhazes","Canum","Canon of Medicine",CONCEPT,"title of work by Avicenna",high,,False
"Rasis","Rhazes","Benzacaria","Rhazes",PERSON,"Arabic name for Rasis",high,395,False
"Rasis","Rhazes","HaUrodoam","Al-Razi",PERSON,"alternative name for Rasis/Rhazes",medium,,False
"Rasis","Rhazes","Mesué","Mesue the Younger",PERSON,"contemporary physician",high,546,True
"Rasis","Rhazes","Hypocras","Hippocrates",PERSON,"classical physician",high,21,True
"Rasis","Rhazes","Galeno","Galen",PERSON,"classical physician",high,1,True
"Rasis","Rhazes","Aris-tóteles","Aristotle",PERSON,"classical philosopher",high,,False
"Rasis","Rhazes","Avicena","Avicenna",PERSON,"contemporary physician",high,19,True
"Rasis","Rhazes","Avicena","Avicenna",PERSON,"cited author",high,19,True
"Rasis","Rhazes","jcaiüalindi","jcaiüalindi",CONCEPT,"name given by Avicena",high,,False
"Rasis","Rhazes","Serapio*","Serapion",PERSON,"cited author",high,59,True
"Rasis","Rhazes","ar alnare","ar alnare",PLANT,"name given by Serapio and Rasis",high,,False
"Rasis","Rhazes","tengamaram","tengamaram",PLANT,"name given by the Malabares",high,,False
"Rasis","Rhazes","morxi","morxi",DISEASE,"name for a condition used by Indians",high,,False
"Rasis","Rhazes","mordexi","mordexi",DISEASE,"corrupted name for a condition",high,,False
"Rasis","Rhazes","hachatã","hachata",DISEASE,"name for a condition used by Arabs",high,,False
"Rasis","Rhazes","saida","saida",DISEASE,"corrupted reading in Rasis",low,,False
"Rasis","Rhazes","Serapio","Serapion",PERSON,"cited author",high,59,True
"Rasis","Rhazes","Avicena","Avicenna",PERSON,"cited author",high,19,True
"Rasis","Rhazes","Benácarta*","Benacarta",CONCEPT,"name given to Rasis",high,,False
"Rasis","Rhazes","Mesue","Mesue",PERSON,"cited author",high,,False
"Rasis","Rhazes","Menxus*","Menxus",PERSON,"name given to Mesue",high,,False
"Rasis","Rhazes","Haclim","Haclim",CONCEPT,"name that should be aspirated",high,,False
"Rasis","Rhazes","Aly","Aly",PERSON,"possible identification of Haclim",low,,False
"Rasis","Rhazes","Galeno","Galen",PERSON,"cited author",high,1,True
"Rasis","Rhazes","Plinio","Pliny",PERSON,"cited author",high,25,True
"Rasis","Rhazes","Dioscorides","Dioscorides",PERSON,"cited author",high,3,True
"Rasis","Rhazes","Avicena","Avicenna",PERSON,"cited author",high,19,True
"Rasis","Rhazes","Serapiam","Serapion",PERSON,"cited author",high,59,True
"Rasis","Rhazes","licium","licium",SUBSTANCE,"name given by various authors",high,,False
"Rasis","Rhazes","Licia","Licia",PLACE,"origin of the name licium",high,,False
"arvore","Tree","bybo","bybo",PLANT,"name used by the Indians",high,,False
"arvore","Tree","fava de malaqua","fava de malaqua",PLANT,"name used by the Portuguese",high,,False
"arvore","Tree","Malaqua","Malacca",PLACE,"origin of the name fava de malaqua",high,325,True
"arvore","Tree","fingadjr","fingadjr",PLANT,"name used in Malaca",high,,False
"arvore","Tree","arvore triste","arvore triste",PLANT,"name given by the Portuguese",high,,False
"arvore","Tree","António Musa","Antonius Musa",PERSON,"cited author",high,,False
"arvore","Tree","laserpicium","laserpicium",SUBSTANCE,"description of a tree and its gum",high,,False
"arvore","Tree","benjudeo","benjudeo",SUBSTANCE,"proposed name for benjuy",high,,False
"arvore","Tree","benjuy","benjuy",SUBSTANCE,"current name",high,,False
"arvore","Tree","amendoado","amendoado",SUBSTANCE,"name for a spice",high,,False
"arvore","Tree","Storacis","Styrax",SUBSTANCE,"related to storax liquido",high,,False
"arvore","Tree","Liüedambar altingiana","Liquidambar altingiana",PLANT,"tree similar to the one producing storax liquido",high,,False
"arvore","Tree","Ra- samala","Rasamala",PLANT,"vulgar name in the Orient",high,,False
"arvore","Tree","maçãas de anáfega","maçãas de anáfega",PLANT,"type of apple",high,418,True
"arvore","Tree","ftor","ftor",PLANT,"name for the same entity in Canary Islands",high,,False
"arvore","Tree","pidards","pidards",PLANT,"Malay name for the same entity",high,,False
"arvore","Tree","pidards","pidards",PLANT,"Malay name for the same entity",high,,False
"arvore","Tree","jujubas","jujube",PLANT,"different from the mentioned tree",high,,False
"arvore","Tree","reimôes","reimôes",ANIMAL,"Malayan name for tiger",high,,False
"arvore","Tree","Cinnamomum Camphora","Cinnamomum Camphora",PLANT,"scientific name of the camphor tree",high,28,True
"arvore","Tree","Laurus Camphorãy","Laurus Camphoray",PLANT,"alternative scientific name of the camphor tree",high,,False
"arvore","Tree","bapa simga","bapa simga",PLANT,"Goa name for the mentioned tree",high,,False
"arvore","Tree","bapa simgua","bapa simgua",PLANT,"Decani and Brahmin name for the mentioned tree",high,,False
"arvore","Tree","gramalla","gramalla",PLANT,"Guzarate and Decani Moor name for the mentioned tree",high,,False
"arvore","Tree","pereiro","pear tree",PLANT,"similar in size to the mentioned tree",high,,False
"arvore","Tree","pexigueiro","peach tree",PLANT,"leaves similar to the mentioned tree",high,,False
"arvore","Tree","bapa simga","bapa simga",PLANT,"Goa name for the mentioned tree",high,,False
"arvore","Tree","bapa simgua","bapa simgua",PLANT,"Decani and Brahmin name for the mentioned tree",high,,False
"arvore","Tree","gramalla","gramalla",PLANT,"Guzarate and Decani Moor name for the mentioned tree",high,,False
"arvore","Tree","pereiro","pear tree",PLANT,"similar in size to the mentioned tree",high,,False
"arvore","Tree","pexigueiro","peach tree",PLANT,"leaves similar to the mentioned tree",high,,False
"arvore","Tree","jcai­ialindi","jcaiyialindi",PLANT,"Avicenna's name for the tree",high,,False
"arvore","Tree","ar alnare","ar alnare",PLANT,"Serapius and Rasis' name for the tree",high,,False
"arvore","Tree","tengamaram","tengamaram",PLANT,"Malabar name for the tree",high,,False
"arvore","Tree","tenga","tenga",PLANT,"Malabar name for the fruit of the tree",high,,False
"arvore","Tree","jcai­ialindi","jcaiyialindi",PLANT,"Avicenna's name for the tree",high,,False
"arvore","Tree","ar alnare","ar alnare",PLANT,"Serapius and Rasis' name for the tree",high,,False
"arvore","Tree","tengamaram","tengamaram",PLANT,"Malabar name for the tree",high,,False
"arvore","Tree","tenga","tenga",PLANT,"Malabar name for the fruit of the tree",high,,False
"arvore","Tree","tricam","tricam",PLANT,"Malay name for the tree",high,,False
"arvore","Tree","nihor","nihor",PLANT,"Malay name for the fruit of the tree",high,,False
"arvore","Tree","coquo","coco",PLANT,"Portuguese name for the fruit of the tree",high,,False
"arvore","Tree","ar alnare","ar alnare",PLANT,"Serapius and Rasis' name for the tree",high,,False
"arvore","Tree","tengamaram","tengamaram",PLANT,"Malabar name for the tree",high,,False
"arvore","Tree","tenga","tenga",PLANT,"Malabar name for the fruit of the tree",high,,False
"arvore","Tree","tricam","tricam",PLANT,"Malay name for the tree",high,,False
"arvore","Tree","nihor","nihor",PLANT,"Malay name for the fruit of the tree",high,,False
"arvore","Tree","coquo","coco",PLANT,"Portuguese name for the fruit of the tree",high,,False
"arvore","Tree","Ulmeiro","elm",PLANT,"alternative name for the tree",high,1022,True
"arvore","Tree","Choupo","poplar",PLANT,"alternative name for the tree",high,,False
"arvore","Tree","Salgueiro","willow",PLANT,"alternative name for the tree",high,,False
"figos paſlados","Figs","quelli","quelli",PLANT,"synonym for figs",high,,False
"figos paſlados","Figs","palam","palam",PLANT,"synonym for figs",high,524,True
"figos paſlados","Figs","j^/fam","jfam",PLANT,"synonym for figs",high,,False
"figos paſlados","Figs","musa","musa",PLANT,"called figiio in Italy",high,,False
"figos paſlados","Figs","figiio","figiio",PLANT,"Italian name for muse",high,,False
"Guayaquil","Guayaquil","Río que llaman de Guayaquil","Río de Guayaquil",PLACE,"river where Guayaquil is located",high,,False
"chumbo","lead","Litargirio","litharge",SUBSTANCE,"called by apothecaries",high,201,True
"Wind","Wind","Ashen Keys","Ashen Keys",PLANT,"kernels within husks",high,,False
"Wind","Wind","Diacalaminthes","Diacalaminthes",SUBSTANCE,"called powder",high,,False
"Burnings","Burn","que os naturaes doBrafil chamão","que os naturaes do Brafil chamão",CONCEPT,"what the natives of Brazil call",low,,False
"Spring","Spring","Tansie","Tansie",PLANT,"herb fried with eggs",high,,False
"Spring","Spring","Tansies","Tansies",PLANT,"eaten in Spring",high,,False
"Anici","Anise","Hymo X Cufcutaì ancone","Hymo X Cufcutaì ancone",PLANT,"listed in ricettario",low,,False
"Anici","Anise","Hylopo","Hylopo",PLANT,"listed in ricettario",low,,False
"Anici","Anise","Puflule purgate","Puflule purgate",SUBSTANCE,"listed in ricettario",low,,False
"Anici","Anise","MirabCheboli","MirabCheboli",SUBSTANCE,"listed in ricettario",low,,False
"Anici","Anise","Turbjth","Turbjth",SUBSTANCE,"listed in ricettario",low,,False
"Anici","Anise","Sttcade","Sttcade",SUBSTANCE,"listed in ricettario",low,,False
"Anici","Anise","Poi.poaior","Poi.poaior",SUBSTANCE,"listed in ricettario",low,,False
"Anici","Anise","tupatorio Afjenzio","tupatorio Afjenzio",PLANT,"listed in ricettario",low,,False
"Anici","Anise","Dauci Radici d'Appio","Dauci Radici d'Appio",PLANT,"listed in ricettario",low,,False
"Anici","Anise","prezzemolo di Finocchio","prezzemolo di Finocchio",PLANT,"listed in ricettario",low,,False
"Anici","Anise","Miraholant","Miraholant",SUBSTANCE,"listed in ricettario",low,,False
"Anici","Anise","zafferano","saffron",SUBSTANCE,"ingredient",high,611,True
"Anici","Anise","sUri di prezzemolo","parsley juice",SUBSTANCE,"ingredient",high,,False
"Anici","Anise","gallta mufcata","nutmeg gall",SUBSTANCE,"ingredient",high,,False
"Anici","Anise","legno di finocchio","fennel wood",PLANT,"ingredient",high,,False
"Anici","Anise","aloe","aloe",SUBSTANCE,"ingredient",high,384,True
"Anici","Anise","alero","aloe",SUBSTANCE,"ingredient",low,384,True
"Anici","Anise","OXYMELE SEMPLICE","simple oxymel",SUBSTANCE,"preparation",high,,False
"Anici","Anise","prezzemolo","parsley",PLANT,"ingredient",high,666,True
"Anici","Anise","Finocchio","fennel",PLANT,"ingredient",high,454,True
"Anici","Anise","Radici d'Appio","celery roots",PLANT,"ingredient",high,,False
"Anici","Anise","prez- zetnolo","parsley",PLANT,"ingredient",high,666,True
"Anici","Anise","Finocichio","fennel",PLANT,"ingredient",high,454,True
"Anici","Anise","Endima","endive",PLANT,"ingredient",high,,False
"Anici","Anise","Seme d'Appio","celery seed",PLANT,"ingredient",high,353,True
"Anici","Anise","prc^zeniojo","parsley",PLANT,"ingredient",high,666,True
"Anici","Anise","Finocchsp","fennel",PLANT,"ingredient",high,454,True
"Anici","Anise","d'Hndiuia","endive",PLANT,"ingredient",high,,False
"Anici","Anise","d'Appio","celery",PLANT,"ingredient",high,,False
"Anici","Anise","Rad d'Endiuia","endive root",PLANT,"ingredient",high,,False
"Anici","Anise","reizzcn^olo","parsley",PLANT,"ingredient",high,666,True
"Anici","Anise","Finoccbio","fennel",PLANT,"ingredient",high,454,True
"Anici","Anise","Rofe","rose",PLANT,"ingredient",high,,False
"Anici","Anise","ente","gentian",PLANT,"ingredient",high,,False
"Anici","Anise","Ijogorizia","liquorice",PLANT,"ingredient",high,,False
"Anici","Anise","Nardo indica","Indian spikenard",PLANT,"ingredient",high,,False
"Anici","Anise","d'Appio","celery",PLANT,"ingredient",high,,False
"Anici","Anise","di Finocchio","fennel",PLANT,"ingredient",high,454,True
"Anici","Anise","roflè","rose",PLANT,"ingredient",high,,False
"Anici","Anise","Logorizia","liquorice",PLANT,"ingredient",high,,False
"Anici","Anise","I^Jardp","cardoon",PLANT,"ingredient",high,,False
"Anici","Anise","indica","Indian",CONCEPT,"modifier",high,,False
"Anici","Anise","Seme d'appio","celery seed",PLANT,"ingredient",high,353,True
"Anici","Anise","di finocchio","fennel",PLANT,"ingredient",high,454,True
"Anici","Anise","Cerracca","Cerracca",PLANT,"ingredient",high,1012,True
"Anici","Anise","Sugo di logorizia","liquorice juice",SUBSTANCE,"ingredient",high,,False
"Anici","Anise","Mele ftiumato","stewed apples",SUBSTANCE,"ingredient",high,,False
"Anici","Anise","prezzemolo","parsley",PLANT,"ingredient",high,666,True
"Anici","Anise","di Finocchio","fennel",PLANT,"ingredient",high,454,True
"Anici","Anise","di Carvji","caraway",PLANT,"ingredient",high,,False
"Anici","Anise","Mele ftiumaco","stewed apples",SUBSTANCE,"ingredient",high,,False
"Anici","Anise","Zafferano","saffron",SUBSTANCE,"ingredient",high,611,True
"Anici","Anise","Afaro","saffron",SUBSTANCE,"ingredient",high,529;611,True
"Anici","Anise","Seme di Petroleilino","parsley seed",PLANT,"ingredient",high,,False
"Anici","Anise","Macedonico","Macedonian",PLACE,"origin",high,,False
"Anici","Anise","d'Appio","celery",PLANT,"ingredient",high,,False
"Anici","Anise","prez zemolo","parsley",PLANT,"ingredient",high,666,True
"Anici","Anise","di Dauci","caraway",PLANT,"ingredient",high,,False
"Anici","Anise","Rhabarbatofine","fine rhubarb",PLANT,"ingredient",high,,False
"Anici","Anise","Keu","civet",ANIMAL,"ingredient",high,583,True
"Anici","Anise","Isardo indica","Indian cardoon",PLANT,"ingredient",high,,False
"Anici","Anise","Myrrha","myrrh",SUBSTANCE,"ingredient",high,489;671,True
"Anici","Anise","Calia","cassia",PLANT,"ingredient",high,548,True
"Anici","Anise","Schinantho","cinnamon",PLANT,"ingredient",high,28,True
"Anici","Anise","CarpobaUamo","carbobalsamum",SUBSTANCE,"ingredient",high,,False
"Anici","Anise","obbia da tintori","dyer's bugloss",PLANT,"ingredient",high,,False
"Anici","Anise","Sugo d'Adenzio","adenos juice",SUBSTANCE,"ingredient",high,,False
"Anici","Anise","ct'Hupatorio","hyssop",PLANT,"ingredient",high,346,True
"Anici","Anise","OliodibaHamo","oil of balsam",SUBSTANCE,"ingredient",high,125,True
"Anici","Anise","LAPIS","lapis lazuli",SUBSTANCE,"ingredient",high,,False
"Anici","Anise","Uzzoli","azoth",SUBSTANCE,"ingredient",high,,False
"Anici","Anise","Epithymo","epithemum",PLANT,"ingredient",high,162,True
"Anici","Anise","Polypodio","polypody",PLANT,"ingredient",high,179,True
"Anici","Anise","Gherofani","carnations",PLANT,"ingredient",high,,False
"Anici","Anise","Spezie di hicra picra","holy spice",SUBSTANCE,"ingredient",high,,False
"Anici","Anise","Scamonea","scammony",PLANT,"ingredient",high,229,True
"Anici","Anise","Helleboro nero","black hellebore",PLANT,"ingredient",high,156,True
"Anici","Anise","SaleindojCioé","crystal salt, that is",SUBSTANCE,"ingredient",high,,False
"Anici","Anise","zucchero candì","candied sugar",SUBSTANCE,"ingredient",high,322,True
"Anici","Anise","Agarico eletto","chosen agaric",SUBSTANCE,"ingredient",high,,False
"Anici","Anise","Sugo d'cndiuia","endive juice",SUBSTANCE,"ingredient",high,,False
"Anici","Anise","RHA- barbaro","rhubarb",PLANT,"ingredient",high,141,True
"Anici","Anise","Rhabarbaro fine","fine rhubarb",PLANT,"ingredient",high,,False
"Anici","Anise","Eapatouo","hebatou",SUBSTANCE,"ingredient",high,,False
"Anici","Anise","Mandorle amare","bitter almonds",PLANT,"ingredient",high,,False
"Anici","Anise","Kardo indici","Indian cardoon",PLANT,"ingredient",high,,False
"Anici","Anise","p.obbia da tintóri","dyer's bugloss",PLANT,"ingredient",high,,False
"Anici","Anise","Scine d'Appio","celery seed",PLANT,"ingredient",high,353,True
"Anici","Anise","prezzemo- lo","parsley",PLANT,"ingredient",high,666,True
"Anici","Anise","AlTérzio","altersius",SUBSTANCE,"ingredient",high,,False
"Anici","Anise","Afaro","saffron",SUBSTANCE,"ingredient",high,529;611,True
"Anici","Anise","acqua d'eu parorio","water of eu",SUBSTANCE,"solvent",low,,False
"Marmelo","Quince","costo de Veneza","costus of Venice",SUBSTANCE,"ingredient",high,,False
"Marmelo","Quince"," Alexandria","Alexandria",PLACE,"origin",high,41,True
"Marmelo","Quince","rai- zes de menta romana","roots of Roman mint",PLANT,"ingredient",high,,False
"Marmelo","Quince","costo falso","false costus",SUBSTANCE,"alternative",high,,False
"Marmelo","Quince","abobra","gourd",PLANT,"comparison",high,,False
"laranja","Orange","âmbar","ambergris",SUBSTANCE,"comparison",high,466;383,True
"laranja","Orange","limSoj","lemon",PLANT,"comparison",high,,False
"laranja","Orange","sabam","saba",PLANT,"comparison",high,,False
"laranja","Orange","limão","lemon",PLANT,"comparison",high,,False
"laranja","Orange","linbon","lemon",PLANT,"comparison",high,,False
"laranja","Orange","naranja","orange",PLANT,"comparison",high,417;714,False
"laranja","Orange","âmbar","ambergris",SUBSTANCE,"comparison",high,466;383,True
"laranja","Orange","sperma da balea","sperm whale",ANIMAL,"comparison",high,,False
"maçãs de acypreſte","Cypress Apple","ftor","ftor",PLANT,"synonym for maçãas de anáfega",high,,False
"maçãs de acypreſte","Cypress Apple","pidards","pidards",PLANT,"synonym for maçãas de anáfega",high,,False
"maçãs de acypreſte","Cypress Apple","Balagate","Balagate",PLACE,"location where superior maçãas are found",low,,False
"Murta","Myrtle","Confolidantes","Confolidantes",CONCEPT,"class of medicines that include roots of verbascum and tormentilla",low,,False
"Murta","Myrtle","verbaſco","Verbascum",PLANT,"ingredient in Confolidantes",high,,False
"Murta","Myrtle","tormentilla","Tormentilla",PLANT,"ingredient in Confolidantes",high,506,True
"Murta","Myrtle","tanchagem","Plantago",PLANT,"ingredient in Confolidantes",high,,False
"Murta","Myrtle","rofãs ſeccas","Rosa",PLANT,"ingredient in Confolidantes",high,,False
"Murta","Myrtle","erva chamada rabo de cavallo","Equisetum arvense",PLANT,"ingredient in Confolidantes",high,,False
"Murta","Myrtle","avacari","avacari",PLANT,"alternative name for a plant with leaves and flowers like myrtle",high,,False
"Vacca","Cow","fel daterra","Colchicum autumnale",PLANT,"vulgar name for a flower",high,,False
"Vacca","Cow","cabras","Capra aegagrus hircus",ANIMAL,"source of urine used in a remedy",high,338;533,True
"Vacca","Cow","lingoa de vacca","lingoa de vacca",PLANT,"Arabic name for a plant",high,,False
"Vacca","Cow","lingoa de pássaro","lingoa de pássaro",PLANT,"Arabic name for a plant",high,,False
"Vacca","Cow","capillus veneris","Adiantum capillus-veneris",PLANT,"Latin name for a plant",high,,False
"Vacca","Cow","daul alfil","daul alfil",DISEASE,"Arabic name for Elephantiasis",high,,False
"emplastro","Plaster","Moleira","Moleira",PLACE,"name given by old women to the coronal suture",high,,False
"emplastro","Plaster","Alambre branco","Alambre branco",SUBSTANCE,"ingredient in an emplaster",high,,False
"emplastro","Plaster","Incenſo macho","Incenso macho",SUBSTANCE,"ingredient in an emplaster",high,486,True
"emplastro","Plaster","Galbano","Galbanum",SUBSTANCE,"ingredient in an emplaster",high,35,True
"emplastro","Plaster","Opoponaço","Opoponax",SUBSTANCE,"ingredient in an emplaster",high,,False
"emplastro","Plaster","viſco quercino","Viscum album",PLANT,"ingredient in an emplaster",high,922,True
"Méditerranée","Mediterranean Sea","Canal viejo","Old Bahama Channel",PLACE,"channel that communicates with the Florida Channel",high,,False
"Méditerranée","Mediterranean Sea","Old Bahama Cliannel","Old Bahama Channel",PLACE,"channel that communicates with the Florida Channel",high,,False
"Méditerranée","Mediterranean Sea","Canal <le la Floride","Florida Channel",PLACE,"channel",high,,False
"Méditerranée","Mediterranean Sea","Mer Noire","Black Sea",PLACE,"sea",high,,False
"hierapicra","Hierapicra","Meluc","Meluc",PLACE,"origin of rhubarb",high,,False
"hierapicra","Hierapicra","D l A S E N A F R ES C A","Alexandrian senna",PLANT,"component of Hiera",high,,False
"hierapicra","Hierapicra","Ma^tfir.le","Ma^tfir.le",SUBSTANCE,"component of Hiera",medium,,False
"hierapicra","Hierapicra","BENEDETTA SEM. plice dt Niccolao <t^Uf- Jandrino","Benedicta Simplex",CONCEPT,"a preparation",high,,False
"hierapicra","Hierapicra","Efula","Efula",SUBSTANCE,"ingredient",high,,False
"hierapicra","Hierapicra","Scamonea","Scammony",SUBSTANCE,"ingredient",high,229,True
"hierapicra","Hierapicra","Hermodatti","Hermodactyl",SUBSTANCE,"ingredient",high,,False
"hierapicra","Hierapicra","Ila, •apicra","Hiera picra",SUBSTANCE,"synonym of",high,428,False
"hierapicra","Hierapicra","PAPvTE PILLOLE DE LAPI- 1 g2.Tr Apis Armeno'","Papite pillole de Apis Armeno",SUBSTANCE,"part of a compound",low,,False
"hierapicra","Hierapicra","Polipodio","Polypody",PLANT,"ingredient in hiera picra",high,179,True
"hierapicra","Hierapicra","Epthymo","Epithyme",PLANT,"ingredient in hiera picra",high,,False
"hierapicra","Hierapicra","Scamonea","Scammony",PLANT,"ingredient in hiera picra",high,229,True
"hierapicra","Hierapicra","Gherofani","Cloves",PLANT,"ingredient in hiera picra",high,,False
"hierapicra","Hierapicra","òaie indo","Indian dates",PLANT,"ingredient in hiera picra",high,,False
"hierapicra","Hierapicra","Soìatrocj","Saffron",SUBSTANCE,"ingredient in hiera picra",high,611,True
"Arroz","Rice","trigo","wheat",PLANT,"commodity alongside rice",high,499,True
"Arroz","Rice","Venesars","Venasars",PERSON,"group of people trading goods",low,,False
"Arroz","Rice","coquo","coconut",PLANT,"used to make a dish with rice",high,904,True
"Arroz","Rice","caril","curry",CONCEPT,"name for dishes",high,,False
"Arroz","Rice","pimenta","pepper",PLANT,"ingredient in rice water drink",high,,False
"Arroz","Rice","cominhos","cumin",PLANT,"ingredient in rice water drink",high,468,True
"Arroz","Rice","canje","congee",SUBSTANCE,"name for rice water drink",high,756,True
"Arroz","Rice","naire","naire",PERSON,"title for a person",high,,False
"Arroz","Rice","piluane","pilavane",PERSON,"title for a person",high,,False
"Arroz","Rice","franguos","chickens",ANIMAL,"used in a dish with rice water",high,326;30,True
"Arroz","Rice","canje","congee",SUBSTANCE,"name for rice water dish",high,756,True
"Arroz","Rice","legumes","legumes",PLANT,"grown alongside rice",high,,False
"Arroz","Rice","curumbim","curumbim",PERSON,"term for farmers",high,,False
"Arroz","Rice","pulai","pulai",PLANT,"type of rice",high,,False
"Arroz","Rice","pulai","pulai",PLANT,"type of rice",high,,False
"Syria","Syria","Arábia","Arabia",PLACE,"language spoken in Avicena's region",high,321,True
"Syria","Syria","araby","Arabic",CONCEPT,"language name",high,,False
"Syria","Syria","magaraby","Maghreb Arabic",CONCEPT,"language name",high,,False
"Syria","Syria","Syria","Syria",PLACE,"region where writings were composed",high,431,False
"Syria","Syria","Africa","Africa",PLACE,"region with a different language",high,71,True
"Syria","Syria","magaraby","Maghreb Arabic",CONCEPT,"language name for Moors",high,,False
"Syria","Syria","tembul","Tembul",PLANT,"alternative name for an herb",low,,False
"Syria","Syria","Siria","Syria",PLACE,"region where an herb is found",high,431,False
"Syria","Syria","Egipto","Egypt",PLACE,"region where an herb is abundant",high,10,True
"Syria","Syria","índia","India",PLACE,"region where the most praised herb comes from",high,45,True
"Syria","Syria","alexandrino","Alexandrian",CONCEPT,"descriptor for a substance; possibly indicating origin",low,,False
"Syria","Syria","Suria","Syria",PLACE,"region associated with trade routes",high,431,False
"Syria","Syria","Panonia","Pannonia",PLACE,"region where a substance was seen",high,,False
"manna","Manna","rame","copper",SUBSTANCE,"element present in a substance",high,,False
"manna","Manna","Sciauonia","Sclavonia",PLACE,"origin of a mineral substance",high,,False
"manna","Manna","Veneția","Venice",PLACE,"destination for a substance",high,37,True
"manna","Manna","Greci","Greeks",PERSON,"people who use a term",high,72,True
"manna","Manna","Arab","Arabs",PERSON,"people who use a term",high,,False
"manna","Manna","Calábria","Calabria",PLACE,"region with a similar substance",high,256,True
"manna","Manna","tiriamjabim","Tiriamjabim",SUBSTANCE,"specific type of manna",high,,False
"manna","Manna","MIRABOLANOS","Myrobalan",SUBSTANCE,"invented name for something",high,704;378,True
"manna","Manna","Arábia","Arabia",PLACE,"region where 'araby' language is used",high,321,True
"manna","Manna","araby","Arabic",CONCEPT,"language name",high,,False
"manna","Manna","magaraby","Maghreb Arabic",CONCEPT,"language name",high,,False
"manna","Manna","assa fétida","asafoetida",PLANT,"tree whose name is sometimes used",high,,False
"manna","Manna","maçãas","maçãas",SUBSTANCE,"synonym",low,,False
"manna","Manna","maçãas de anáfega","maçãas de anáfega",SUBSTANCE,"synonym",low,418,True
"manna","Manna","ftor","ftor",SUBSTANCE,"synonym",high,,False
"manna","Manna","pidards","pidards",SUBSTANCE,"synonym",high,,False
"manna","Manna","Tenga","Tenga",CONCEPT,"synonym",high,,False
"manna","Manna","Narle*","Narle*",CONCEPT,"synonym",high,,False
"manna","Manna","cariojilum","cariojilum",SUBSTANCE,"synonym",high,,False
"manna","Manna","gariojilum","gariojilum",SUBSTANCE,"synonym",high,541,True
"manna","Manna","calafur","calafur",SUBSTANCE,"synonym",high,,False
"manna","Manna","chanque","chanque",SUBSTANCE,"synonym",high,,False
"manna","Manna","armufel","armufel",SUBSTANCE,"synonym",high,,False
"manna","Manna","cratfo","cratfo",PLANT,"synonym",high,,False
"manna","Manna","achar","achar",SUBSTANCE,"synonym",high,,False
"manna","Manna","gim:{ibil","gim:{ibil",SUBSTANCE,"synonym",high,,False
"manna","Manna","adrac","adrac",SUBSTANCE,"synonym",high,,False
"manna","Manna","sucte","sucte",SUBSTANCE,"synonym",high,,False
"manna","Manna","imgi","imgi",SUBSTANCE,"synonym",high,,False
"manna","Manna","o/fá","o/fá",SUBSTANCE,"synonym",high,,False
"manna","Manna","anana{","anana",PLANT,"synonym",high,,False
"elephantes","Elephant","locsumutri","locsumutri",SUBSTANCE,"synonym",high,,False
"elephantes","Elephant","must","must",CONCEPT,"synonym",high,,False
"elephantes","Elephant","musty","musty",CONCEPT,"synonym",high,,False
"elephantes","Elephant","must","must",CONCEPT,"synonym",high,,False
"elephantes","Elephant","musty","musty",CONCEPT,"synonym",high,,False
"Senne","Senna","paoGua-plius adultimum uſqueſenium","paoGua-plius adultimum uſqueſenium",PLANT,"synonym",high,,False
"Senne","Senna","agrimonia","agrimonia",PLANT,"related",medium,88,True
"Senne","Senna","equiſeto","equiſeto",PLANT,"related",medium,,False
"Russie","Russia","Pologne","Poland",PLACE,"contiguous to known entity",high,234,True
"Russie","Russia","Bohême","Bohemia",PLACE,"contiguous to known entity",high,,False
"Russie","Russia","Moravie","Moravia",PLACE,"contiguous to known entity",high,,False
"Russie","Russia","Hongrie","Hungary",PLACE,"contiguous to known entity",high,,False
"linho","Flax","Decam","Deccan",PLACE,"origin of linho alcanave",high,,False
"linho","Flax","Bengala","Bengal",PLACE,"origin of linho alcanave",high,355,True
"linho","Flax","linho do nosso","our flax",PLANT,"synonym for common flax; distinct from linho alcanave",high,,False
"linho","Flax","camizas","shirts",CONCEPT,"made from linho do nosso",low,,False
"linho","Flax","alei","alei",PLANT,"vernacular name for linho alcanave",high,,False
"linho","Flax","camizas","shirts",CONCEPT,"made from linho do nosso",low,,False
"linho","Flax","alei","alei",PLANT,"vernacular name for linho alcanave",high,,False
"linho","Flax","bangue","bhang",SUBSTANCE,"related to linho alcanave (likely derived from it)",medium,,False
"linho","Flax","alei","alei",PLANT,"vernacular name for linho alcanave",high,,False
"linho","Flax","bangue","bhang",SUBSTANCE,"related to linho alcanave (likely derived from it)",medium,,False
"linho","Flax","linho alça- neve","linho alcanave",PLANT,"synonym for linho alcanave",high,443,False
"linho","Flax","Decam","Deccan",PLACE,"origin of linho alça- neve",high,,False
"linho","Flax","Bengala","Bengal",PLACE,"origin of linho alça- neve",high,355,True
"linho","Flax","linho do nosso","our flax",PLANT,"synonym for common flax; distinct from linho alcanave",high,,False
"linho","Flax","camizas","shirts",CONCEPT,"made from linho do nosso",low,,False
"linho","Flax","alei","alei",PLANT,"vernacular name for linho alcanave",high,,False
"linho","Flax","linho alça- neve","linho alcanave",PLANT,"synonym for linho alcanave",high,443,False
"linho","Flax","Decam","Deccan",PLACE,"origin of linho alça- neve",high,,False
"linho","Flax","Bengala","Bengal",PLACE,"origin of linho alça- neve",high,355,True
"linho","Flax","linho do nosso","our flax",PLANT,"synonym for common flax; distinct from linho alcanave",high,,False
"linho","Flax","camizas","shirts",CONCEPT,"made from linho do nosso",low,,False
"linho","Flax","alei","alei",PLANT,"vernacular name for linho alcanave",high,,False
"linho","Flax","ferro","iron",SUBSTANCE,"found in the same region as linho",high,,False
"linho","Flax","negros","Black people",PERSON,"inhabitants of the region with linho and ferro",high,251,True
"linho","Flax","índios","Indians",PERSON,"inhabitants of the region with linho and ferro",high,,False
"linho","Flax","paraizo terreal","Earthly Paradise",CONCEPT,"location described by indios",high,702,True
"linho","Flax","pico de Adam","Adam's Peak",PLACE,"a mountain named by the indios",high,,False
"pòs","Powder","Antimonio","Antimony",SUBSTANCE,"prepared substance; synonym for Estibio",high,612,True
"pòs","Powder","Eſtibio","Stibium",SUBSTANCE,"synonym for Antimonio",high,,False
"pòs","Powder","pòs de Quintilio","Quintilius's powder",SUBSTANCE,"common name for prepared Antimonio/Estibio",high,,False
"pòs","Powder","pò de ſevadilha","powder of sevadilla",SUBSTANCE,"ingredient in sternutatories",high,,False
"pòs","Powder","pôdas folhas de laureola","powder of laureola leaves",SUBSTANCE,"ingredient in sternutatories",high,,False
"pòs","Powder","laureola","laureola",PLANT,"source of leaves for powder",high,,False
"pòs","Powder","oriola","oriola",SUBSTANCE,"vulgar name for powder of laureola leaves",high,,False
"pòs","Powder","euforbio","euphorbium",SUBSTANCE,"ingredient in sternutatories",high,170,True
"pòs","Powder","limadurade paoGua- plius","raspings of Gua-plius wood",SUBSTANCE,"ingredient in a recipe",high,,False
"pòs","Powder","falsa parrilha","false sarsaparilla",PLANT,"ingredient in a recipe",high,,False
"pòs","Powder","sene","senna",PLANT,"ingredient in a recipe",high,437,True
"pòs","Powder","agrimonia","agrimony",PLANT,"ingredient in a recipe",high,88,True
"pòs","Powder","equiseto","horsetail",PLANT,"ingredient in a recipe",high,708,True
"pòs","Powder","Aloè","Aloe",SUBSTANCE,"ingredient in a preparation",high,384,True
"pòs","Powder","Myrrha","Myrrh",SUBSTANCE,"ingredient in a preparation",high,489;671,True
"pòs","Powder","Polucrizza","Polycryza",SUBSTANCE,"ingredient in a preparation",high,,False
"pòs","Powder","Hiaggiuolo tonda","Aristolochia rotunda",PLANT,"ingredient in a preparation",high,,False
"pòs","Powder","Manna d'inccnfo","Frankincense manna",SUBSTANCE,"ingredient in a preparation",high,432,True
"pòs","Powder","Panace","Panax",PLANT,"ingredient in a preparation",high,,False
"pòs","Powder","Calem","Galen",PERSON,"mentioned in context of preparation",low,1,True
"pòs","Powder","Ariftolochia tonda","Aristolochia rotunda",PLANT,"ingredient in a preparation",high,,False
"pòs","Powder","Orobi","Orobis",PLANT,"ingredient in a preparation",high,,False
"pòs","Powder","Seme di ruta","Rue seed",PLANT,"ingredient in a preparation",high,,False
"pòs","Powder","faluatica","Salsify",PLANT,"ingredient in a preparation",high,,False
"pòs","Powder","harmel","Harmel",PLANT,"ingredient in a preparation",high,,False
"pòs","Powder","Mn-oncvim","Monovium",SUBSTANCE,"ingredient in a preparation",high,,False
"pòs","Powder","cadia","Casia",SUBSTANCE,"ingredient in a preparation",high,548,True
"Alleghanis","Allegheny Mountains","Dioscorides","Dioscorides",PERSON,"referenced for information",high,3,True
"Alleghanis","Allegheny Mountains","Plinio","Pliny",PERSON,"referenced for information",high,25,True
"Alleghanis","Allegheny Mountains","gandis","gandis",CONCEPT,"alternative name for 'buticairos'",high,,False
"portuguez","Portuguese","calecomer","Calecomar",SUBSTANCE,"alternative name for the substance",high,,False
"portuguez","Portuguese","acibar","Acibar",SUBSTANCE,"alternative name for the substance",high,322,True
"portuguez","Portuguese","herva-babosa","Aloe vera",PLANT,"the plant from which the substance is derived",high,,False
"portuguez","Portuguese","maju","Maju",SUBSTANCE,"alternative name for the substance",high,,False
"portuguez","Portuguese","Balagate","Balaghat",PLACE,"location mentioned",low,,False
"portuguez","Portuguese","álcool","Alcohol",SUBSTANCE,"mentioned as a dangerous substance",high,,False
"portuguez","Portuguese","ópio","Opium",SUBSTANCE,"mentioned as a dangerous substance",high,83;196,True
"portuguez","Portuguese","haschisch","Hashish",SUBSTANCE,"mentioned as a dangerous substance",high,,False
"portuguez","Portuguese","morphina","Morphine",SUBSTANCE,"mentioned as a dangerous substance",high,,False
"portuguez","Portuguese","canje","Canja",SUBSTANCE,"alternative name for the dish",high,756,True
"portuguez","Portuguese","Muse d'Egitto","Muse of Egypt",PLACE,"place mentioned",low,,False
"portuguez","Portuguese","Soria","Syria",PLACE,"place mentioned",low,431,True
"portuguez","Portuguese","BananaSf","Banas",PLACE,"local name from Africa",high,,False
"portuguez","Portuguese","murta","Myrtle",PLANT,"comparison for leaves and flower",high,421,True
"portuguez","Portuguese","avacari","Avacari",PLANT,"name of the herb",high,,False
"portuguez","Portuguese","camarás","Camaras",CONCEPT,"medical condition",medium,121,True
"portuguez","Portuguese","firia","Phthisis",DISEASE,"medical condition",medium,,False
"portuguez","Portuguese","djamán","djamán",PLANT,"synonym of known entity",high,,False
"portuguez","Portuguese","y^hnM/","yhnm",PLANT,"synonym of known entity",high,,False
"portuguez","Portuguese","djam^ balãa","djam balãa",PLANT,"synonym of known entity",high,,False
"portuguez","Portuguese","hacchic","hacchic",PLANT,"synonym of known entity",high,,False
"portuguez","Portuguese","cate","cate",PLANT,"synonym of known entity",medium,,False
"portuguez","Portuguese","ladrão","ladrão",PLANT,"synonym of known entity",high,,False
"exercicio","Exercise","hervapoligano","hervapoligano",PLANT,"alternative name for a plant used in treatment",high,,False
"exercicio","Exercise","andorinha","andorinha",PLANT,"vulgar name for hervapoligano",high,,False
"Alhos","Garlic","aguadaRainhadeUngria","aguadaRainhadeUngria",SUBSTANCE,"alternative to balsam",medium,,False
"Alhos","Garlic","alfavacadecobra","alfavacadecobra",PLANT,"ingredient in a remedy",high,382,True
"Alhos","Garlic","hervadoce","hervadoce",PLANT,"ingredient in a remedy",high,26,True
"Alhos","Garlic","hortela","hortela",PLANT,"ingredient in a remedy",high,154,True
"Alhos","Garlic","poda raizdaButua","poda raizdaButua",PLANT,"ingredient in a remedy",high,,False
"Alhos","Garlic","Parreyra brava","Parreyra brava",PLANT,"vulgar name for poda raizdaButua",high,,False
"Alhos","Garlic","Afelli","Afelli",ANIMAL,"medical term for Millepedes",high,,False
"Alhos","Garlic","Millepedes","Millepedes",ANIMAL,"medical term; synonym for Afelli",high,,False
"Alhos","Garlic","alfavacade cobra","alfavacade cobra",PLANT,"ingredient in a remedy",high,382,True
"Alhos","Garlic","rabãos","rabãos",PLANT,"ingredient in a remedy",high,586,True
"Alhos","Garlic","bagas de loureyro","bagas de loureyro",PLANT,"ingredient in a remedy",high,,False
"Alhos","Garlic","alfavaca","alfavaca",PLANT,"ingredient in a remedy",high,382,True
"Alhos","Garlic","ortela","ortela",PLANT,"ingredient in a remedy",high,154,True
"Alhos","Garlic","macella","macella",PLANT,"ingredient in a remedy",high,389,True
"Alhos","Garlic","cominhos","cominhos",PLANT,"ingredient in a remedy",high,468,True
"Alhos","Garlic","oleode arruda","oleode arruda",SUBSTANCE,"ingredient in a remedy",high,304,True
"Alhos","Garlic","hiera-picia","hiera-picia",SUBSTANCE,"ingredient in a remedy",high,428,True
"Alhos","Garlic","pò de caſtoreo","pò de caſtoreo",SUBSTANCE,"ingredient in a remedy",high,,False
"Alhos","Garlic","ameos","ameos",PLANT,"rustic cumin; ingredient in a medicine",high,,False
"Alhos","Garlic","cominhos rústicos","cominhos rústicos",PLANT,"synonym of ameos",high,,False
"Alhos","Garlic","arata","arata",SUBSTANCE,"name of a medicine",high,898,True
"papoulas","Poppy","khaschkhasch","khaschkhasch",PLANT,"Arabic/Deccani name for poppy",high,,False
"papoulas","Poppy","caxcax","caxcax",PLANT,"Orta name for khaschkhasch",high,,False
"mercurio fixo","Fixed mercury","Ettibio","Ettibio",SUBSTANCE,"Substance referred to by Poterio",high,,False
"mercurio fixo","Fixed mercury","Antimonio meteorizado","Antimonio meteorizado",SUBSTANCE,"Substance referred to by Poterio",high,,False
"mercurio fixo","Fixed mercury","Antimonio Diaphoretico","Antimonio Diaphoretico",SUBSTANCE,"Substance referred to by Fabro",high,,False
"mercurio fixo","Fixed mercury","Unicornio mineral","Unicornio mineral",SUBSTANCE,"Synonym for Antimonio Diaphoretico",high,,False
"mercurio fixo","Fixed mercury","Mercurio Diaphoretico fixo","Mercurio Diaphoretico fixo",SUBSTANCE,"Known entity",high,455,False
"mercurio fixo","Fixed mercury","Diafeltetafon","Diafeltetafon",SUBSTANCE,"Synonym for Mercurio Diaphoretico fixo",high,,False
"mercurio fixo","Fixed mercury","Caparrosa","Caparrosa",SUBSTANCE,"Substance that after distillation becomes Colcothar",high,,False
"mercurio fixo","Fixed mercury","Colcothar","Colcothar",SUBSTANCE,"Name for distilled Caparrosa",high,,False
"Alquitira","Bitumen","Arabi carabe","Arabi carabe",SUBSTANCE,"mentioned in proximity to bitumen",low,,False
"Alquitira","Bitumen","Danzica","Danzig",PLACE,"mentioned in proximity to bitumen",low,1170,True
"Alquitira","Bitumen","Monteregio","Monteregio",PLACE,"mentioned in proximity to bitumen",low,,False
"Alquitira","Bitumen","Prufsia","Prussia",PLACE,"mentioned in proximity to bitumen",low,781,True
"Alquitira","Bitumen","ambra","amber",SUBSTANCE,"described as being of two kinds; yellow and white; similar to bitumen",high,383,True
"Alquitira","Bitumen","Diolconde","Diolconde",PERSON,"mentioned in relation to pislashphalto",low,,False
"Alquitira","Bitumen","pislashphalto","pislashphalto",SUBSTANCE,"compared to bitumen",high,,False
"Alquitira","Bitumen","pece","pitch",SUBSTANCE,"mixed with bitumen to create artificial mumia",high,99,True
"Alquitira","Bitumen","Mumia","Mummy",SUBSTANCE,"artificial version can be made with bitumen and pitch",high,675,True
"Alquitira","Bitumen","pece","pitch",SUBSTANCE,"mixed with bitumen to create artificial mumia",high,99,True
"Alquitira","Bitumen","Mumia","Mummy",SUBSTANCE,"artificial version can be made with bitumen and pitch; true mumia of the Arabs is different",high,675,True
"Alquitira","Bitumen","pislashphalto","pislashphalto",SUBSTANCE,"compared to bitumen",high,,False
"Alquitira","Bitumen","Diofcoride","Dioscorides",PERSON,"mentioned in relation to pislashphalto",low,3,True
"Alquitira","Bitumen","Arabi","Arabs",PLACE,"associated with true mumia",high,123,True
"Alquitira","Bitumen","Mumia","Mummy",SUBSTANCE,"artificial version can be made with bitumen and pitch; true mumia of the Arabs is different",high,675,True
"Alquitira","Bitumen","pislashphalto","pislashphalto",SUBSTANCE,"compared to bitumen",high,,False
"Alquitira","Bitumen","Diofcoride","Dioscorides",PERSON,"mentioned in relation to pislashphalto",low,3,True
"Alquitira","Bitumen","pece","pitch",SUBSTANCE,"mixed with bitumen to create artificial mumia",high,99,True
"Alquitira","Bitumen","Arabi","Arabs",PLACE,"associated with true mumia",high,123,True
"Alquitira","Bitumen","Mumia","Mummy",SUBSTANCE,"artificial version can be made with bitumen and pitch; true mumia of the Arabs is different",high,675,True
"Alquitira","Bitumen","pislashphalto","pislashphalto",SUBSTANCE,"compared to bitumen",high,,False
"Alquitira","Bitumen","Diofcoride","Dioscorides",PERSON,"mentioned in relation to pislashphalto",low,3,True
"Alquitira","Bitumen","pece","pitch",SUBSTANCE,"mixed with bitumen to create artificial mumia",high,99,True
"Alquitira","Bitumen","Arabi","Arabs",PLACE,"associated with true mumia",high,123,True
"Alquitira","Bitumen","Antimonio","Antimony",SUBSTANCE,"mentioned alongside bitumen",high,612,True
"Alquitira","Bitumen","Bianco di Galeno","White of Galen",SUBSTANCE,"synonym for Trifero",high,,False
"Alquitira","Bitumen","Trifero","Trifero",SUBSTANCE,"synonym for Bianco di Galeno",high,,False
"Alquitira","Bitumen","A^omelite di Phi/a^rio","A^omelite of Philasario",SUBSTANCE,"mentioned alongside bitumen",low,,False
"Alquitira","Bitumen","Bitume Giudaico","Jewish bitumen",SUBSTANCE,"a type of bitumen",high,457,False
"Alquitira","Bitumen","Blatte BifanXie","Blatte BifanXie",ANIMAL,"mentioned alongside bitumen",low,,False
"Alquitira","Bitumen","AriMochia","AriMochia",SUBSTANCE,"mentioned alongside bitumen",low,,False
"Alquitira","Bitumen","Antimonio","Antimony",SUBSTANCE,"mentioned alongside bitumen",high,612,True
"Alquitira","Bitumen","Bianco di Galeno","White of Galen",SUBSTANCE,"synonym for Trifero",high,,False
"Alquitira","Bitumen","Trifero","Trifero",SUBSTANCE,"synonym for Bianco di Galeno",high,,False
"Alquitira","Bitumen","A^omelite di Phi/a^rio","A^omelite of Philasario",SUBSTANCE,"mentioned alongside bitumen",low,,False
"Alquitira","Bitumen","Bitume Giudaico","Jewish bitumen",SUBSTANCE,"a type of bitumen",high,457,False
"Alquitira","Bitumen","Blatte BifanXie","Blatte BifanXie",ANIMAL,"mentioned alongside bitumen",low,,False
"Alquitira","Bitumen","AriMochia","AriMochia",SUBSTANCE,"mentioned alongside bitumen",low,,False
"Alquitira","Bitumen","Aromatico","aromatic",CONCEPT,"mentioned in proximity to Blatte BifanXie",low,,False
"cura","Healing","Ulmeiro","Elm",PLANT,"synonym for the tree with medicinal bark",high,1022,True
"cura","Healing","Choupo","Poplar",PLANT,"synonym for the tree with medicinal bark",high,,False
"cura","Healing","Salgueiro","Willow",PLANT,"synonym for the tree with medicinal bark",high,,False
"cura","Healing","entrecaſca do pao do Ulmeiro","bark of the elm tree",SUBSTANCE,"its decoction heals sores",high,,False
"cura","Healing","chagas","sores",DISEASE,"healed by decoction of elm bark",high,,False
"cura","Healing","queimaduras","burns",DISEASE,"healed by decoction of elm bark",high,,False
"cura","Healing","apoſtemas","aposthems",DISEASE,"healed by decoction of elm bark",high,306,True
"cura","Healing","ſangrias","bloodlettings",CONCEPT,"resulting aposthems are healed by decoction of elm bark",high,116,True
"cura","Healing","Mania","Mania",DISEASE,"its cure is discussed",high,339,True
"cura","Healing","humor peccante","corrupt humor",CONCEPT,"influences the cure of Mania",high,15,True
"cura","Healing","Venefectio","Venefectio",CONCEPT,"mentioned in context of Mania",low,,False
"cura","Healing","generofum","generous",CONCEPT,"mentioned in context of Mania",low,,False
"cura","Healing","Bonetto","Bonetto",PERSON,"author mentioned in context of Mania",low,,False
"cura","Healing","medicamentum","medicine",SUBSTANCE,"mentioned in context of Mania",low,8,True
"Castella","Spain","buticairos","apothecaries",PERSON,"mentioned in relation to prices",high,151,True
"Castella","Spain","jacintos","hyacinths",PLANT,"prices compared to another spice",low,,False
"Castella","Spain","balax","balas ruby",SUBSTANCE,"a type of spice; of lesser price",high,,False
"Castella","Spain","espinhela","espinhela",SUBSTANCE,"a type of spice; of a more reddish color",high,,False
"pimenta longa","Long Pepper","Jilfil","Jilfil",SUBSTANCE,"synonym for pimenta longa",high,,False
"pimenta longa","Long Pepper","Jul/ul","Julul",SUBSTANCE,"synonym for pimenta longa",high,,False
"pimenta longa","Long Pepper","darfulful","darfulful",SUBSTANCE,"synonym for pimenta longa",high,,False
"pimenta longa","Long Pepper","filfil","filfil",SUBSTANCE,"synonym for pimenta longa",high,,False
"pimenta longa","Long Pepper","nui fui","nui fui",SUBSTANCE,"synonym for pimenta longa",low,,False
"pimenta longa","Long Pepper","falfel","falfel",SUBSTANCE,"synonym for pimenta longa",low,,False
"cezões","Seizures","must","must",CONCEPT,"state known in the Orient",high,,False
"Polypo","Nasal polyps","Polipus","Polypus",DISEASE,"called",high,464,False
"Polypo","Nasal polyps","Polipus","Polypus",DISEASE,"called",high,464,False
"Polypo","Nasal polyps","Fistulaes","Fistulas",DISEASE,"similar condition to sores",medium,341,True
"Polypo","Nasal polyps","Gangrenes","Gangrenes",DISEASE,"similar condition to sores",medium,,False
"Polypo","Nasal polyps","Polipus","Polypus",DISEASE,"called",high,464,False
"crocodiles","Crocodile","cayman","Caiman",ANIMAL,"alternative name for crocodile",high,,False
"crocodiles","Crocodile","cocodrilo","cocodrilo",ANIMAL,"common Spanish name for crocodile",high,465,False
"crocodiles","Crocodile","cayman","Caiman",ANIMAL,"alternative name for crocodile",high,,False
"crocodiles","Crocodile","cocodrilo","cocodrilo",ANIMAL,"common Spanish name for crocodile",high,465,False
"crocodiles","Crocodile","caymans","Caimans",ANIMAL,"alternative name for crocodile",high,,False
"crocodiles","Crocodile","alligators","Alligators",ANIMAL,"alternative name for crocodile",high,,False
"crocodiles","Crocodile","lamantins","Manatees",ANIMAL,"co-occurs with crocodiles",medium,,False
"AMBRE","Ambergris","limSoj","limon",SUBSTANCE,"synonym for lemon",high,,False
"AMBRE","Ambergris","la- ranja","laranja",SUBSTANCE,"synonym for orange",high,417,True
"AMBRE","Ambergris","sabam","sabao",SUBSTANCE,"other item mentioned alongside amber",low,,False
"AMBRE","Ambergris","limbon","limon",SUBSTANCE,"synonym for lemon",high,,False
"AMBRE","Ambergris","naranja","laranja",SUBSTANCE,"synonym for orange",high,417,True
"AMBRE","Ambergris","balea","baleia",ANIMAL,"source of ambergris",high,900,True
"AMBRE","Ambergris","ascap","ascap",SUBSTANCE,"synonym for ambre",high,,False
"AMBRE","Ambergris","Nizamoxa","Nizamoxa",PLACE,"place associated with physicists",low,354,True
"AMBRE","Ambergris","Nizamaluco","Nizamaluco",PLACE,"place associated with physicists",low,354,True
"AMBRE","Ambergris","Avenrrois","Averroes",PERSON,"cited author",high,,False
"AMBRE","Ambergris","Abenzoar","Ibn Zuhr",PERSON,"cited author",high,,False
"páo","Camphor tree","cossia lignea","Cinnamomum cassia",PLANT,"described plant",medium,,False
"cominhos","Cumin","ameos","ameos",PLANT,"rustic cumin",high,,False
"cominhos","Cumin","arata","arata",CONCEPT,"name of a remedy",high,898,True
"cominhos","Cumin","canje","canja",SUBSTANCE,"name for rice water with pepper and cumin",high,756,True
"cominhos","Cumin","mordexi seco","mordexi seco",DISEASE,"Indian physicians' name for a condition",high,,False
"cominhos","Cumin","olio nardino","olio nardino",SUBSTANCE,"oil used in fomentation",low,125,True
"cominhos","Cumin","almecega","mastich",SUBSTANCE,"oil used in fomentation",medium,358,True
"cheiro","Smell","apas","apas",SUBSTANCE,"bread preparation",high,,False
"cheiro","Smell","calamo aromático","Acorus calamus",PLANT,"sweet smelling plant",high,158,True
"cheiro","Smell","myrra","myrrh",SUBSTANCE,"bad smelling substance",high,489;671,True
"cheiro","Smell","aloés","aloe",SUBSTANCE,"worse smelling substance",high,384,True
"cheiro","Smell","espiquenardo","spikenard",PLANT,"comparison for smell",high,186,True
"cheiro","Smell","maçan","maçan",PLANT,"comparison for smell",low,,False
"cheiro","Smell","lentilhas de agoa","duckweed",PLANT,"comparison for leaves",high,225,True
"cheiro","Smell","tembul","tembul",SUBSTANCE,"named by Moors",high,,False
"cheiro","Smell","Siria","Syria",PLACE,"location of plant",high,431,True
"cheiro","Smell","guzarate","Guzarate",PLACE,"origin of plants",high,,False
"cheiro","Smell","Balagate","Balaghat",PLACE,"origin of plants",high,,False
"cheiro","Smell","asi","asi",SUBSTANCE,"called by Arabs",high,,False
"cheiro","Smell","galanga","galangal",PLANT,"known as",high,35,True
"cheiro","Smell","China","China",PLACE,"origin of plant",high,27,True
"cheiro","Smell","lavandou","lavandou",PLANT,"called in China",high,,False
"Canfora","Camphor","Pecrofcllmo ma-^ cedonico Seme di Finocc.","Pecrocliimo macedonico Seme di Finocchio",SUBSTANCE,"ingredient",low,,False
"Canfora","Camphor","Dauco eretico","Daucus ereticus",PLANT,"ingredient",low,,False
"Canfora","Camphor","Zafferano","Saffron",SUBSTANCE,"ingredient",high,611,True
"Canfora","Camphor","Nardo indica","Indian spikenard",PLANT,"ingredient",high,,False
"Canfora","Camphor","Pyrethro","Pyrethrum",PLANT,"ingredient",high,,False
"Canfora","Camphor","Zedoana","Zedoary",PLANT,"ingredient",high,103,True
"Canfora","Camphor","Trgcilcif-arpich","Tricoccale",SUBSTANCE,"ingredient",low,,False
"Canfora","Camphor","Mele rofatp colato","Meli rosati colati",SUBSTANCE,"ingredient",low,,False
"Canfora","Camphor","TRYFPR","TRIPE",SUBSTANCE,"ingredient",low,,False
"Canfora","Camphor","MAGNA","MAGNA",SUBSTANCE,"ingredient",low,,False
"Canfora","Camphor","Ntccolaom","Niccolao",PERSON,"associated with ingredient",low,,False
"Canfora","Camphor","Cinnamomo","Cinnamon",SUBSTANCE,"ingredient",high,28,True
"Canfora","Camphor","Gherofani","Cloves",SUBSTANCE,"ingredient",high,,False
"Canfora","Camphor","China","China",PLACE,"origin of substance",high,27,True
"Canfora","Camphor","Dryohalanops","Dryobalanops",PLANT,"source of substance",high,,False
"Canfora","Camphor","Boméo","Borneo",PLACE,"location of plant",high,774,True
"Canfora","Camphor","Sumatra","Sumatra",PLACE,"location of plant",high,,False
"acide carbonique","Carbon dioxide","hydrogène","hydrogen",SUBSTANCE,"mixed with carbon dioxide",high,,False
"acide carbonique","Carbon dioxide","azote","nitrogen",SUBSTANCE,"present in gas",high,,False
"Antigos","Ancient authorities","joyna","joyna",PLANT,"common name",high,,False
"Antigos","Ancient authorities","Elycrifon","Elychrisum",PLANT,"Latin name",high,,False
"Antigos","Ancient authorities","Diofcorides","Dioscorides",PERSON,"cited author",high,3,True
"Antigos","Ancient authorities","bagno Mane","bagno Mare",CONCEPT,"modern name",low,,False
"Antigos","Ancient authorities","diplomate","diplomat",CONCEPT,"alternative term for double vase",low,,False
"Antigos","Ancient authorities","unguenti","unguents",SUBSTANCE,"called by ancients",high,143,True
"Glossary","Glossary","Malaca","Malacca",PLACE,"location of tree",high,325,True
"Glossary","Glossary","arvore triste","arbol triste",PLANT,"Portuguese name",high,,False
"Glossary","Glossary","Glossary","Glossary",OBJECT,"cited source",high,477,False
"Glossary","Glossary","Arbol triste","arbol triste",PLANT,"cited term",high,,False
"Somno","Sleep","Ephi¬altes","Ephialtes",DISEASE,"disease called",high,,False
"Somno","Sleep","Incubus","Incubus",DISEASE,"disease called",high,,False
"Somno","Sleep","Night-Mare","Nightmare",DISEASE,"commonly cal it",high,,False
"Somno","Sleep","St. Anthonies Fire","Erysipelas",DISEASE,"diseas called",high,332,True
"Somno","Sleep","Treacle","Theriac",SUBSTANCE,"generally used in",high,347,True
"Somno","Sleep","Methridate","Mithridatium",SUBSTANCE,"generally used in",high,98,True
"Somno","Sleep","St. Antho¬nies","Erysipelas",DISEASE,"associated with",low,332,True
"costo","Costus","amargo","bitter",CONCEPT,"called (referring to a corrupted form of costo)",high,516,True
"costo","Costus","amargo","bitter",CONCEPT,"called (referring to a corrupted form of costo)",high,516,True
"costo","Costus","doce","sweet",CONCEPT,"called (referring to a good form of costo)",high,,False
"costo","Costus","costo falso","False Costus",PLANT,"called (referring to mint roots)",high,,False
"costo","Costus","costo falso","False Costus",PLANT,"called (referring to mint roots)",high,,False
"costo","Costus","costus","Costus",PLANT,"a species of",high,483,False
"incenfo macho","Frankincense","Moleira","Moleira",CONCEPT,"where old women call",low,,False
"incenfo macho","Frankincense","Alambre branco","White Alum",SUBSTANCE,"with",high,,False
"incenfo macho","Frankincense","Galbano","Galbanum",SUBSTANCE,"with",high,35,True
"incenfo macho","Frankincense","Oponaco","Opopanax",SUBSTANCE,"with",high,,False
"incenfo macho","Frankincense","visco quercino","Viscum Quercinum",PLANT,"of",high,,False
"incenfo macho","Frankincense","ambar","Ambergris",SUBSTANCE,"of",high,466;383,True
"incenfo macho","Frankincense","almiscar","Musk",SUBSTANCE,"of",high,400;411;955,True
"incenfo macho","Frankincense","semente de Pionia","Peony Seed",PLANT,"of",high,,False
"Mirra","Myrrh","mocebar","mocebar",SUBSTANCE,"a medicine called mocebar",high,,False
"Mirra","Myrrh","bola","bola",SUBSTANCE,"which they call bola",high,215,True
"redness","Hoarseness","St. Antho- nies Fire","St. Anthony's Fire",DISEASE,"and the like break forth",high,,False
"Electuary","Electuary","Sugar of Roses","Sugar of Roses",SUBSTANCE,"more usually called Sugar of Roses",high,,False
"Electuary","Electuary","Syrup of dryed Roses","Syrup of dried Roses",SUBSTANCE,"Syrup of dryed Roses",high,,False
"Electuary","Electuary","Honey of Roses","Honey of Roses",SUBSTANCE,"and Ho- ney of Roses",high,,False
"Timor","Timor","cercandá","cercanda",PLANT,"the Canarins and De- canins and Guzarates call it cercanda",high,,False
"Curcuma","Turmeric","kurkum","kurkum",PLANT,"kurkum; came to designate more specifically the curcuma",high,,False
"Curcuma","Turmeric","al-kurkum","al-kurkum",PLANT,"the inhabitants of Basra call this root al-kurkum",high,,False
"ameixas","Plums","achar","achar",SUBSTANCE,"with vinegar (which they call achar)",high,,False
"Cavallo","Horse","rabo de cavallo","rabo de cavalo",PLANT,"which they commonly call rabo de cavallo",high,,False
"Cavallo","Horse","mocebar","mocebar",SUBSTANCE,"a medicine called mocebar",high,,False
"Cavallo","Horse","bola","bola",SUBSTANCE,"which they call bola",high,215,True
"Cavallo","Horse","ameos","ameos",PLANT,"mixed with garlic and ameos",high,,False
"Cavallo","Horse","camellos","camel",ANIMAL,"mentioned alongside the known entity",high,,False
"Cavallo","Horse","rinocerotes","rhinoceros",ANIMAL,"mentioned alongside the known entity",high,903,True
"Cavallo","Horse","gandas","ganda",ANIMAL,"vernacular name for rhinoceros",high,,False
"animaes","Animals","Venesars","Venesars",PERSON,"term used for merchants",high,,False
"animaes","Animals","reimôes","reimôes",ANIMAL,"Malayan name for tigers",high,,False
"trigo","Wheat","Venesars","Venesars",PERSON,"term used for merchants",high,,False
"trigo","Wheat","calanja","calanja",CONCEPT,"name for a unit of weight related to wheat grains",high,,False
"trigo","Wheat","calanja","calanja",CONCEPT,"name for a unit of weight related to wheat grains",high,,False
"Crisocola","Chryocolla","bórax","borax",SUBSTANCE,"synonym for crisocola",high,261,True
"Crisocola","Chryocolla","crísocola","chryocolla",SUBSTANCE,"synonym for crisocola",high,502,False
"Crisocola","Chryocolla","fincar","fincar",SUBSTANCE,"Arabic name for borax/crisocola",high,,False
"excrementos","Excrement","Navimaterni","Navimaterni",CONCEPT,"term for childbirth",low,,False
"tormentilla","Tormentil","pimpinella","pimpinella",PLANT,"mentioned as an ingredient alongside tormentilla",high,,False
"tormentilla","Tormentil","poligano","polygonum",PLANT,"mentioned as an ingredient alongside tormentilla",high,,False
"tormentilla","Tormentil","equiceto","horsetail",PLANT,"synonym for polygonum",high,708,True
"tormentilla","Tormentil","rabo de cavallo","horsetail",PLANT,"vernacular name for equiceto",high,708,True
"tormentilla","Tormentil","Confolidantes","consoling agents",CONCEPT,"category of remedies that include verbena and tormentilla",high,,False
"tormentilla","Tormentil","verbafco","mullein",PLANT,"mentioned as an ingredient in 'Confolidantes'",high,,False
"tormentilla","Tormentil","tanchagem","plantain",PLANT,"mentioned as an ingredient in 'Confolidantes'",high,,False
"tormentilla","Tormentil","murta","myrtle",PLANT,"mentioned as an ingredient in 'Confolidantes'",high,421,True
"tormentilla","Tormentil","ervä chamada rabo de cavallo","horsetail",PLANT,"vernacular name for an unnamed herb",high,708,True
"tormentilla","Tormentil","rabo de cavallo","horsetail",PLANT,"vernacular name for the herb",high,708,True
"tormentilla","Tormentil","pimpinella","Pimpinella",PLANT,"ingredient in decoction",high,,False
"tormentilla","Tormentil","poligano","Polygonum",PLANT,"ingredient in decoction",high,,False
"tormentilla","Tormentil","equiceto","Equisetum",PLANT,"ingredient in decoction",high,,False
"tormentilla","Tormentil","rabo de cavallo","rabo de cavallo",PLANT,"vernacular name for equiceto",high,,False
"Coloquintida","Colocynth","Hdy","Hdy",SUBSTANCE,"ingredient",low,,False
"Coloquintida","Colocynth","Mefite","Mefite",SUBSTANCE,"ingredient",low,,False
"Coloquintida","Colocynth","UUtcboro","UUtcboro",SUBSTANCE,"ingredient",low,,False
"Coloquintida","Colocynth","nero","nero",SUBSTANCE,"ingredient",low,251,True
"Coloquintida","Colocynth","canalato","canalato",SUBSTANCE,"ingredient",low,,False
"Coloquintida","Colocynth","cauato","cauato",SUBSTANCE,"ingredient",low,,False
"Coloquintida","Colocynth","midollo","midollo",SUBSTANCE,"ingredient",low,,False
"Coloquintida","Colocynth","Polypodio","Polypody",PLANT,"ingredient",high,179,True
"Coloquintida","Colocynth","Epithymo","Epithymum",PLANT,"ingredient",high,162,True
"Coloquintida","Colocynth","Agarico","Agaric",FUNGUS,"ingredient",high,65,True
"Coloquintida","Colocynth","Lapislazzoli","Lapis lazuli",SUBSTANCE,"ingredient",high,,False
"Coloquintida","Colocynth","nate","nate",SUBSTANCE,"ingredient",low,,False
"Coloquintida","Colocynth","Sale","Salt",SUBSTANCE,"ingredient",high,,False
"Coloquintida","Colocynth","zucchero","Sugar",SUBSTANCE,"ingredient",high,322;319,True
"Coloquintida","Colocynth","Sugod'iBupatQ","Sugod'iBupatQ",SUBSTANCE,"ingredient",low,,False
"Coloquintida","Colocynth","rio","rio",SUBSTANCE,"ingredient",low,,False
"Coloquintida","Colocynth","Nardo","Spikenard",PLANT,"ingredient",high,640;186,True
"Coloquintida","Colocynth","acelgas bravas","Wild chard",PLANT,"ingredient in decoction",high,,False
"Coloquintida","Colocynth","poejos","Pulegium",PLANT,"ingredient in decoction",high,,False
"Coloquintida","Colocynth"," ouregãos","Oregano",PLANT,"ingredient in decoction",high,,False
"Coloquintida","Colocynth","segurelha","Savory",PLANT,"ingredient in decoction",high,,False
"Coloquintida","Colocynth","centaureamenor","Lesser centaury",PLANT,"ingredient in decoction",high,199,True
"Coloquintida","Colocynth","benedicta","Benedicta",SUBSTANCE,"ingredient",high,,False
"Coloquintida","Colocynth","herva criſtaleyra","Crystalwort",PLANT,"ingredient in decoction",high,,False
"infusao","Infusion","Eſtibio","Stibium",SUBSTANCE,"ingredient",high,,False
"infusao","Infusion","pòs de Quintilio","Quintilius's powder",SUBSTANCE,"vernacular name for Eſtibio",high,,False
"infusao","Infusion","Quintilio","Quintilius",PERSON,"associated with powder",high,,False
"infusao","Infusion","Stibium","Stibium",SUBSTANCE,"ingredient",high,,False
"infusao","Infusion","vigorada","vigorada",SUBSTANCE,"type of water",high,,False
"infusao","Infusion","Quin tilio","Quintilius",PERSON,"associated with infusion",high,,False
"infusao","Infusion","Ruyponto","Rhapontic",PLANT,"ingredient in infusion",high,,False
"infusao","Infusion","parreyra brava","Wild vine",PLANT,"ingredient in infusion",high,,False
"infusao","Infusion","raiz daBu tua","raiz daBu tua",PLANT,"vernacular name for parreyra brava",high,,False
"infusao","Infusion","herva cidreyra","Lemon balm",PLANT,"ingredient",high,,False
"Medicos Antigos","Ancient Physicians","Crol","Croll",PERSON,"cited author",high,,False
"Medicos Antigos","Ancient Physicians","joyna","Joyna",PLANT,"vernacular name for Elycrison",high,,False
"Medicos Antigos","Ancient Physicians","Elycrison","Elycrison",PLANT,"Latin name for joyna",high,,False
"Medicos Antigos","Ancient Physicians","Diofcorides","Dioscorides",PERSON,"cited author",high,3,True
"Jejum","Fasting","pruributua","Pruributua",PLANT,"ingredient",high,,False
"Jejum","Fasting","parreyra brava","Wild vine",PLANT,"ingredient",high,,False
"Jejum","Fasting","zaropederolas","zaropederolas",SUBSTANCE,"ingredient",low,,False
"Jejum","Fasting","bydropifi","Dropsy",DISEASE,"treated by remedy",high,20,True
"Jejum","Fasting","morſui vi","morſui vi",DISEASE,"treated by remedy",low,,False
"vinho","Grapevine","agoa ardente","Aqua ardente",SUBSTANCE,"comparison for distilled liquid",high,1239,True
"vinho","Grapevine","Jiila","Jiila",SUBSTANCE,"name for distilled liquid",high,,False
"vinho","Grapevine","frol","Flower",CONCEPT,"meaning of Jiila",high,55,True
"vinho","Grapevine","mordexi seco","mordexi seco",DISEASE,"synonym for the ailment",high,,False
"vinho","Grapevine","olio nardino","nard oil",SUBSTANCE,"used in fomentation",high,125,True
"vinho","Grapevine","almecega","mastic",SUBSTANCE,"used in fomentation",high,358,True
"vinho","Grapevine","canje","congee",SUBSTANCE,"water from cooking rice; used as a remedy",high,756,True
"amargos","Bitterness","doce","sweet",CONCEPT,"a primary flavor alongside sour and bitter",high,,False
"amargos","Bitterness","azedo","sour",CONCEPT,"a primary flavor alongside sweet and bitter",high,172,True
"amargos","Bitterness","páo doce","sweet bread",SUBSTANCE,"thing that tastes good",high,,False
"amargos","Bitterness","doce","sweet",CONCEPT,"term for good quality costo",high,,False
"amargos","Bitterness","doce","sweet",CONCEPT,"one of the three flavors",high,,False
"amargos","Bitterness","azedo","sour",CONCEPT,"one of the three flavors",high,172,True
"amargos","Bitterness","amargozo","bitter",CONCEPT,"term for a flavor that is not pleasing",high,,False
"amargos","Bitterness","Sândalo branco","white sandalwood",PLANT,"type of sandalwood",high,,False
"amargos","Bitterness","vermelho","red",CONCEPT,"modifier for sandalwood",high,,False
"amargos","Bitterness","amarelo","yellow",CONCEPT,"modifier for sandalwood",high,,False
"amargos","Bitterness","sândalo vermelho","red sandalwood",PLANT,"type of sandalwood",high,,False
"Caqueta","Zacatecas","Cacas","Cacachila mines",PLACE,"mines known for richness",high,,False
"Caqueta","Zacatecas","Plata","silver",SUBSTANCE,"a mineral found in the mines",high,473,True
"Caqueta","Zacatecas","Oro","gold",SUBSTANCE,"a mineral found in the mines",high,293,True
"Cotopaxi","Cotopaxi","Vésuve","Vesuvius",PLACE,"example of a volcano",high,736,True
"Cotopaxi","Cotopaxi","Etna","Etna",PLACE,"example of a volcano",high,,False
"Cotopaxi","Cotopaxi","Tonguragua","Tongurahua",PLACE,"example of a volcano",high,,False
"Thibet","Tibet","Chine","China",PLACE,"a region",high,27,True
"Thibet","Tibet","Liao-toung","Liaodong",PLACE,"a region",high,,False
"Thibet","Tibet","Corée","Korea",PLACE,"a region",high,,False
"Oviedo","Gonzalo Fernández de Oviedo y Valdés","coco","coconut",PLANT,"fruit that resembles a monkey's face",high,904,True
"Oviedo","Gonzalo Fernández de Oviedo y Valdés","bugio","baboon",ANIMAL,"resembles the fruit coco",high,,False
"Oviedo","Gonzalo Fernández de Oviedo y Valdés","gatto maimone","monkey",ANIMAL,"Italian translation for bugio",high,,False
"Oviedo","Gonzalo Fernández de Oviedo y Valdés","Aphrodisiacus, sive de lue venérea","Aphrodisiacus, or on venereal disease",CONCEPT,"a work on venereal disease",high,,False
"Oviedo","Gonzalo Fernández de Oviedo y Valdés","lue venérea","venereal disease",DISEASE,"topic of a medical work",high,,False
"Oviedo","Gonzalo Fernández de Oviedo y Valdés","Syphilis au xye siède","Syphilis in the 15th century",DISEASE,"topic of a medical work",high,,False
"Oviedo","Gonzalo Fernández de Oviedo y Valdés","Ramu- sio","Ramusio",PERSON,"cited by",high,,False
"Oviedo","Gonzalo Fernández de Oviedo y Valdés","Aloysio Luisino","Aloysio Luisino",PERSON,"cited by",high,,False
"Oviedo","Gonzalo Fernández de Oviedo y Valdés","Monardes","Monardes",PERSON,"cited by",high,,False
"Oviedo","Gonzalo Fernández de Oviedo y Valdés","Exoticorum","Exoticorum",CONCEPT,"title of work",high,,False
"Oviedo","Gonzalo Fernández de Oviedo y Valdés","Aphrodisiacus","Aphrodisiacus",CONCEPT,"title of work",high,,False
"Oviedo","Gonzalo Fernández de Oviedo y Valdés","lue venérea","lues venerea",DISEASE,"topic of work",high,,False
"Oviedo","Gonzalo Fernández de Oviedo y Valdés","rai^ da China","raiz da China",PLANT,"mentioned in context of",high,,False
"Oviedo","Gonzalo Fernández de Oviedo y Valdés","Smilaceof","Smilax",PLANT,"family of",high,,False
"Oviedo","Gonzalo Fernández de Oviedo y Valdés","Oviedo","Oviedo",PERSON,"cited by",high,523,False
"Oviedo","Gonzalo Fernández de Oviedo y Valdés","índias ocidentaes","Indies Occidentales",PLACE,"associated with",high,45,True
"pala","Palm","quelli","quelli",PLANT,"synonym for figs in Canarim; Decanim; and Gujarati",high,,False
"pala","Palm","palam","palam",PLANT,"synonym for figs in Malabar",high,524,False
"pala","Palm","j^/fam","jfam",PLANT,"synonym for figs in Malay",high,,False
"pala","Palm","bunapala","bunapala",PLANT,"name for a type of maça in Banda",high,,False
"pala","Palm","Rumphins","Rumphins",PERSON,"cited by",high,,False
"pala","Palm","bonga-pala","bonga-pala",PLANT,"name for a type of maça",high,,False
"pala","Palm","Ainslie","Ainslie",PERSON,"cited by",high,,False
"pala","Palm","bunga-pala","bunga-pala",PLANT,"name for a type of maça",high,,False
"pala","Palm","CrawÃird","Crawfird",PERSON,"cited by",high,,False
"pala","Palm","galago","galago",PLANT,"name for the plant in Banda",high,35,True
"pala","Palm","pa^ar","pa^ar",SUBSTANCE,"name for a stone",high,,False
"pala","Palm","pa^am","pa^am",ANIMAL,"name for a goat; from which 'pa^ar' is derived",high,,False
"pala","Palm","locomio","locomio",SUBSTANCE,"synonym for 'pa^am' (remedy against poison)",medium,,False
"pala","Palm","triaga","theriac",SUBSTANCE,"synonym for 'pa^am' (remedy against poison)",medium,347,True
"pala","Palm","pa^ar","pa^ar",SUBSTANCE,"name for a stone",high,,False
"pala","Palm","pa^am","pa^am",ANIMAL,"name for a goat; from which 'pa^ar' is derived",high,,False
"pala","Palm","locomio","locomio",SUBSTANCE,"synonym for 'pa^am' (remedy against poison)",medium,,False
"pala","Palm","triaga","theriac",SUBSTANCE,"synonym for 'pa^am' (remedy against poison)",medium,347,True
"pala","Palm","G)raçones","Gracians",PERSON,"speakers of 'pa^ar'",high,,False
"pala","Palm","Pér- sios","Persians",PERSON,"speakers of 'pa^ar'",high,,False
"pala","Palm","Arábios","Arabs",PERSON,"speakers of 'pa^ar'",high,123,True
"pala","Palm","pa:(am","pa^am",ANIMAL,"name for a goat; from which 'pa^ar' is derived",high,,False
"pala","Palm","locomio","locomio",SUBSTANCE,"synonym for 'pa^am' (remedy against poison)",medium,,False
"pala","Palm","triaga","theriac",SUBSTANCE,"synonym for 'pa^am' (remedy against poison)",medium,347,True
"pala","Palm","pa:{ar","pa^ar",SUBSTANCE,"name for a stone",high,,False
"pala","Palm","G)raçones","Gracians",PERSON,"speakers of 'pa^ar'",high,,False
"pala","Palm","Pér- sios","Persians",PERSON,"speakers of 'pa^ar'",high,,False
"pala","Palm","Arábios","Arabs",PERSON,"speakers of 'pa^ar'",high,123,True
"pala","Palm","beiar","bezoar",SUBSTANCE,"corrupted European name for the stone",high,215,True
"Afaro","Thapsia garganica","Mandorle amare","amare mandorle",SUBSTANCE,"ingredient",high,,False
"Afaro","Thapsia garganica","Kardo indici","Kardo indici",PLANT,"ingredient",high,,False
"Afaro","Thapsia garganica","Scine d'Appio","Scindapsus",PLANT,"ingredient",high,,False
"Afaro","Thapsia garganica","prezzemo- lo","prezzemolo",PLANT,"ingredient",high,,False
"Afaro","Thapsia garganica","Trocifci","Trozzi",SUBSTANCE,"unit of measure",high,,False
"Afaro","Thapsia garganica","eu parorio","eupatorio",PLANT,"used in water",high,625,True
"Loureyro","Laurel","Pentem","penthem",SUBSTANCE,"used for",high,,False
"Loureyro","Laurel","debagasde loureyro","de bagas de loureyro",PLANT,"mixed in wine",high,,False
"Loureyro","Laurel","Qurinas","quorinas",CONCEPT,"provoked by",high,,False
"Loureyro","Laurel","trintabichosde conta","trinta bichos de conta",ANIMAL,"synonym for",high,,False
"Loureyro","Laurel","Afelli","Aselli",ANIMAL,"synonym for",high,,False
"Loureyro","Laurel","Millepedes","Millepedes",ANIMAL,"synonym for",high,,False
"Loureyro","Laurel","emblicos","emblic",PLANT,"synonym of unknown entity",high,580,True
"Loureyro","Laurel","belericos","beleric",PLANT,"synonym of unknown entity",high,802,True
"Loureyro","Laurel","guti","guti",PLANT,"synonym of belericos",high,,False
"Loureyro","Laurel","quebulos","khebulos",PLANT,"synonym of unknown entity",high,,False
"Loureyro","Laurel","aretca","areca",PLANT,"synonym of quebulos",high,,False
"cabras","Goat","Bezaarticas","bezoar",SUBSTANCE,"type of stone found in animals; associated with the known entity",high,215,True
"cabras","Goat","piedra","stone",SUBSTANCE,"general term for bezoar; found in animals",high,5,True
"cabras","Goat","capra","goat",ANIMAL,"source of a component in the medicine",high,533,False
"cabras","Goat","pedra pa^ar","bezoar stone",SUBSTANCE,"counterfeit of the described stone; associated with the known entity",high,887,True
"cabras","Goat","pa^am","bezoar",SUBSTANCE,"origin of the name 'pa^ar'; related to a goat",high,215,True
"cabras","Goat","locomio","locomium",SUBSTANCE,"synonym for pa^ar/locomium in some contexts",low,,False
"cabras","Goat","triaga","theriac",SUBSTANCE,"synonym for pa^ar/locomium in some contexts",low,347,True
"Cocomero","Watermelon","ELATERIO","elaterium",SUBSTANCE,"juice from the wild watermelon",high,,False
"Cocomero","Watermelon","cocomero faluatico","wild watermelon",PLANT,"source of elaterium; known entity",high,,False
"Cocomero","Watermelon","afinino","asinine",PLANT,"synonym of cocomero faluatico",high,,False
"Cocomero","Watermelon","ELATERIO","elaterium",SUBSTANCE,"juice from the wild watermelon",high,,False
"Cocomero","Watermelon","cocomero faluatico","wild watermelon",PLANT,"source of elaterium; known entity",high,,False
"Cocomero","Watermelon","afinino","asinine",PLANT,"synonym of cocomero faluatico",high,,False
"Cocomero","Watermelon","ebbio","elder",PLANT,"plant from which a substance is extracted",high,632,True
"Cocomero","Watermelon","ghiaggiuolo","gladiolus",PLANT,"plant from which a substance is extracted",high,,False
"Cocomero","Watermelon","cocomero alinmo","asinine watermelon",PLANT,"plant from which a substance is extracted; synonym of the known entity",high,538,False
"Cocomero","Watermelon","tappia","tutsan",PLANT,"plant from which a substance is extracted",high,,False
"Cocomero","Watermelon","peucedano","peucedanum",PLANT,"plant from which a substance is extracted",high,,False
"Mefue","Mesue the Younger","Efula maggiore","greater euphorbia",PLANT,"plant identified by Dioscorides and Mesue",high,,False
"Mefue","Mesue the Younger","Phythus","euphorbia",PLANT,"classical name for greater euphorbia",high,804,True
"Mefue","Mesue the Younger","Scebram maggiore","greater scebram",PLANT,"synonym for greater euphorbia according to Mesue",high,,False
"Mefue","Mesue the Younger","Efula minore","lesser euphorbia",PLANT,"plant identified by Mesue",high,,False
"Mefue","Mesue the Younger","tithymalo cypanissia","cypress spurge",PLANT,"synonym for lesser euphorbia",high,,False
"Mefue","Mesue the Younger","Sceb :à minore","lesser scebram",PLANT,"synonym for lesser euphorbia",high,,False
"Mefue","Mesue the Younger","Efula roióda","round euphorbia",PLANT,"plant identified by Mesue",high,,False
"Mefue","Mesue the Younger","Pepio","peplos",PLANT,"synonym for round euphorbia",high,,False
"Mefue","Mesue the Younger","Radici d'Appio","celery roots",PLANT,"ingredient in a decoction",high,,False
"Mefue","Mesue the Younger","prezzemolo di Finocchio","fennel parsley",PLANT,"ingredient in a decoction",medium,,False
"Mefue","Mesue the Younger","Miraholant","mirabolan",SUBSTANCE,"ingredient in a decoction",high,,False
"Mefue","Mesue the Younger","Aganco","aconite",PLANT,"ingredient in a decoction",high,828,True
"Mefue","Mesue the Younger","Gengiouo","ginger",PLANT,"ingredient in a decoction",high,362,True
"Mefue","Mesue the Younger","Zucchero bianco","white sugar",SUBSTANCE,"ingredient in a syrup",high,322,True
"Mefue","Mesue the Younger","Appio","celery",PLANT,"ingredient in a syrup",high,,False
"Mefue","Mesue the Younger","prezzemolo","parsley",PLANT,"ingredient in a syrup",high,666,True
"Mefue","Mesue the Younger","Luppoli","hops",PLANT,"ingredient in a syrup",high,,False
"Mefue","Mesue the Younger","Borrana","borage",PLANT,"ingredient in a syrup",high,398,True
"Mefue","Mesue the Younger","OLIO DI SRMI DI Tap/iueriai","oil of poppy seeds",SUBSTANCE,"mentioned in proximity to Mefue",medium,,False
"Mefue","Mesue the Younger","Emidi","Emidi",SUBSTANCE,"related to oil of papaueris",low,,False
"Mefue","Mesue the Younger","Papaueri","Papaver",PLANT,"used to make oil",high,,False
"Mefue","Mesue the Younger","hnfcmc","almonds",SUBSTANCE,"used to make oil",high,,False
"Mefue","Mesue the Younger","Gatbano","Galbanum",SUBSTANCE,"gum mentioned alongside Ammoniaco",high,,False
"Mefue","Mesue the Younger","DIAQVILON","Diakon",SUBSTANCE,"likely a misspelling or variant of a substance name",low,,False
"Mefue","Mesue the Younger","Ammoniaco","Ammoniacum",SUBSTANCE,"gum mentioned in a recipe",high,,False
"Mefue","Mesue the Younger","Serapino","Serapinum",SUBSTANCE,"gum mentioned as a component",high,,False
"Mefue","Mesue the Younger","Althea","Althaea",PLANT,"used in an emplastrum",high,,False
"Burstings","Eruptions","Tenasmus","Tenesmus",DISEASE,"a disease called",high,844,True
"Burstings","Eruptions","Worms","Helminths",DISEASE,"a condition children are helped with",high,144,True
"cássia","Cassia","Canela","Cinnamon",PLANT,"compared to cássia grossa",high,28,True
"cássia","Cassia","cássia lignea","Cassia lignea",PLANT,"synonym for canela grossa",high,,False
"cássia","Cassia","salihacha","Salihacha",PLANT,"Arab name for cássia lignea",high,,False
"cássia","Cassia","canela","Cinnamon",PLANT,"mentioned as a comparison for cássia lignea's name",high,28,True
"cássia","Cassia","canela","Cinnamon",PLANT,"used in comparison with cássia lignea",high,28,True
"cássia","Cassia","cássia lignea","Cassia lignea",PLANT,"contrasted with canela",high,,False
"cássia","Cassia","Cimtamomo","Cinnamomum",PLANT,"subject of a disputatio",high,28,True
"cássia","Cassia","Salihacha","Salihacha",PLANT,"Arabic name for cássia lignea",high,,False
"cássia","Cassia","salikhah","Salikhah",PLANT,"correct transcription of Salihacha",high,,False
"cássia","Cassia","Darchiní","Darchini",PLANT,"mentioned in proximity to Salihacha",medium,,False
"Guts","Intestines","Bloody Flux","Dysentery",DISEASE,"a raging disease",high,48;622,True
"Guts","Intestines","Plague","Plague",DISEASE,"also called the Plague in the Guts",high,68,True
"Guts","Intestines","Bowels","Intestines",SUBSTANCE,"excoriation mentioned",high,549,False
"Guts","Intestines","Olofago","Olofagus",CONCEPT,"Greek name for difficulty of swallowing",high,,False
"Guts","Intestines","Gula","Gula",CONCEPT,"Latin name for difficulty of swallowing",high,,False
"Guts","Intestines","Guèla","Guela",CONCEPT,"Portuguese name for difficulty of swallowing",high,549,False
"Guts","Intestines","Olofago","Olofagus",CONCEPT,"Greek name for difficulty of swallowing",high,,False
"Guts","Intestines","Gula","Gula",CONCEPT,"Latin name for difficulty of swallowing",high,,False
"Guts","Intestines","Guèla","Guela",CONCEPT,"Portuguese name for difficulty of swallowing",high,549,False
"Paracelsus","Paracelsus","Flixweed","Flixweed",PLANT,"named for its function of curing the Flux",high,,False
"Paracelsus","Paracelsus","Flower-de-luce","Flower-de-luce",PLANT,"mentioned as a well-known plant",high,,False
"onça","Ounce","raiz de peracitis","peracitis root",PLANT,"an ingredient; identified by a vernacular name and a Latinate term",high,,False
"onça","Ounce","sombreyra","sombreyra",PLANT,"a vernacular name for raiz de peracitis",high,,False
"onça","Ounce","dealambre preparado","prepared ambergris",SUBSTANCE,"an ingredient",high,,False
"onça","Ounce","contra-hierva","contra-hierva",PLANT,"an ingredient",high,,False
"onça","Ounce","criſtal preparado","prepared crystal",SUBSTANCE,"an ingredient",high,,False
"onça","Ounce","almiſcar","musk",SUBSTANCE,"an ingredient",high,400;411;955,True
"onça","Ounce","herva molarinha","herva molarinha",PLANT,"an ingredient in a decoction",high,,False
"onça","Ounce","herva cidreyra","lemon balm",PLANT,"an ingredient in a decoction",high,,False
"onça","Ounce","confeyção Hamech","Hamech confection",SUBSTANCE,"an ingredient added to a decoction",high,,False
"onça","Ounce","catholicao","catholicon",SUBSTANCE,"an ingredient added to a decoction",high,,False
"onça","Ounce","Irritantes","Irritants",CONCEPT,"a category of remedies for stupor or apoplexy/paralysis",high,,False
"Scoria de metalli","Metal Dross","Sugo di mandragora","mandrake juice",SUBSTANCE,"an ingredient",high,,False
"Scoria de metalli","Metal Dross","Trementina","turpentine",SUBSTANCE,"an ingredient",high,259,True
"Scoria de metalli","Metal Dross","Aceto","vinegar",SUBSTANCE,"an ingredient",high,49,True
"Scoria de metalli","Metal Dross","Pece greca","Greek pitch",SUBSTANCE,"an ingredient",high,,False
"Scoria de metalli","Metal Dross","Scaglie di rame","copper scales",SUBSTANCE,"an ingredient",high,555,False
"Scoria de metalli","Metal Dross","Verderame","verdigris",SUBSTANCE,"an ingredient",high,637,True
"Scoria de metalli","Metal Dross","Arjftolocfottilc","Aristolochia longa",PLANT,"an ingredient",high,,False
"Scoria de metalli","Metal Dross","Jlamcarfo","flame-colored arsenic",SUBSTANCE,"an ingredient",high,,False
"Scoria de metalli","Metal Dross","Sale ammoniaca","ammonium salt",SUBSTANCE,"an ingredient",high,,False
"Scoria de metalli","Metal Dross","Ammom^co","ammoniac",SUBSTANCE,"an ingredient",high,,False
"Scoria de metalli","Metal Dross","Allume rotondo","round alum",SUBSTANCE,"an ingredient",high,,False
"Scoria de metalli","Metal Dross","Myrrha","myrrh",SUBSTANCE,"an ingredient",high,489;671,True
"Scoria de metalli","Metal Dross","Galbano","galbanum",SUBSTANCE,"an ingredient",high,35,True
"Scoria de metalli","Metal Dross","Manna d'Incenfa","frankincense manna",SUBSTANCE,"an ingredient",high,,False
"amomo","Amomum","elefancia","elephas",DISEASE,"a disease named by its Greek origin",high,1194,True
"amomo","Amomum","daul alfil","elephas",DISEASE,"an Arabic term for elephantiasis",high,,False
"amomo","Amomum","pé de alifante","elephant's foot",PLANT,"a vernacular name for hydroforbia",high,,False
"amomo","Amomum","hydroforbia","hydroforbia",PLANT,"a plant; identified by a Greek term and a vernacular name",high,20,True
"amomo","Amomum","alquelbe","al-khilba",DISEASE,"meaning disease of the camel",high,,False
"amomo","Amomum","pi de pomba","pigeon's foot",PLANT,"a vernacular name for amomum",high,,False
"çumo","Juice","vinho verde","green wine",SUBSTANCE,"a type of wine; also called 'de enforcado'",high,,False
"çumo","Juice","de enforcado","of the hanged man",SUBSTANCE,"a vernacular name for 'vinho verde'",high,,False
"çumo","Juice","Millepedes","Millepedes",ANIMAL,"animals whose juice is used",high,,False
"çumo","Juice","lagrima","tear",SUBSTANCE,"referring to a substance that smells like benzoin",high,,False
"çumo","Juice","benjuy","benzoin",SUBSTANCE,"the substance identified as opus cirinaicum",high,,False
"çumo","Juice","opus cirinaico","Syrian work",SUBSTANCE,"a synonym for çumo cirinaico",high,,False
"çumo","Juice","Judéa","Judea",PLACE,"the place of origin for opus cirinaico",high,,False
"çumo","Juice","França","France",PLACE,"a place where opus cirinaico was brought",high,9,True
"çumo","Juice","benjudeo","Jewish benzoin",SUBSTANCE,"the proposed correct name for benjuy",high,,False
"çumo","Juice"," Ji4Zi","Ji4Zi",CONCEPT,"a term related to civil and ecclesiastical affairs",low,,False
"çumo","Juice","Sugo di Pomi dolci","sweet apple juice",SUBSTANCE,"an ingredient",high,,False
"çumo","Juice","odoriferi","odoriferous",CONCEPT,"describing the sweet apples",high,,False
"çumo","Juice","Vino vecchio","old wine",SUBSTANCE,"an ingredient",high,,False
"çumo","Juice","Sugo di Borrana","borage juice",SUBSTANCE,"an ingredient",high,,False
"çumo","Juice","Seme di Bajfsilico","basil seed",PLANT,"an ingredient",high,353,True
"çumo","Juice","Zafferano","saffron",SUBSTANCE,"an ingredient",high,611,True
"çumo","Juice","Zedoaria","zedoary",PLANT,"an ingredient",high,103,True
"çumo","Juice","Legno aloe","aloes wood",PLANT,"an ingredient",high,525,True
"çumo","Juice","Gherofani","cloves",PLANT,"an ingredient",high,,False
"çumo","Juice","Cortecdi Ceder","cedar bark",PLANT,"an ingredient",high,,False
"çumo","Juice","Galanga","galangal",PLANT,"an ingredient",high,35,True
"çumo","Juice","Mace","mace",SUBSTANCE,"an ingredient",high,91,True
"çumo","Juice","Menta fecca","dried mint",PLANT,"an ingredient",high,,False
"çumo","Juice","Cardamomo","cardamom",PLANT,"an ingredient",high,382,True
"çumo","Juice","Nardo indica","Indian nard",PLANT,"an ingredient",high,,False
"çumo","Juice","Seme d'Appio","celery seed",PLANT,"an ingredient",high,353,True
"çumo","Juice","Scordeo","Scordium",PLANT,"an ingredient",high,,False
"çumo","Juice","Cerracca","Cerracca",SUBSTANCE,"an ingredient",high,1012,True
"çumo","Juice","Sugo di logorizia","licorice juice",SUBSTANCE,"an ingredient",high,,False
"çumo","Juice","Mele ftiumato","stewed honey",SUBSTANCE,"an ingredient",high,,False
"çumo","Juice","prezzemolo","parsley",PLANT,"an ingredient",high,666,True
"çumo","Juice","di Finocchio","fennel",PLANT,"an ingredient",high,454,True
"çumo","Juice","Anici","anise",PLANT,"an ingredient",high,1249;410,True
"çumo","Juice","Carvji","caraway",PLANT,"an ingredient",high,,False
"çumo","Juice","opoponaco","opoponax",SUBSTANCE,"ingredient",high,,False
"çumo","Juice","icagUe di rajne","oil of rain",SUBSTANCE,"ingredient",low,,False
"çumo","Juice","Galba^o","galbanum",SUBSTANCE,"ingredient",high,,False
"çumo","Juice","Aloè","aloe",SUBSTANCE,"ingredient",high,384,True
"çumo","Juice","olio cncviiii^","oil",SUBSTANCE,"ingredient",medium,125,True
"çumo","Juice","oppio","opium",SUBSTANCE,"ingredient",high,83;196,True
"çumo","Juice","Myrrha","myrrh",SUBSTANCE,"ingredient",high,489;671,True
"çumo","Juice","Sugo di mandragora","mandragora juice",SUBSTANCE,"ingredient",high,,False
"çumo","Juice","Trementina","turpentine",SUBSTANCE,"ingredient",high,259,True
"çumo","Juice","Aceto","vinegar",SUBSTANCE,"ingredient",high,49,True
"çumo","Juice","Cópani","copaiba",SUBSTANCE,"ingredient",high,,False
"çumo","Juice","Pece greca","Greek pitch",SUBSTANCE,"ingredient",high,,False
"çumo","Juice","Scaglie","scales",SUBSTANCE,"ingredient",low,195,True
"Pills","Pill","Troches","troches",SUBSTANCE,"alternative form of pills",high,,False
"Pills","Pill","Pilule","pilules",SUBSTANCE,"synonym for pills",high,,False
"Pills","Pill","Catapotia","catapotia",SUBSTANCE,"Greek name for pills",high,565,False
"Pills","Pill","trochifci","troches",SUBSTANCE,"Greek name for lozenges/pills",high,,False
"Pills","Pill","pafttlli","pastilles",SUBSTANCE,"Latin name for lozenges/pills",high,,False
"Pills","Pill","pillole oppiate","opiated pills",SUBSTANCE,"type of pill",high,,False
"Pills","Pill","pafttlli","pastilles",SUBSTANCE,"alternative name for pills",high,,False
"Pills","Pill","pillole oppiate","opiated pills",SUBSTANCE,"type of pill",high,,False
"Pills","Pill","Pepe nero","black pepper",PLANT,"ingredient in pills",high,,False
"Pills","Pill","Pepe lungo","long pepper",PLANT,"ingredient in pills",high,462,True
"Pills","Pill","Cafia","cassia",PLANT,"ingredient in pills",high,548,True
"Pills","Pill","Mirabolani citrini","yellow myrobalans",PLANT,"ingredient in pills",high,,False
"Pills","Pill","BeUirici","belleric myrobalans",PLANT,"ingredient in pills",high,,False
"Pills","Pill","Embiici","emblic myrobalans",PLANT,"ingredient in pills",high,,False
"Pills","Pill","Scamonea","scammony",SUBSTANCE,"ingredient in pills",high,229,True
"Pills","Pill","Turbithi","turbith",SUBSTANCE,"ingredient in pills",high,276;70,True
"Pills","Pill","Aloe","aloe",SUBSTANCE,"ingredient in pills",high,384,True
"Pills","Pill","acqua di cauolo","cabbage water",SUBSTANCE,"solvent for pills",high,,False
"Pills","Pill","PILLOLE DI LAPIS","lapis pills",SUBSTANCE,"type of pill",high,,False
"Pills","Pill","Lapis","lapis",SUBSTANCE,"ingredient in lapis pills",high,,False
"Pills","Pill","Uzzoli","uzuzuli",SUBSTANCE,"ingredient in lapis pills",low,,False
"Pills","Pill","Epithymo","epithyme",PLANT,"ingredient in lapis pills",high,162,True
"Pills","Pill","Polypodio","polypody",PLANT,"ingredient in lapis pills",high,179,True
"Pills","Pill","Gherofani","gherofani",SUBSTANCE,"ingredient in lapis pills",low,,False
"Pills","Pill","Anici","anise",PLANT,"ingredient in lapis pills",high,1249;410,True
"Pills","Pill","Spezie","spices",SUBSTANCE,"ingredient in lapis pills",high,601,True
"Pills","Pill","Pilule","pilules",SUBSTANCE,"synonym for pills",high,,False
"Pills","Pill","Catapotia","catapotia",SUBSTANCE,"Greek name for pills",high,565,False
"Animali","Animals","petrofeli ni","petroselinum",PLANT,"mentioned in ancient recipes",high,,False
"Animali","Animals","Portafcne d» Candid","portacenide candid",SUBSTANCE,"mentioned ingredient",low,,False
"Animali","Animals","POLMONI DE GLI Animali","animal lungs",ANIMAL,"ingredient",high,,False
"Animali","Animals","IpoLMONi deglianimali","animal lungs",ANIMAL,"ingredient",high,,False
"Animali","Animals","RAGIA","resin",SUBSTANCE,"mentioned substance",high,,False
"Animali","Animals","Portafcne d» Candid","portacenide candid",SUBSTANCE,"mentioned ingredient",low,,False
"Animali","Animals","POLMONI DE GLI Animali","animal lungs",ANIMAL,"ingredient",high,,False
"Animali","Animals","IpoLMONi deglianimali","animal lungs",ANIMAL,"ingredient",high,,False
"Animali","Animals","RAGIA","resin",SUBSTANCE,"mentioned substance",high,,False
"Animali","Animals","Pi*","pine",PLANT,"source of resin",high,,False
"Animali","Animals","picea","spruce",PLANT,"source of resin",high,,False
"Animali","Animals","abete","fir",PLANT,"source of resin",high,890,True
"Animali","Animals","loups","wolves",ANIMAL,"comparison animal",high,877,True
"Animali","Animals","cayw^A?^","caymans",ANIMAL,"specific type of animal",high,,False
"Animali","Animals","savanne","savanna",PLACE,"location of phenomenon",high,,False
"Been bianco","White beans","ambra","amber",SUBSTANCE,"mentioned in context of physical properties",low,383,True
"Been bianco","White beans","meropio","meropion",PLANT,"alternative name for plant from which ammoniac is derived",high,,False
"Been bianco","White beans","lagrima","galbanum",SUBSTANCE,"descriptive term for ammoniac",medium,,False
"Been bianco","White beans","ammoniaco","ammoniac",SUBSTANCE,"type of substance being described",high,,False
"Been bianco","White beans","incenso","frankincense",SUBSTANCE,"compared to ammoniac in terms of grain size and smell",medium,486,True
"Been bianco","White beans","albabano","galbanum",SUBSTANCE,"smell compared to ammoniac",high,,False
"Been bianco","White beans","dittamo di Candia","Dittamo di Candia",PLANT,"mentioned as superior to other dittamo varieties",high,,False
"Been bianco","White beans","dittamo bianco","white dittamo",PLANT,"mentioned as a substitute for dittamo di Candia",high,,False
"Been bianco","White beans","Dittamofhlfo","false dittamo",PLANT,"mentioned as not effective as true dittamo",high,,False
"Been bianco","White beans","Pftfbdodittamo","false dittamo",PLANT,"mentioned as not effective as true dittamo",high,,False
"Been bianco","White beans","cadmia naturale","natural cadmia",SUBSTANCE,"described as found in copper mines",high,,False
"Been bianco","White beans","giallamina","giallamina",SUBSTANCE,"alchemical term for natural cadmia",high,,False
"Been bianco","White beans","pompholige","pompholix",SUBSTANCE,"product made from calamine",high,899,True
"Been bianco","White beans","Ipodio","spodium",SUBSTANCE,"product made from calamine",high,588,True
"Been bianco","White beans","tuzia","tuyere",SUBSTANCE,"alternative name for calamine",high,,False
"Been bianco","White beans","Balfònìo legno","Balsam wood",SUBSTANCE,"identified with Cippen",low,,False
"Been bianco","White beans","Cipperj","Cippen",SUBSTANCE,"identified with Balfoni o legno",low,,False
"Been bianco","White beans","ilztlobaUamo","nux moschata",SUBSTANCE,"identified with Ballamo semi",high,,False
"Been bianco","White beans","Ballamo ièmr","nux moschata",SUBSTANCE,"identified with Noci moscade or Gherosani",high,,False
"Been bianco","White beans","Noci mofcade","nutmeg",SUBSTANCE,"synonym for Ballamo semi",high,334,True
"Been bianco","White beans","Gherofani","gherofani",SUBSTANCE,"synonym for Ballamo semi",high,,False
"Been bianco","White beans","corpobaifiino","corpobaissino",SUBSTANCE,"mentioned in list of substances",low,,False
"Been bianco","White beans","Bccn Radia di paftinaca faluarica","wild parsnip root",PLANT,"mentioned as a type of root",high,,False
"Been bianco","White beans","pififi<","peas",PLANT,"common name for some beans",high,,False
"Been bianco","White beans","Berberi","barberry",PLANT,"mentioned in list of plants",high,100,True
"Been bianco","White beans","Crcfpino","barberry",PLANT,"common name for barberry",high,,False
"Been bianco","White beans","Zucchero bianco","white sugar",SUBSTANCE,"ingredient in syrup",high,322,True
"Been bianco","White beans","Mele","honey",SUBSTANCE,"ingredient in syrup",high,140;957,True
"Been bianco","White beans","DIAGAL ANCA DI Mefue","DIAGAL ANCA DI Mefue",CONCEPT,"related to medicinal preparations",low,,False
"Been bianco","White beans","Gherotani","Gherotani",PLANT,"listed alongside other plants",low,,False
"Been bianco","White beans","Mace","Mace",SUBSTANCE,"listed alongside other spices",high,91,True
"Been bianco","White beans","Leuiftico","Levisticum officinale",PLANT,"listed alongside other plants",high,988,True
"Been bianco","White beans","Gengiouo","Ginger",PLANT,"listed alongside other plants",high,362,True
"Been bianco","White beans","Pepe lungo bianco","Long pepper, white",SUBSTANCE,"listed alongside other spices",high,,False
"Been bianco","White beans","Cinnamomo","Cinnamon",PLANT,"listed alongside other spices",high,28,True
"Been bianco","White beans","Calamo aromati","Aromatic calamus",PLANT,"listed alongside other plants",high,158,True
"Been bianco","White beans","Calamento secco","Dried calamint",PLANT,"listed alongside other plants",high,,False
"Been bianco","White beans","Menta secca","Dried mint",PLANT,"listed alongside other plants",high,,False
"Been bianco","White beans","Cardamomo","Cardamom",PLANT,"listed alongside other spices",high,382,True
"Been bianco","White beans","Nardo indica","Indian spikenard",PLANT,"listed alongside other plants",high,,False
"Been bianco","White beans","Seme d'Appio","Celery seed",PLANT,"listed alongside other plants",high,353,True
"Been bianco","White beans","Polpa di Cafsia","Pulp of Cassia",SUBSTANCE,"used in preparation",high,,False
"Been bianco","White beans","Tamarindi","Tamarind",PLANT,"used in preparation",high,69,True
"Been bianco","White beans","Amofcine","Amofcine",CONCEPT,"unit of measurement",low,,False
"Been bianco","White beans","Zucchero bianco","White sugar",SUBSTANCE,"added to preparation",high,322,True
"Been bianco","White beans","Zucchero violato","Violet sugar",SUBSTANCE,"added to preparation",high,322,True
"Been bianco","White beans","Sena","Senna",PLANT,"added to preparation",high,437,True
"Been bianco","White beans","Sale ammoniaco","Ammoniac salt",SUBSTANCE,"used in preparation",high,,False
"Been bianco","White beans","fai gf- di legno","wood salt",SUBSTANCE,"alternative name for Sale ammoniaco",medium,,False
"Been bianco","White beans","fale comune bianco di caua","Common white salt from mine",SUBSTANCE,"alternative to wood salt",high,,False
"Been bianco","White beans","V N'A T R O MAGI- Teoria lib.xxviu^.i..?","V N'A T R O MAGI- Teoria lib.xxviu^.i..?",CONCEPT,"reference to a text",low,,False
"Been bianco","White beans","Hrale [em^lice^","Hrale [em^lice^",SUBSTANCE,"ingredient",low,,False
"Been bianco","White beans","Genziana di Candia","Gentian of Crete",PLANT,"ingredient",high,,False
"Datteri","Dates","indica","Indian",CONCEPT,"origin",medium,,False
"Datteri","Dates","Zafferano","Saffron",SUBSTANCE,"spice",high,611,True
"Datteri","Dates","Géngiouo","Ginger",PLANT,"spice",high,362,True
"Datteri","Dates","pepe lungo","Long pepper",SUBSTANCE,"spice",high,462,True
"Datteri","Dates","Pepe nero","Black pepper",SUBSTANCE,"spice",high,,False
"Datteri","Dates","pclk groflaraente","coarsely ground",CONCEPT,"preparation instruction",low,,False
"Datteri","Dates","Fichi recchi gra","Fresh ripe figs",PLANT,"ingredient",high,,False
"Datteri","Dates","Dattengralsi","Datteri grattugiati",PLANT,"ingredient",high,577,False
"Datteri","Dates","penniti bianchi","white raisins",PLANT,"ingredient",high,,False
"Datteri","Dates","SCIROPPO DI STB-","Syrup of Stecadc",SUBSTANCE,"type of syrup",high,,False
"Datteri","Dates","lori di Stecadc","Stecadc flowers",PLANT,"ingredient for syrup",high,,False
"Datteri","Dates","TbymoT","Thymus",PLANT,"ingredient",high,210,True
"Datteri","Dates","Calamchto","Calaminth",PLANT,"ingredient",high,,False
"Datteri","Dates","Origano","Oregano",PLANT,"ingredient",high,,False
"Datteri","Dates","SCIROIPPO","Syrup",SUBSTANCE,"type of preparation",high,315,True
"Emblici","Emblic myrobalan","vnguentaria","unguentaria",CONCEPT,"type of medicine",low,,False
"Emblici","Emblic myrobalan","Diofcoride","Dioscorides",PERSON,"cited author",high,3,True
"Emblici","Emblic myrobalan","beeni","beans",PLANT,"common name for a type of fruit",medium,,False
"Emblici","Emblic myrobalan","Citrini","Citrine myrobalans",PLANT,"a type of fruit",high,,False
"Emblici","Emblic myrobalan","Cheboli","Chebulic myrobalans",PLANT,"a type of fruit",high,,False
"Emblici","Emblic myrobalan","Indi","Indian myrobalans",PLANT,"a type of fruit",high,704,True
"Emblici","Emblic myrobalan","Beilinci","Beleric myrobalans",PLANT,"a type of fruit",high,,False
"Emblici","Emblic myrobalan","indi","Indian myrobalans",PLANT,"ingredient",high,704,True
"Emblici","Emblic myrobalan","Rhibaibaro","Rhubarb",PLANT,"ingredient",high,141,True
"Emblici","Emblic myrobalan","Mirabolani citrini","Citrine myrobalans",PLANT,"ingredient",high,,False
"Emblici","Emblic myrobalan","CheboU","Chebulic myrobalans",PLANT,"ingredient",high,,False
"Emblici","Emblic myrobalan","Indi","Indian myrobalans",PLANT,"ingredient",high,704,True
"Emblici","Emblic myrobalan","Bcllirici","Beleric myrobalans",PLANT,"ingredient",high,,False
"Emblici","Emblic myrobalan","Emblici","Emblic myrobalans",PLANT,"ingredient",high,580,False
"Emblici","Emblic myrobalan","Rhsbarbaro","Rhubarb",PLANT,"ingredient",high,141,True
"Emblici","Emblic myrobalan","Seme","Seed",PLANT,"ingredient",high,353;61,True
"Emblici","Emblic myrobalan","Seme di f umofternoj","Seed of fumitory",PLANT,"ingredient",high,,False
"Emblici","Emblic myrobalan","Nardo indica","Indian spikenard",PLANT,"ingredient",high,,False
"Emblici","Emblic myrobalan","Anici","Anise",PLANT,"ingredient",high,1249;410,True
"Emblici","Emblic myrobalan","aritiqui","Aritiqui",PLANT,"type of myrobalan",high,,False
"Emblici","Emblic myrobalan","citrinos","Citrine myrobalans",PLANT,"type of myrobalan",high,86,True
"Emblici","Emblic myrobalan","anvale","Anvale",PLANT,"type of myrobalan",high,,False
"Emblici","Emblic myrobalan","re\anpale","Re\anpale",PLANT,"type of myrobalan",low,,False
"Emblici","Emblic myrobalan","gotim","Gotim",PLANT,"type of myrobalan",high,704,True
"Emblici","Emblic myrobalan","belericos","Beleric myrobalans",PLANT,"type of myrobalan",high,802,True
"Emblici","Emblic myrobalan","quebulos","Chebulic myrobalans",PLANT,"type of myrobalan",high,,False
"Emblici","Emblic myrobalan","Goa","Goa",PLACE,"location mentioned",high,57,True
"Emblici","Emblic myrobalan","Bengala","Bengal",PLACE,"region mentioned",high,355,True
"Emblici","Emblic myrobalan","Bisnager","Bisnaga",PLACE,"region mentioned",high,,False
"Emblici","Emblic myrobalan","Cambaia","Cambay",PLACE,"region mentioned",high,,False
"Emblici","Emblic myrobalan","anvale","Anvale",PLANT,"type of myrobalan",high,,False
"Emblici","Emblic myrobalan","çumagre","Sumac",PLANT,"used in tanning",high,,False
"Emblici","Emblic myrobalan","citrino","citrino",PLANT,"synonym",high,,False
"Emblici","Emblic myrobalan","anpale","anpale",PLANT,"synonym",high,,False
"Emblici","Emblic myrobalan","reãoãe","reãoãe",PERSON,"description of people",low,,False
"Emblici","Emblic myrobalan","guti","guti",PLANT,"synonym",high,,False
"espadana","Iris","adrac","adrac",PLANT,"synonym",high,,False
"espadana","Iris","imgi","imgi",PLANT,"synonym",high,,False
"espadana","Iris","o/fá","ofá",PLANT,"synonym",high,,False
"espadana","Iris","lirío espadanai","lirio espadanai",PLANT,"similar to",high,,False
"Spodio","Spodium","pompholige","pompholige",SUBSTANCE,"synonym",high,,False
"Spodio","Spodium","tuzia de gli Speziali","tuzia de gli Speziali",SUBSTANCE,"synonym",high,,False
"Spodio","Spodium","Tabaxir","Tabaxir",SUBSTANCE,"synonym",high,248;33,True
"Spodio","Spodium","pompholige","pompholige",SUBSTANCE,"synonym",high,,False
"Spodio","Spodium","tuzia de gli Speziali","tuzia de gli Speziali",SUBSTANCE,"synonym",high,,False
"Spodio","Spodium","Tabaxir","Tabaxir",SUBSTANCE,"synonym",high,248;33,True
"Spodio","Spodium","Squinanto","Squinanto",PLANT,"concept related to",high,,False
"cão","Dog","lingoa de vacca","lingoa de vacca",PLANT,"synonym",high,,False
"cão","Dog","lingoa de pássaro","lingoa de pássaro",PLANT,"synonym",high,,False
"cão","Dog","lingoa de cão","lingoa de cão",PLANT,"synonym",high,,False
"cão","Dog","capillus peneris","capillus peneris",PLANT,"synonym",high,,False
"cão","Dog","elefancia","elefancia",DISEASE,"disease name",high,1194,True
"cão","Dog","daul alfil","daul alfil",DISEASE,"synonym",high,,False
"cão","Dog","dul tl^fi","dul tl^fi",DISEASE,"synonym",high,,False
"cão","Dog","marad ehkelb","marad ehkelb",DISEASE,"synonym",high,,False
"cão","Dog","amomum","amomum",PLANT,"plant name",high,556,True
"secret parts","Genitalia","fogo de Santo Antão","fogo de Santo Antão",DISEASE,"synonym",high,,False
"secret parts","Genitalia","rosa","rosa",DISEASE,"disease name",high,,False
"Péninsule","Iberian Peninsula","Péninsule de l'Inde","Péninsule de l'Inde",PLACE,"place name",high,,False
"Péninsule","Iberian Peninsula","Pays-Bas","Pays-Bas",PLACE,"place name",high,,False
"Péninsule","Iberian Peninsula","Italie","Italie",PLACE,"place name",high,12,True
"Péninsule","Iberian Peninsula","Danemark","Danemark",PLACE,"place name",high,786,True
"Péninsule","Iberian Peninsula","Suède","Suède",PLACE,"place name",high,,False
"Péninsule","Iberian Peninsula","Asie-Mineure","Asie-Mineure",PLACE,"place name",high,,False
"Péninsule","Iberian Peninsula","cotes de Barbarie","cotes de Barbarie",PLACE,"place name",high,,False
"anil","Indigofera tinctoria","gali","gali",PLANT,"synonym",high,,False
"anil","Indigofera tinctoria","nil","nil",PLANT,"synonym",high,208,True
"corrimientos","discharge","encolhimentos","encolhimentos",DISEASE,"a type of illness alongside 'corrimentos'",high,,False
"corrimientos","discharge","carne quebrada","carne quebrada",DISEASE,"a name given by many to a specific illness; similar to 'tumores'; and 'inchaçoens'",high,,False
"corrimientos","discharge","tumores","tumores",DISEASE,"a condition alongside 'carne quebrada' and 'inchaçoens'",high,328,True
"corrimientos","discharge","inchaçoens","inchaçoens",DISEASE,"a condition alongside 'carne quebrada' and 'tumores'",high,62,True
"especiarias","spices","amendoado","amendoado",PLANT,"a type of spice",high,,False
"especiarias","spices","cravo","clove",PLANT,"the name the Portuguese gave to a spice",high,320;541,True
"especiarias","spices","Caryophyllus atomatkus","Caryophyllus aromaticus",PLANT,"the scientific name for the tree that produces 'cravo'",high,,False
"especiarias","spices","ccdambac","ccdambac",SUBSTANCE,"a type of spice",high,,False
"especiarias","spices","calambac","calambac",SUBSTANCE,"a name for the finest type of 'ccdambac'",high,,False
"especiarias","spices","balax","balax",PLANT,"a type of spice",high,,False
"especiarias","spices","espinhela","espinhela",PLANT,"a type of spice",high,,False
"Algarve","Algarve","barbara","barbara",PLACE,"a name for Africa",high,,False
"Algarve","Algarve","magaraby","magaraby",PLACE,"a name for our Moors (from North Africa)",high,,False
"Algarve","Algarve","Algarby","Algarby",PLACE,"a name used by the Moors of Persia and Arabia for our 'Algarves'",high,602,False
"alcaparras","Caper","achar","achar",SUBSTANCE,"pickled capers",high,,False
"aves","Birds","caril","curry",CONCEPT,"a name for dishes made from birds and meats",high,,False
"aves","Birds","copra","copra",SUBSTANCE,"dried coconut pieces",high,,False
"Tartaria","Turkestan","magaraby","magaraby",LANGUAGE,"a name for the language of our Moors",high,,False
"Tartaria","Turkestan","Bochorá","Bokhara",PLACE,"a city in Tartaria",high,777,True
"Tartaria","Turkestan","XJzbeque","Uzbek",PLACE,"a province in Tartaria",high,,False
"Tartaria","Turkestan","Moguoras","Moguls",PEOPLE,"what people call Tartaria",high,,False
"Tartaria","Turkestan","Andreas £elunensis","Andreas of Lunel",PERSON,"mentioned in relation to Persia",medium,,False
"Tartaria","Turkestan","Pérsia","Persia",PLACE,"referred to by Andreas of Lunel in relation to Tartaria",high,109;118,True
"Tartaria","Turkestan","China","China",PLACE,"source of rhubarb",high,27,True
"Tartaria","Turkestan","Uzbeque","Uzbek",PLACE,"region from which rhubarb comes to Ormuz",high,,False
"Tartaria","Turkestan","Pérsia","Persia",PLACE,"region to which rhubarb comes from Tartaria",high,109;118,True
"Tartaria","Turkestan","rapam chini","Chinese rhubarb",SUBSTANCE,"a name for rhubarb from China/Tartaria",high,,False
"Tartaria","Turkestan","Asia-menor","Asia Minor",PLACE,"region of the Turks",high,,False
"Tartaria","Turkestan","Natolia","Anatolia",PLACE,"province of the Turks",high,,False
"Tartaria","Turkestan","Constantinopla","Constantinople",PLACE,"city of the Rumes",high,202,True
"Tartaria","Turkestan","China","China",PLACE,"confines with Uzbek province",high,27,True
"Tartaria","Turkestan","Pérsia","Persia",PLACE,"land where 'xa' means king",high,109;118,True
"Tartaria","Turkestan","xá","shah",CONCEPT,"meaning king in Persia",high,,False
"Tartaria","Turkestan","xeque","sheikh",CONCEPT,"different from 'xa'",high,,False
"Tartaria","Turkestan","xaismael","Ismail",PERSON,"called 'xa'",high,,False
"Tartaria","Turkestan","xatamaz","Khatam",PERSON,"called 'xa'",high,,False
"Tartaria","Turkestan","Chine","China",PLACE,"properly called; with Liao-tung",high,27,True
"Tartaria","Turkestan","Liao-toung","Liaodong",PLACE,"part of China",high,,False
"Tartaria","Turkestan","Tibet","Tibet",PLACE,"excluded from Tartary count",high,522,True
"Tartaria","Turkestan","Corée","Korea",PLACE,"excluded from Tartary count",high,,False
"Badajoz","Badajoz","geau¨ialindi","walnut tree",PLANT,"called in the text",high,,False
"Badajoz","Badajoz","geau¨i","walnut",SUBSTANCE,"called in the text",high,,False
"Badajoz","Badajoz","Guadalgeauziy","River of Walnuts",PLACE,"the name Badajoz should have",high,,False
"crusados","Cruisado","encenço macho","male frankincense",SUBSTANCE,"a good type of frankincense",high,486,True
"crusados","Cruisado","Arábia","Arabia",PLACE,"where the best frankincense is brought from",high,321,True
"crusados","Cruisado","Índia","India",PLACE,"where frankincense is brought to",high,45,True
"crusados","Cruisado","melato","melato (sweet)",SUBSTANCE,"name for good frankincense in Arabia",high,,False
"Tripoli","Tripoli","alexandrino","Alexandrine",SUBSTANCE,"a name for something brought from India",high,,False
"Tripoli","Tripoli","Venezianos","Venetians",PEOPLE,"recipients of goods from Alexandria",high,,False
"Tripoli","Tripoli","Beirut","Beirut",PLACE,"a destination for goods",high,,False
"Tripoli","Tripoli","Tripoli de Suria","Tripoli of Syria",PLACE,"a destination for goods",high,620,False
"Tripoli","Tripoli","Panonia","Pannonia",PLACE,"where Menard saw something",high,,False
"Burmá","Burma","Kiang-mai","Chiang Mai",PLACE,"a Siamese kingdom",high,,False
"Burmá","Burma","Xiang-mai","Chiang Mai",PLACE,"a Siamese kingdom",high,,False
"Burmá","Burma","Scfaans","Shans",PEOPLE,"a group whose land is called",high,,False
"Burmá","Burma","Yun-nan","Yunnan",PLACE,"a Chinese province",high,,False
"Burmá","Burma","Sião","Siam",PLACE,"north of which is covered by the Laos kingdom",high,,False
"Burmá","Burma","Me-nam","Chao Phraya River",PLACE,"basin of Chiang Mai",high,,False
"Burmá","Burma","Luang-prabang","Luang Prabang",PLACE,"on the Me-kong basin",high,,False
"Burmá","Burma","Me-kong","Mekong River",PLACE,"basin of Luang Prabang",high,,False
"Çocotora","Socotra","herva-babosa","aloe",PLANT,"called in Portuguese",high,384,True
"Çocotora","Socotra","Cam-baya","Cambodia",PLACE,"where aloe grows",high,,False
"Çocotora","Socotra","Bengala","Bengal",PLACE,"where aloe grows",high,355,True
"Çocotora","Socotra","Turquia","Turkey",PLACE,"a destination for aloe merchandise",high,176,True
"Çocotora","Socotra","Pérsia","Persia",PLACE,"a destination for aloe merchandise",high,109;118,True
"Çocotora","Socotra","Arabía","Arabia",PLACE,"a destination for aloe merchandise",high,321,True
"Çocotora","Socotra","Europa","Europe",PLACE,"a destination for aloe merchandise",high,117,True
"Çocotora","Socotra","aloés çocoloríno","Socotrine aloe",SUBSTANCE,"a type of aloe from Socotra",high,384,True
"Çocotora","Socotra","suco-cetrmo","Socotrine",SUBSTANCE,"a name for aloe",high,,False
"Çocotora","Socotra","Gida","Gida",PLACE,"a name used by 'etles' for the same location as Judá",high,,False
"Çocotora","Socotra","Pérsia","Persia",PLACE,"a place of origin for a substance; contrasted with Çocotora",high,109;118,True
"sabugueyro","Elder","negundo","negundo",PLANT,"a plant commonly known as",high,,False
"sabugueyro","Elder","sambali","sambali",PLANT,"a name used in Balagate for the same plant as negundo",high,,False
"sabugueyro","Elder","noche","noche",PLANT,"a name used in Malavar for the same plant as negundo",high,,False
"sabugueyro","Elder","pecegueiro","peach tree",PLANT,"a tree of similar size to sabugueiro",medium,,False
"espargos","Asparagus","prezzemolo di Bryfci","Petroselinum crispum",PLANT,"an ingredient; likely a synonym or variation of parsley",low,,False
"espargos","Asparagus","Orzo non fcorticatoj","dehusked barley",PLANT,"an ingredient listed",low,,False
"espargos","Asparagus","Alchechegni","Alkekengi",PLANT,"an ingredient listed",high,,False
"espargos","Asparagus","Logorizia","Licorice",PLANT,"an ingredient listed",high,1232,True
"espargos","Asparagus","Capeluenerc","Adiantum capillus-veneris",PLANT,"an ingredient listed",high,,False
"espargos","Asparagus","Cetracca","Centaurium erythraea",PLANT,"an ingredient listed",high,,False
"espargos","Asparagus","Adianto nen^","Adiantum",PLANT,"an ingredient listed",high,,False
"espargos","Asparagus","Poht^ice","Polypody",PLANT,"an ingredient listed",high,179,True
"espargos","Asparagus","Radici di fuìoc. d'Appio","Celery root",PLANT,"an ingredient listed",high,,False
"espargos","Asparagus","prezzemolo di Sparagi","Asparagus parsley",PLANT,"an ingredient; possibly a vernacular name or a specific variety of parsley",medium,,False
"espargos","Asparagus","Epjthymo","Thyme",PLANT,"an ingredient listed",high,210,True
"espargos","Asparagus","Polypodioi","Polypody",PLANT,"an ingredient listed",high,179,True
"Tintura","Tincture","rotas","roses",PLANT,"the source of a tincture",high,,False
"Tintura","Tincture","anvale","anvale",PLANT,"a name used by 'elles' for emblicos",high,,False
"Tintura","Tincture","emblicos","emblica",PLANT,"a plant that 'elles' call anvale",high,580,True
"Tintura","Tincture","çumagre","sumac",PLANT,"used in leather tanning; similar to emblicos",high,,False
"verde","Verdigris","vinho do Rhym","Rhine wine",SUBSTANCE,"a type of wine that is better for a preparation",high,,False
"verde","Verdigris","vinho de enforcado","vinho de enforcado",SUBSTANCE,"what vinho verde is called",high,,False
"verde","Verdigris","Torpedo","Torpedo (fish)",ANIMAL,"a fish with a numbing effect",high,,False
"verde","Verdigris","Rela","Rela",PLANT,"a plant found in the woods; also called 'ara verde'",high,,False
"Cufcuta","Dodder","Cicerbita","Cicerbita",PLANT,"an ingredient listed",high,,False
"Cufcuta","Dodder","Fegatella","Fegatella",PLANT,"an ingredient listed",high,,False
"Cufcuta","Dodder","Lattuga","Lettuce",PLANT,"an ingredient listed",high,,False
"Cufcuta","Dodder","Scariola","Scariola",PLANT,"an ingredient listed",high,824,True
"Cufcuta","Dodder","Fumofterno","Fumofterno",PLANT,"an ingredient listed",high,,False
"Cufcuta","Dodder","Luppoli","Hops",PLANT,"an ingredient listed",high,,False
"Cufcuta","Dodder","Orzo non fcorticatoj","dehusked barley",PLANT,"an ingredient listed",low,,False
"Cufcuta","Dodder","Alchechegni","Alkekengi",PLANT,"an ingredient listed",high,,False
"Cufcuta","Dodder","Logorizia","Licorice",PLANT,"an ingredient listed",high,1232,True
"Cufcuta","Dodder","Capeluenerc","Adiantum capillus-veneris",PLANT,"an ingredient listed",high,,False
"Cufcuta","Dodder","Cetracca","Centaurium erythraea",PLANT,"an ingredient listed",high,,False
"Cufcuta","Dodder","Adianto nen^","Adiantum",PLANT,"an ingredient listed",high,,False
"Cufcuta","Dodder","Poht^ice","Polypody",PLANT,"an ingredient listed",high,179,True
"Cufcuta","Dodder","Radici di fuìoc. d'Appio","Celery root",PLANT,"an ingredient listed",high,,False
"Cufcuta","Dodder","prezzemolo di Sparagi","Asparagus parsley",PLANT,"an ingredient; possibly a vernacular name or a specific variety of parsley",medium,,False
"Cufcuta","Dodder","Epjthymo","Thyme",PLANT,"an ingredient listed",high,210,True
"Cufcuta","Dodder","Polypodioi","Polypody",PLANT,"an ingredient listed",high,179,True
"Sierra Nevada","Sierra Nevada","Turbaco","Turbaco",PLACE,"a village near which measurements were taken",high,,False
"Sierra Nevada","Sierra Nevada","Carlbagène","Carlbagène",PLACE,"a location south of which Turbaco is situated",high,,False
"Sierra Nevada","Sierra Nevada","Dampierre","Dampierre",PERSON,"a person who named the Sierra Kevada",high,,False
"Lagrime","Tears","olii","oils",SUBSTANCE,"extracted from",high,,False
"Lagrime","Tears","femi","seeds",PLANT,"source of oils",high,61,True
"Lagrime","Tears","frutti","fruits",PLANT,"source of oils",high,31,True
"Lagrime","Tears","liquori","liquors",SUBSTANCE,"source of oils",medium,,False
"Lagrime","Tears","mandorle dolci","sweet almonds",PLANT,"source of oils",high,,False
"Lagrime","Tears","mandorle amare","bitter almonds",PLANT,"source of oils",high,,False
"Lagrime","Tears","pinocchi","pine nuts",PLANT,"source of oils",high,,False
"Lagrime","Tears","pislacbr","pistachios",PLANT,"source of oils",high,,False
"Lagrime","Tears","heen delle noci","walnut kernels",PLANT,"source of oils",high,,False
"Lagrime","Tears","unguenti","ointments",SUBSTANCE,"composed with",high,143,True
"Lagrime","Tears","aromi","aromatics",SUBSTANCE,"contained in",high,249,True
"Lagrime","Tears","frutei","fruits",PLANT,"source of oils",high,31,True
"Lagrime","Tears","Temi","seeds",PLANT,"source of oils",high,779;61,True
"Jeru","Jericho","borat","borax",SUBSTANCE,"ingredient in",high,261,True
"Jeru","Jericho","conſervade roſas vermelhas","conserve of red roses",SUBSTANCE,"ingredient in",high,,False
"Jeru","Jericho","fau","mallow",PLANT,"similar to",medium,,False
"Jeru","Jericho","folhas","leaves",PLANT,"part of plant",high,51,True
"Jeru","Jericho","ſanrum collectaneorum","sanrum collectaneorum",PLANT,"mentioned by Averrhoes",low,,False
"tâmaras","Date","Zumaco","Sumac",PLANT,"called",high,,False
"tâmaras","Date","canela","cinnamon",PLANT,"found in China",high,28,True
"tâmaras","Date","especieria","spices",SUBSTANCE,"found in China",high,601,True
"tâmaras","Date","mar ruivo","Red Sea",PLACE,"navigated by",high,510,True
"canada","Canada","raizesdecardopenteador","cardopenteador roots",PLANT,"used in decoction",high,,False
"canada","Canada","cardo dos pizoeyros","cardo dos pizoeyros",PLANT,"synonym for cardopenteador",high,,False
"canada","Canada","macella","chamomile",PLANT,"used in decoction",high,389,True
"canada","Canada","endro","dill",PLANT,"used in decoction",high,,False
"canada","Canada","agua","water",SUBSTANCE,"base for decoction",high,17,True
"canada","Canada","ragadias","fissures",DISEASE,"afflicting patients",high,,False
"canada","Canada","almorreymas","anus",ANATOMY,"location of fissures",high,308,True
"canada","Canada","morangãos","strawberries",PLANT,"mentioned as ingredient",medium,,False
"canada","Canada","folhas de hervaTurca","leaves of hervaTurca",PLANT,"alternative name for ingredient",high,,False
"canada","Canada","herva dos Cancros","herva dos Cancros",PLANT,"synonym for hervaTurca",high,,False
"canada","Canada","agua","water",SUBSTANCE,"base for remedy",high,17,True
"canada","Canada","olhosde caranguejos","crab eyes",ANIMAL,"ingredient in remedy",high,,False
"canada","Canada","coral","coral",ANIMAL,"ingredient in remedy",high,157,True
"canada","Canada","Cancro","cancer",DISEASE,"being treated",high,,False
"canada","Canada","vinho do Rhym","wine from the Rhine",SUBSTANCE,"base for remedy",high,,False
"canada","Canada","vinho branco delgado","thin white wine",SUBSTANCE,"alternative base for remedy",high,,False
"canada","Canada","de enforcado","de enforcado",SUBSTANCE,"called",high,,False
"canada","Canada","cinzade gieſta brava","ash of wild broom",PLANT,"ingredient in remedy",high,,False
"canada","Canada","Hydropico","hydroptic",DISEASE,"being treated",high,20,True
"diureticos","Diuretic","folhas","leaves",PLANT,"part of Cinnamomum Tamala",high,51,True
"diureticos","Diuretic","droguistas da índia","Indian druggists",PERSON,"sell the leaves",high,,False
"diureticos","Diuretic","carminativo","carminative",CONCEPT,"property of the leaves",high,1245,True
"diureticos","Diuretic","diaphoretic","diaphoretic",CONCEPT,"property of the leaves",high,699,True
"diureticos","Diuretic","tajpát","tajpat",PLANT,"vulgar name for Cinnamomum Tamala",high,,False
"diureticos","Diuretic","tejpãt","tejpat",PLANT,"vulgar name for Cinnamomum Tamala",high,,False
"diureticos","Diuretic","Cirmamomum Tamala","Cinnamomum Tamala",PLANT,"origin of tejpat",high,28,True
"diureticos","Diuretic","Nees","Nees",PERSON,"associated with Cinnamomum Tamala",low,,False
"Petrofellino","Parsley","fciroppo","syrup",SUBSTANCE,"made with",high,315,True
"Petrofellino","Parsley","ACETO","vinegar",SUBSTANCE,"used in preparation",high,49,True
"Petrofellino","Parsley","paluftre","marsh",PLACE,"location of plant",medium,182,True
"Petrofellino","Parsley","Iri nocchio","Iri nocchio",PLANT,"ingredient in syrup",high,,False
"Petrofellino","Parsley","prezzemolo di Bryfci","parsley of Bryfci",PLANT,"synonym for Petrofellino",high,,False
"Petrofellino","Parsley","Sparagi","asparagus",PLANT,"ingredient in syrup",high,635,True
"Petrofellino","Parsley","Acqua di fontt","spring water",SUBSTANCE,"used in preparation",high,17,True
"Petrofellino","Parsley","chereeanil","chereeanil",SUBSTANCE,"used in preparation",low,,False
"Tongue","Tongue","taUata","taUata",PLANT,"similar to tithy malo",low,,False
"Tongue","Tongue","fithy malo","fithy malo",PLANT,"causes burning sensation",high,,False
"Tongue","Tongue","latte del tithymalo","milk of tithymalo",SUBSTANCE,"used to adulterate",high,,False
"Tongue","Tongue","fanna dch*Crobo","fanna dch*Crobo",SUBSTANCE,"used to adulterate",low,,False
"Tongue","Tongue","SCORDEO","Scordium",PLANT,"next topic",high,,False
"Mummia","Mummy","piùsphalto","piasphalto",SUBSTANCE,"synonym",high,,False
"Mummia","Mummy","bitume","bitumen",SUBSTANCE,"component",high,457,True
"Mummia","Mummy","pece","pitch",SUBSTANCE,"component",high,99,True
"Mummia","Mummy","piùsphalto","piasphalto",SUBSTANCE,"synonym",high,,False
"Mummia","Mummy","bitume","bitumen",SUBSTANCE,"component",high,457,True
"Mummia","Mummy","pece","pitch",SUBSTANCE,"component",high,99,True
"Mummia","Mummy","bitume","bitumen",SUBSTANCE,"component",high,457,True
"Mummia","Mummy","pece","pitch",SUBSTANCE,"component",high,99,True
"Mummia","Mummy","piùsphalto","piasphalto",SUBSTANCE,"synonym",high,,False
"femen","fern","French Mercury","Mercurialis perennis",PLANT,"type of plant",high,,False
"femen","fern","Brookland","Brookland",PLACE,"location",high,,False
"femen","fern","Rumney Marsh","Romney Marsh",PLACE,"location",high,,False
"femen","fern","Kent","Kent",PLACE,"location",high,,False
"femen","fern","Dogs Mercury","Mercurialis annua",PLANT,"type of plant",high,,False
"femen","fern","Brookland","Brookland",PLACE,"location",high,,False
"femen","fern","Rumney Marsh","Romney Marsh",PLACE,"location",high,,False
"femen","fern","Kent","Kent",PLACE,"location",high,,False
"femen","fern","Dogs Mercury","Mercurialis annua",PLANT,"type of plant",high,,False
"méridien","meridian","Gorukpur","Gorakhpur",PLACE,"location",high,,False
"méridien","meridian","Bungpur","Bungpur",PLACE,"location",high,,False
"méridien","meridian","Jamaïque","Jamaica",PLACE,"location",high,,False
"méridien","meridian","Darien","Darién",PLACE,"location",high,,False
"méridien","meridian","Roncador","Roncador",PLACE,"location",high,,False
"méridien","meridian","Cap Codera","Cape Codera",PLACE,"location",high,,False
"méridien","meridian","île Saint- Vincent","Saint Vincent",PLACE,"location",high,,False
"méridien","meridian","Los Roques","Los Roques",PLACE,"location",high,,False
"Oxus","Amu Darya","Balassia","Badakhshan",PLACE,"synonym",high,,False
"Oxus","Amu Darya","Badakhshan","Badakhshan",PLACE,"location",high,,False
"Oxus","Amu Darya","Pamir","Pamir",PLACE,"location",high,,False
"Sudorificos","Diaphoretics","Soliman","Soliman",CONCEPT,"named fire",low,,False
"Sudorificos","Diaphoretics","Ettibio","Ettibio",SUBSTANCE,"component",low,,False
"Sudorificos","Diaphoretics","Antimonio Diaphoretico","Antimony Diaphoretic",SUBSTANCE,"type of substance",high,,False
"Sudorificos","Diaphoretics","Unicornio mineral","Mineral Unicorn",SUBSTANCE,"synonym",high,,False
"Sudorificos","Diaphoretics","Mercurio Diaphoretico fixo","Fixed Diaphoretic Mercury",SUBSTANCE,"type of substance",high,455,True
"Sudorificos","Diaphoretics","Diafeltetafon","Diafeltetafon",SUBSTANCE,"synonym",high,,False
"Sudorificos","Diaphoretics","Caparrosa","Caparrosa",SUBSTANCE,"substance",high,,False
"Sudorificos","Diaphoretics","Ettibio","Ettibio",PERSON,"associated with",low,,False
"Sudorificos","Diaphoretics","Poterio","Poterio",PERSON,"associated with",low,,False
"Sudorificos","Diaphoretics","Antimonio meteorizado","Antimonio meteorizado",SUBSTANCE,"synonym for",high,,False
"Sudorificos","Diaphoretics","Fabro","Fabro",PERSON,"associated with",low,,False
"Sudorificos","Diaphoretics","Unicornio mineral","Unicornio mineral",SUBSTANCE,"synonym for",high,,False
"Sudorificos","Diaphoretics","Mercurio Diaphoretico fixo","Mercurio Diaphoretico fixo",SUBSTANCE,"alternative name for",high,455,True
"Sudorificos","Diaphoretics","Diafeltetafon","Diafeltetafon",SUBSTANCE,"synonym for",high,,False
"Sudorificos","Diaphoretics","Colcothar","Colcothar",SUBSTANCE,"synonym for",high,,False
"paraíso terreal","Garden of Eden","pico de Adam","pico de Adam",PLACE,"part of",high,,False
"paraíso terreal","Garden of Eden","Pomum Paradisi","Pomum Paradisi",PLANT,"alternative name for",high,,False
"paraíso terreal","Garden of Eden","Adão","Adam",PERSON,"involved in",high,,False
"Indi","Myrobalan","noce vnguentaria di Diofcoride","noce vnguentaria di Diofcoride",PLANT,"synonym for",high,,False
"Indi","Myrobalan","beeni","beeni",PLANT,"vernacular name for",high,,False
"Indi","Myrobalan","Citrini","Citrini",PLANT,"type of",high,,False
"Indi","Myrobalan","Cheboli","Cheboli",PLANT,"type of",high,,False
"Indi","Myrobalan","Emblici","Emblici",PLANT,"type of",high,580,True
"Indi","Myrobalan","Beilinci","Beilinci",PLANT,"type of",high,,False
"Indi","Myrobalan","boro nero","boro nero",SUBSTANCE,"ingredient in",low,,False
"Indi","Myrobalan","Agarico","Agarico",SUBSTANCE,"ingredient in",low,65,True
"Indi","Myrobalan","Saie indo","Saie indo",SUBSTANCE,"synonym for",high,,False
"Indi","Myrobalan","zucchero","zucchero",SUBSTANCE,"synonym for",high,322,True
"Indi","Myrobalan","Mirabolani","Mirabolani",PLANT,"ingredient in",high,,False
"Indi","Myrobalan","Cheboli","Cheboli",PLANT,"ingredient in",high,,False
"Indi","Myrobalan","Bellirici","Bellirici",PLANT,"ingredient in",high,,False
"Indi","Myrobalan","Hmblici","Hmblici",PLANT,"ingredient in",high,,False
"Indi","Myrobalan","Citri","Citri",PLANT,"ingredient in",high,,False
"Indi","Myrobalan","PcftinG","PcftinG",PLANT,"ingredient in",high,,False
"Indi","Myrobalan","Scamonea","Scamonea",PLANT,"ingredient in",low,229,True
"Indi","Myrobalan","Mirabolani citrini","Mirabolani citrini",PLANT,"ingredient in",high,,False
"Indi","Myrobalan","Chebouli","Chebouli",PLANT,"ingredient in",high,,False
"Indi","Myrobalan","Bellirici","Bellirici",PLANT,"ingredient in",high,,False
"Indi","Myrobalan","Emblici","Emblici",PLANT,"ingredient in",high,580,True
"Indi","Myrobalan","CheboU","CheboU",PLANT,"ingredient in",high,,False
"Indi","Myrobalan","Rhibaibaro","Rhibaibaro",PLANT,"ingredient in",high,,False
"Indi","Myrobalan","Mirabolani citrini","Mirabolani citrini",PLANT,"ingredient in",high,,False
"Indi","Myrobalan","CheboU","CheboU",PLANT,"ingredient in",high,,False
"Indi","Myrobalan","Bellirici","Bellirici",PLANT,"ingredient in",high,,False
"Indi","Myrobalan","Emblici","Emblici",PLANT,"ingredient in",high,580,True
"Indi","Myrobalan","Khsbarbaro","Khsbarbaro",PLANT,"ingredient in",high,,False
"Indi","Myrobalan","Seme di fumofternoj","Seme di fumofternoj",PLANT,"ingredient in",low,,False
"Indi","Myrobalan","Nardo indica","Nardo indica",PLANT,"ingredient in",high,,False
"Indi","Myrobalan","Anici","Anici",PLANT,"ingredient in",low,410,True
"Indi","Myrobalan","ravam","ravam",PLANT,"vernacular name for",high,,False
"Indi","Myrobalan","rapam","rapam",PLANT,"synonym for",high,,False
"Indi","Myrobalan","anvale","anvale",PLANT,"vernacular name for",high,,False
"Indi","Myrobalan","emblicos","emblicos",PLANT,"synonym for",high,580,True
"Indi","Myrobalan","reãnpale","reãnpale",PLANT,"vernacular name for",high,,False
"Indi","Myrobalan","indios","indios",PLANT,"synonym for",high,,False
"Indi","Myrobalan","belericos","belericos",PLANT,"synonym for",high,802,True
"Indi","Myrobalan","aretca","aretca",PLANT,"synonym for",high,,False
"fel de gallo","Rooster's bile","Jilfil","Jilfil",SUBSTANCE,"synonym for",high,,False
"fel de gallo","Rooster's bile","Jul/ul","Jul/ul",SUBSTANCE,"synonym for",high,,False
"fel de gallo","Rooster's bile","pimenta longa","pimenta longa",PLANT,"synonym for",high,462,True
"fel de gallo","Rooster's bile","Serapio","Serapio",PERSON,"associated with",low,59,True
"fel de gallo","Rooster's bile","falfel","falfel",SUBSTANCE,"alternative name for",high,,False
"cavallinha","Horsetail","equiceto","Equisetum",PLANT,"synonym of cavallinha",high,,False
"cavallinha","Horsetail","hipuris","Hippuris",PLANT,"synonym of cavallinha",high,,False
"cavallinha","Horsetail","rabodecavallo","rabodecavallo",PLANT,"synonym of cavallinha",high,,False
"cavallinha","Horsetail","equiceto","Equisetum",PLANT,"synonym of cavallinha",high,,False
"cavallinha","Horsetail","rabode cavallo","rabodecavallo",PLANT,"synonym of cavallinha",high,,False
"lenha","Firewood","coquo","coquo",PLANT,"a type of plant; similar to lanha",high,,False
"lenha","Firewood","levi","levi",PLANT,"Malabar name for coquo",high,,False
"poissons","Fish","rêvés","rêvés",ANIMAL,"Spanish name for a type of fish",high,,False
"Opening","Opening","Cinkfoyl","Cinkfoyl",PLANT,"synonym of Five Leaved Grass",high,,False
"Opening","Opening","Five Leaved Grass","Five Leaved Grass",PLANT,"synonym of Cinkfoyl",high,,False
"Opening","Opening","Ba∣ stard Rubarb","Bastard Rhubarb",PLANT,"type of Rhubarb",high,,False
"Opening","Opening","English Rubarb","English Rhubarb",PLANT,"type of Rhubarb",high,,False
"criaçaō","upbringing","Medicos","Medicos",PERSON,"physicians; consulted for good upbringing",high,,False
"hernias","throat hernia","malde Loanda","malde Loanda",DISEASE,"synonym for hernias",high,,False
"hernias","throat hernia","osde Lingadoc","osde Lingadoc",DISEASE,"synonym for hernias",high,,False
"hernias","throat hernia","Allobrogos","Allobrogos",DISEASE,"synonym for hernias",high,,False
"hernias","throat hernia","tuberculos","tuberculos",DISEASE,"related to hernias",low,,False
"hernias","throat hernia","the Fleshy Rupture","Fleshy Rupture",DISEASE,"synonym for Hiernia Carnosa",high,,False
"herrumbre","rust","Hierro","Iron",SUBSTANCE,"related to herrumbre",high,,False
"herrumbre","rust","Orin","Orin",SUBSTANCE,"synonym for Herrumbre",high,,False
"herrumbre","rust","Azero","Steel",SUBSTANCE,"related to herrumbre",high,,False
"turquesa","Turquoise","esmeralda","Emerald",SUBSTANCE,"compared to turquesa",high,,False
"turquesa","Turquoise","smaragdi","Emerald",SUBSTANCE,"synonym for esmeralda",high,,False
"turquesa","Turquoise","pirujà","pirujà",SUBSTANCE,"Persian name for turquesa",high,,False
"Croton","Croton","tithy malo","tithymalo",PLANT,"compared to Crobo",high,,False
"Croton","Croton","tithymalo","tithymalo",PLANT,"compared to Crobo",high,,False
"Croton","Croton","querciuola","querciuola",PLANT,"compared to SCORDEO",high,,False
"Croton","Croton","SCORDEO","Scordio",PLANT,"described",high,,False
"Vésuve","Mount Vesuvius","Etna","Mount Etna",PLACE,"example of a volcano",high,,False
"Vésuve","Mount Vesuvius","Tonguragua","Tonguragua",PLACE,"example of a volcano",high,,False
"Vésuve","Mount Vesuvius","Cotopaxi","Cotopaxi",PLACE,"example of a volcano",high,520,True
"Weberus","William Webb","Hodgson","Hodgson",PERSON,"associated with Webb",high,,False
"Weberus","William Webb","Herbert","Herbert",PERSON,"associated with Webb",high,,False
"ragie","Cane root","pino","Pine",PLANT,"source of ragia",high,,False
"ragie","Cane root","A loé","Aloe",PLANT,"plant mentioned in context of preparation",high,384,True
"droga","Drugs","lanquas","Languas",PLANT,"synonym for lesser galangal",high,,False
"droga","Drugs","galanga menor da China","Lesser galangal of China",PLANT,"plant name",high,,False
"droga","Drugs","lanquas-kitsjil","Languas-kitsjil",PLANT,"specific designation for lesser galangal",high,,False
"quercia","Oak","Ghiande di caftagtie","Acorns of chestnut",PLANT,"ingredient used with oak bark",high,,False
"quercia","Oak","Coccol.di mort","Coccoli di morte",PLANT,"ingredient",low,,False
"quercia","Oak","Cauda equina","Horse tail",PLANT,"ingredient",high,,False
"quercia","Oak","Galluzza","Gallnut",PLANT,"ingredient",high,,False
"quercia","Oak","Gufc difaue","Guscia di sauge",PLANT,"ingredient",low,,False
"quercia","Oak","Acmi d vue","Acnida",PLANT,"ingredient",medium,,False
"quercia","Oak","falu","Salvia",PLANT,"ingredient",high,,False
"quercia","Oak","Sorbe accr","Sorbe acerbe",PLANT,"ingredient",high,,False
"quercia","Oak","Nefpoleacer.","Nespolo acerbo",PLANT,"ingredient",high,,False
"quercia","Oak","FogUedifufini","Foglie di fusini",PLANT,"ingredient",medium,,False
"quercia","Oak","prugpoh","Prugnoli",PLANT,"ingredient",high,,False
"azeitonas","Olives","achar","Achar",CONCEPT,"a preparation method (pickled)",high,,False
"Babylonia","Babylonia","Soldam de Babylonia","Sultan of Babylonia",PERSON,"title held by a ruler",high,,False
"freixo","Ash","pucko","Pucko",SUBSTANCE,"local name for a commodity",high,,False
"freixo","Ash","asi*","Asi",SUBSTANCE,"name in Malacca for a commodity",medium,,False
"freixo","Ash","urzes","Urzes",PLANT,"plant for comparison of leaf size",high,,False
"freixo","Ash","jounas","Jounas",PLANT,"plant for comparison of leaf size",medium,,False
"freixo","Ash","tamargueira","Tamarisk",PLANT,"plant for comparison of appearance",high,69,True
"palhade Meca","Meca straw","esquinanto","Esquinanto",PLANT,"plant ingredient",high,,False
"palhade Meca","Meca straw","rofas","Rosas",PLANT,"plant ingredient",high,,False
"Canjas","Gruel","canje^","Canje",SUBSTANCE,"a preparation of rice water",high,756,False
"Canjas","Gruel","canje^","Canje",SUBSTANCE,"a preparation of rice water",high,756,False
"Canjas","Gruel","canje","Canje",SUBSTANCE,"a preparation of rice water",high,756,False
"Phu","Ligusticum pteridifolium","pompholige","pompholige",SUBSTANCE,"synonym for cadmia della iorta",high,,False
"Phu","Ligusticum pteridifolium","cadmia della iorta","cadmia della iorta",SUBSTANCE,"synonym for pompholige",high,,False
"Phu","Ligusticum pteridifolium","VALERIANA","Valeriana",PLANT,"another plant discussed",high,207,True
"Phu","Ligusticum pteridifolium","maggiore","maggiore",CONCEPT,"type of valeriana",medium,,False
"Phu","Ligusticum pteridifolium","saluaoca","saluaoca",CONCEPT,"type of valeriana",medium,,False
"Phu","Ligusticum pteridifolium","minore","minore",CONCEPT,"type of valeriana",medium,,False
"Aromaticum Rosarum","Rosemary preparation","Suɡar of Roses","Sugar of Roses",SUBSTANCE,"synonym for Aromaticum Rosarum",high,,False
"Aromaticum Rosarum","Rosemary preparation","Syrup of dryed Roses","Syrup of dried Roses",SUBSTANCE,"related preparation of roses",high,,False
"Aromaticum Rosarum","Rosemary preparation","Hoɡey of Roses","Honey of Roses",SUBSTANCE,"related preparation of roses",high,,False
"Aromaticum Rosarum","Rosemary preparation","Diarhodon Abhatis","Diarhodon Abhatis",SUBSTANCE,"synonym for Aromaticum Rosarum",high,834,True
"Aromaticum Rosarum","Rosemary preparation","Aromatica Rosaɡum","Aromatica Rosarum",SUBSTANCE,"synonym for Aromaticum Rosarum",high,764,False
"Aromaticum Rosarum","Rosemary preparation","Distilled Water of Roses","Distilled Water of Roses",SUBSTANCE,"related preparation of roses",high,,False
"Aromaticum Rosarum","Rosemary preparation","Vinegar of Roses","Vinegar of Roses",SUBSTANCE,"related preparation of roses",high,,False
"Aromaticum Rosarum","Rosemary preparation","Oyntment and Oyl of Roses","Ointment and Oil of Roses",SUBSTANCE,"related preparation of roses",high,,False
"Aromaticum Rosarum","Rosemary preparation","Rose Leavs dried","Rose Leaves dried",PLANT,"ingredient in rose preparations",high,,False
"Aromaticum Rosarum","Rosemary preparation","Diarhodon Abbaɡis","Diarhodon Abba tis",SUBSTANCE,"synonym for Aromaticum Rosarum",high,,False
"Lavender","Lavender","Oyl of Spike","Oil of Spike",SUBSTANCE,"synonym for Chimical Oyl drawn from Lavender",high,,False
"Lavender","Lavender","Chimical Oyl","Chemical Oil",SUBSTANCE,"preparation derived from Lavender",high,,False
"formation contemporaine","Stratigraphy","gypse","gypsum",SUBSTANCE,"mineral associated with volcanic formations",high,,False
"formation contemporaine","Stratigraphy","sel gemme","rock salt",SUBSTANCE,"mineral associated with volcanic formations",high,608,True
"formation contemporaine","Stratigraphy","pétrole","petroleum",SUBSTANCE,"substance found in formations",high,568,True
"formation contemporaine","Stratigraphy","hydrogène","hydrogen",SUBSTANCE,"gas associated with formations",high,,False
"formation contemporaine","Stratigraphy","fer","iron",SUBSTANCE,"element found in formations",high,,False
"Beber","Babur","agoa de espresam de arroz","water extract of rice",SUBSTANCE,"remedy for the illness",high,,False
"Beber","Babur","pimenta","pepper",PLANT,"ingredient in a remedy",high,,False
"Beber","Babur","cominhos","cumin",PLANT,"ingredient in a remedy",high,468,True
"Beber","Babur","canje","canja",SUBSTANCE,"name for the remedy",high,756,True
"latte","Milk","tithy malo","Tithymalus",PLANT,"plant used for comparison or adulteration",high,,False
"latte","Milk","fanna","fennel",PLANT,"ingredient in a preparation",high,454,True
"latte","Milk","SCORDEO","Scordeo",PLANT,"another plant discussed",high,,False
"Danemark","Denmark","Pays-Bas","Netherlands",PLACE,"region mentioned in population statistics",high,87,True
"Danemark","Denmark","Suisse","Switzerland",PLACE,"region mentioned in population statistics",high,,False
"Danemark","Denmark","Italie","Italy",PLACE,"region mentioned in population statistics",high,12,True
"Danemark","Denmark","Péninsule ibérienne","Iberian Peninsula",PLACE,"region mentioned in population statistics",high,595,True
"Danemark","Denmark","Suède","Sweden",PLACE,"region mentioned in population statistics",high,,False
"Danemark","Denmark","Asie-Mineure","Asia Minor",PLACE,"region mentioned in population statistics",high,,False
"Danemark","Denmark","cotes de Barbarie","Barbary Coast",PLACE,"region mentioned in population statistics",high,866,True
"Danemark","Denmark","gouvernemens occidentaux","Western Governments",PLACE,"region mentioned in population statistics",low,,False
"Danemark","Denmark","Seriphos","Seriphos",PLACE,"place with mute frogs",high,,False
"Danemark","Denmark","Flandres","Flanders",PLACE,"region with scurvy",high,,False
"Danemark","Denmark","malde Loanda","mal de Loanda",DISEASE,"synonym for scurvy",high,,False
"Danemark","Denmark","Lingadoc","Languedoc",PLACE,"region mentioned",high,,False
"Certes","Certificate","Puerto de Carénas","Puerto de Carénas",PLACE,"former name of an establishment",high,,False
"Certes","Certificate","San Cristoval de la Habâna","San Cristoval de la Habana",PLACE,"new name of an establishment",high,,False
"Certes","Certificate","Villa de Sau Cristoval","Villa de San Cristoval",PLACE,"location mentioned by Herrera",high,,False
"pao","Pão (various meanings)","cobras de capelo","cobras de capelo",ANIMAL,"synonym for a type of serpent",high,338,True
"pao","Pão (various meanings)","regulus serpens","regulus serpens",ANIMAL,"Latin name for cobras de capelo",high,,False
"pao","Pão (various meanings)","boqueti ovale","boqueti ovale",SUBSTANCE,"name used in Chingala for something ground like sandalwood",high,,False
"pao","Pão (various meanings)","sândalo","sandalwood",SUBSTANCE,"compared to the known entity in terms of how it's ground and applied",high,,False
"pao","Pão (various meanings)","sândalo","sandalwood",SUBSTANCE,"compared to the known entity in terms of how it's ground and applied",high,,False
"pao","Pão (various meanings)","boqueti ovale","boqueti ovale",SUBSTANCE,"name used in Chingala for something ground like sandalwood",high,,False
"pao","Pão (various meanings)","romeira","pomegranate",PLANT,"tree compared in appearance to a plant with the known entity",high,,False
"pao","Pão (various meanings)","calambac","calambac",SUBSTANCE,"synonym for the finest quality of the known entity",high,,False
"pao","Pão (various meanings)","cate","cate",SUBSTANCE,"Indian name for something made from a heavy wood; likely related to the known entity",high,,False
"luc","Luc (various meanings)","mirra","myrrh",SUBSTANCE,"compared to lacre for scent",high,489;671,True
"luc","Luc (various meanings)","locsumutri","locsumutri",SUBSTANCE,"Arabian name for luc",high,,False
"milho miudo","Small millet","pimenta longa","long pepper",PLANT,"fruit described as a long pod",high,462,True
"Scariola","Scariola","Lapis armeno","Armenian stone",SUBSTANCE,"listed alongside Scariola",low,799,True
"Scariola","Scariola","Lapis fmyris","Lapis fmyris",SUBSTANCE,"listed alongside Scariola",low,,False
"Scariola","Scariola","Mélanteria","Melanteria",SUBSTANCE,"listed alongside Scariola",low,,False
"Scariola","Scariola","Minio degli antichi","Minio degli antichi",SUBSTANCE,"listed alongside Scariola",low,,False
"Scariola","Scariola","Molibdena","Molybdena",SUBSTANCE,"listed alongside Scariola",low,,False
"Scariola","Scariola","Myli","Myli",SUBSTANCE,"listed alongside Scariola",low,,False
"Scariola","Scariola","Nigella","Nigella",PLANT,"listed alongside Scariola",low,810,True
"Scariola","Scariola","PilTasphako","PilTasphako",SUBSTANCE,"listed alongside Scariola",low,,False
"Scariola","Scariola","Ribes","Ribes",PLANT,"listed alongside Scariola",low,,False
"Scariola","Scariola","Sale Indo","Indian salt",SUBSTANCE,"listed alongside Scariola",low,,False
"Scariola","Scariola","Sale ammoniaco","Ammoniac salt",SUBSTANCE,"listed alongside Scariola",low,,False
"Scariola","Scariola","Secacul $e{èlima(silienfedi Diofconde","Secacul $e{èlima(silienfedi Diofconde",SUBSTANCE,"listed alongside Scariola",low,,False
"Scariola","Scariola","Sifone","Siphon",SUBSTANCE,"listed alongside Scariola",low,,False
"Scariola","Scariola","Stratiot^ dcH'acquCt","Stratiotes of water",PLANT,"listed alongside Scariola",low,,False
"Scariola","Scariola","Taraflàcon","Taraflacon",SUBSTANCE,"listed alongside Scariola",low,,False
"Scariola","Scariola","Terra famia","Terra famia",SUBSTANCE,"listed alongside Scariola",low,,False
"Scariola","Scariola","Trementina","turpentine",SUBSTANCE,"listed alongside Scariola",low,259,True
"Diarhodon Abhatis","Diarhodon Abhatis","Sugar of Roses","Sugar of Roses",SUBSTANCE,"alternative name for conserved moist roses",high,,False
"Diarhodon Abhatis","Diarhodon Abhatis","Syrup of dryed Roses","Syrup of dried Roses",SUBSTANCE,"preparation of roses",high,,False
"Diarhodon Abhatis","Diarhodon Abhatis","Ho∣ney of Roses","Honey of Roses",SUBSTANCE,"preparation of roses",high,,False
"Diarhodon Abhatis","Diarhodon Abhatis","Aromatica Rosa∣rum","Aromatica Rosarum",SUBSTANCE,"synonym for Diarhodon Abhatis",high,764,True
"Diarhodon Abhatis","Diarhodon Abhatis","Vine∣gar of Roses","Vinegar of Roses",SUBSTANCE,"preparation of roses",high,,False
"Diarhodon Abhatis","Diarhodon Abhatis","Oyntment and Oyl of Roses","Ointment and Oil of Roses",SUBSTANCE,"preparations of roses",high,,False
"Diarhodon Abhatis","Diarhodon Abhatis","Aromaticum Rosarum","Aromaticum Rosarum",SUBSTANCE,"synonym for Diarhodon Abbatlis",high,764,True
"Teneſmo","Tenesmus","Worms","worms",DISEASE,"a condition that the drug helps children with",high,144,True
"Puerta","Puerta de Mérida","maratha ghãt","ghat",CONCEPT,"synonym for Gate",high,,False
"Berbéria","Barbary Coast","raham","rhapontic rhubarb",PLANT,"synonym for rhubarb",high,,False
"Berbéria","Barbary Coast","rapam indico","Indian rhubarb",PLANT,"type of rhubarb",high,,False
"PARTE PRIMA","Part One","lilique","licorice",PLANT,"plant with seeds",high,1232,True
"PARTE PRIMA","Part One","dittamo bianco"," Dittamo bianco",PLANT,"related to dittamo",high,,False
"PARTE PRIMA","Part One","Dittamo","Dittamo",PLANT,"plant",high,,False
"PARTE PRIMA","Part One","Pftfbdodittamo","pseudo-dittamo",PLANT,"related to dittamo",high,,False
"PARTE PRIMA","Part One","Tragacanth","Tragacanth",PLANT,"synonym for dragante",high,,False
"PARTE PRIMA","Part One","dragante","dragon's blood",SUBSTANCE,"resin",high,784,True
"PARTE PRIMA","Part One","iaricina","larch turpentine",SUBSTANCE,"substitute for terebintho",high,,False
"PARTE PRIMA","Part One","therbintho","turpentine",SUBSTANCE,"substance with similar odor",high,259,True
"PARTE PRIMA","Part One","VETRIOLO","Vitriol",SUBSTANCE,"ingredient in a remedy",high,304;211,True
"PARTE PRIMA","Part One"," Oppio","Opium",SUBSTANCE,"ingredient in a remedy",high,83;196,True
"PARTE PRIMA","Part One","VETRIOLO","Vitriol",SUBSTANCE,"ingredient in a remedy",high,304;211,True
"comer","Eating","GotaCoral","Goutte Corail",DISEASE,"mentioned in relation to a condition",high,,False
"comer","Eating","bangue","Bhang",SUBSTANCE,"consumed for its effects",high,,False
"comer","Eating","maju","Maju",SUBSTANCE,"prepared with bangue",high,,False
"comer","Eating","arata","Arata",SUBSTANCE,"name of a remedy",high,898,True
"comer","Eating","elevi","Elevi",PLANT,"local name for a plant",high,,False
"comer","Eating","lanha","Lanha",PLANT,"local name for a plant",high,711,True
"comer","Eating","cairo","Cairo",SUBSTANCE,"made from plant fibers",high,385,True
"comer","Eating","morxi","Morxi",DISEASE,"name of a disease",high,,False
"comer","Eating","morxi","morxi",DISEASE,"synonym for enfermidade causada de muyto comer",high,,False
"comer","Eating","agoa de espresam de arroz","rice water",SUBSTANCE,"part of a remedy for 'morxi'",medium,,False
"comer","Eating","canje","canje",SUBSTANCE,"alternative name for agoa de espresam de arroz",high,756,True
"comer","Eating","naire","naire",PERSON,"title for mestre in Malavar",high,,False
"comer","Eating","piluane","piluane",PERSON,"title for mestre in Decanins",high,,False
"comer","Eating","leite azedo","sour milk",SUBSTANCE,"part of a diet for the sick",high,901,True
"comer","Eating","franguos delidos em aguoa deste arroz","ground chickens in rice water",SUBSTANCE,"part of a diet for the sick",medium,,False
"comer","Eating","canje","canje",SUBSTANCE,"alternative name for aguoa deste arroz",high,756,True
"comer","Eating","leite azedo","sour milk",SUBSTANCE,"part of a diet for the sick",high,901,True
"comer","Eating","franguos delidos em aguoa deste arroz","ground chickens in rice water",SUBSTANCE,"part of a diet for the sick",medium,,False
"comer","Eating","canje","canje",SUBSTANCE,"alternative name for aguoa deste arroz",high,756,True
"abeto","Fir","Pinus","pine",PLANT,"source of 'ragia'",high,,False
"abeto","Fir","picea","spruce",PLANT,"source of 'ragia'",high,,False
"abeto","Fir","abeto","fir",PLANT,"source of 'ragia'",high,890,False
"abeto","Fir","thercbinto","terebinth",PLANT,"source of 'trementina'",high,,False
"abeto","Fir","riccialaricma","riccialaricma",SUBSTANCE,"a type of trementina",low,,False
"abeto","Fir","trementina","turpentine",SUBSTANCE,"derived from various trees",high,259,True
"abeto","Fir","Trementina","turpentine",SUBSTANCE,"derived from trees called 'Abeto'",high,259,True
"abeto","Fir","Abeto","fir",PLANT,"source of Trementina",high,890,False
"abeto","Fir","Pinos","pines",PLANT,"contrasted with Abeto trees",high,,False
"abeto","Fir","Cipreses","cypresses",PLANT,"contrasted with Abeto trees",high,,False
"Arata","Dragon's ointment","alhos","garlic",PLANT,"ingredient in 'arata'",high,452,True
"Arata","Dragon's ointment","ameos","cumin",PLANT,"ingredient in 'arata'",high,468,True
"Arata","Dragon's ointment","sal","salt",SUBSTANCE,"ingredient in 'arata'",high,1110,True
"Arata","Dragon's ointment","manteiga","butter",SUBSTANCE,"ingredient in 'arata'",high,,False
"Arata","Dragon's ointment","açucare","sugar",SUBSTANCE,"ingredient in 'arata'",high,322;319,True
"Arata","Dragon's ointment","calamo yngoentarío","calamus unguentarius",SUBSTANCE,"synonym for 'arata' according to Galen",high,,False
"Arata","Dragon's ointment","calamo arábio","calamus arabius",SUBSTANCE,"synonym for 'arata' according to Plutarch",high,,False
"leite azedo","Donkey milk","leite azedo","sour milk",SUBSTANCE,"part of a diet for the sick",high,901,False
"leite azedo","Donkey milk","franguos delidos em aguoa deste arroz","ground chickens in rice water",SUBSTANCE,"part of a diet for the sick",medium,,False
"leite azedo","Donkey milk","canje","canje",SUBSTANCE,"alternative name for aguoa deste arroz",high,756,True
"pão","Bread","pão","bread",SUBSTANCE,"consumed with 'lúcida'",high,905,False
"pão","Bread","apas","apas",SUBSTANCE,"vernacular name for 'pão'",high,,False
"pólvora","Gunpowder","limãoazedo","sour lemon",PLANT,"used for washing wounds",high,,False
"pólvora","Gunpowder","polvora","gunpowder",SUBSTANCE,"ingredient in a topical remedy",high,907,False
"pólvora","Gunpowder","alvayade","white lead",SUBSTANCE,"ingredient in a topical remedy",high,,False
"pólvora","Gunpowder","alcanfor","camphor",SUBSTANCE,"ingredient in a topical remedy",high,474,True
"pólvora","Gunpowder","affucar","sugar",SUBSTANCE,"ingredient in a topical remedy",high,322;319,True
"pólvora","Gunpowder","Roſa","Rosa",PERSON,"nickname of the Alcayde",high,,False
"urtigas","Nettle","Jack'tree","Jack tree",PLANT,"synonym of Ficus",high,,False
"urtigas","Nettle","phanas","phanas",PLANT,"synonym of Ficus",high,,False
"urtigas","Nettle","panasa","panasa",PLANT,"synonym of Ficus",high,,False
"urtigas","Nettle","panaz","panaz",PLANT,"synonym of Ficus",high,,False
"urtigas","Nettle","pila oupaia","pila oupaia",PLANT,"synonym of Ficus",high,,False
"urtigas","Nettle","jaca","jaca",PLANT,"synonym of Ficus",high,,False
"moſcas","Fly","Choupo","Choupo",PLANT,"synonym of Elm or Poplar",high,,False
"moſcas","Fly","Salgueiro","Salgueiro",PLANT,"synonym of Elm or Poplar",high,,False
"lavagens","Washing","gim:{ibil","gim:ibil",PLANT,"synonym of the plant being described",high,,False
"lavagens","Washing","adrac","adrac",PLANT,"synonym of the plant being described (when green)",high,,False
"lavagens","Washing","sucte","sucte",PLANT,"synonym of the plant being described (when dry)",high,,False
"lavagens","Washing","imgi","imgi",PLANT,"synonym of the plant being described (in Malay)",high,,False
"lavagens","Washing","espada","espada",PLANT,"plant comparison",low,,False
"lavagens","Washing","lirío espadanai","lirío espadanai",PLANT,"plant comparison",low,,False
"lavagens","Washing","Ma-","Ma-",PLACE,"region receiving the substance",low,,False
"lavagens","Washing","Canara","Canara",PLACE,"region receiving the substance",low,221,True
"lavagens","Washing","Benguala","Benguala",PLACE,"region receiving the substance",low,,False
"lavagens","Washing","Decam","Decam",PLACE,"region receiving the substance",low,,False
"lavagens","Washing","Guzarate","Guzarate",PLACE,"region receiving the substance",low,,False
"lavagens","Washing","Ormuz","Ormuz",PLACE,"region receiving the substance",low,351,True
"lavagens","Washing","Arábia","Arábia",PLACE,"region receiving the substance",low,321,True
"lavagens","Washing","Portugal","Portugal",PLACE,"region receiving the substance",low,54,True
"lavagens","Washing","cachabar","cachabar",PLANT,"synonym of the plant being described",high,,False
"lavagens","Washing","haxiscaçule","haxiscaçule",PLANT,"synonym of the plant being described",high,,False
"lavagens","Washing","alaf","alaf",PLANT,"synonym of the plant being described",high,382,True
"fuerte","strong","GotaCoral","GotaCoral",DISEASE,"synonym of Gota caducum",high,,False
"fuerte","strong","Oyl of Spike","Oil of Spike",SUBSTANCE,"common name for the chemical oil drawn from Lavender",high,,False
"North parts","Northern regions","Jack'tree","Jack tree",PLANT,"synonym of Ficus",high,,False
"North parts","Northern regions","phanas","phanas",PLANT,"synonym of Ficus",high,,False
"North parts","Northern regions","panasa","panasa",PLANT,"synonym of Ficus",high,,False
"North parts","Northern regions","panaz","panaz",PLANT,"synonym of Ficus",high,,False
"North parts","Northern regions","pila oupaia","pila oupaia",PLANT,"synonym of Ficus",high,,False
"North parts","Northern regions","jaca","jaca",PLANT,"synonym of Ficus",high,,False
"North parts","Northern regions","terra dos Scfaans","terra dos Scfaans",PLACE,"region in Southeast Asia",low,,False
"North parts","Northern regions","Yun-nan","Yunnan",PLACE,"Chinese province",low,,False
"North parts","Northern regions","Sião","Sião",PLACE,"kingdom in Southeast Asia",low,,False
"North parts","Northern regions","Kiang-mai","Kiang-mai",PLACE,"city in Siam",low,,False
"North parts","Northern regions","Me-nam","Me-nam",PLACE,"river in Siam",low,,False
"North parts","Northern regions","Luang-prabang","Luang-prabang",PLACE,"city in Laos",low,,False
"North parts","Northern regions","Me-kong","Me-kong",PLACE,"river in Southeast Asia",low,,False
"North parts","Northern regions","Chiamay","Chiamay",PLACE,"kingdom in Southeast Asia",low,,False
"North parts","Northern regions","Laos","Laos",PLACE,"kingdom in Southeast Asia",low,,False
"North parts","Northern regions","Chiamay","Chiamay",PLACE,"kingdom in Southeast Asia",low,,False
"North parts","Northern regions","Indo-China","Indo-China",PLACE,"geographical region",low,,False
"North parts","Northern regions","Brahmaputrai","Brahmaputra",PLACE,"river",low,,False
"North parts","Northern regions","Iravady","Iravady",PLACE,"river",low,,False
"North parts","Northern regions","Saluen","Saluen",PLACE,"river",low,,False
"North parts","Northern regions","Me-nam","Me-nam",PLACE,"river in Siam",low,,False
"Capers","capers","cafur","camphor",SUBSTANCE,"synonym for Capur (camphor)",high,474,True
"lauan","Laudanum","loucagaoy","loucagaoy",SUBSTANCE,"called by inhabitants of the land; possibly a synonym for lauan (incense)",medium,,False
"lauan","Laudanum","encenso de Jaoa","incense of Jaoa",SUBSTANCE,"interpreted meaning of loucagaoy; related to lauan (incense)",low,,False
"lauan","Laudanum","udo","udo",SUBSTANCE,"called by the Decanins and Guzarates; likely a synonym for lauan (incense)",high,,False
"Noli me Tangere","Noli me tangere","Cankers","canker",DISEASE,"ulcerative condition treated similarly to Noli me Tangere",high,,False
"Pulp","Pulp","pulping Sieve","pulping sieve",CONCEPT,"tool used for processing pulp",high,,False
"Pulp","Pulp","pulping Sieve","pulping sieve",CONCEPT,"tool used for processing pulp",high,,False
"sud","South","Salsette","Salsette",PLACE,"lands bordering the southern part of the island of Goa",high,,False
"Romaza","Sorrel","Hyotcp^no","Hyoscyamus",PLANT,"listed in a recipe with other ingredients",high,1033,True
"Romaza","Sorrel","Mele","apples",SUBSTANCE,"ingredient in a recipe",high,,False
"Romaza","Sorrel","Caftprq leardo","Castoreum",SUBSTANCE,"ingredient in a recipe",high,368,True
"Romaza","Sorrel","PH lllONIO","Phyllon",PLANT,"listed in a recipe",high,,False
"Romaza","Sorrel","MAq- puphoibio","Macedonian poppy",PLANT,"ingredient in a recipe",high,,False
"Romaza","Sorrel","Pyrethro coUo","Parethro colla",SUBSTANCE,"ingredient in a recipe",high,,False
"Romaza","Sorrel","Perle non forat?","unpierced pearls",SUBSTANCE,"ingredient in a recipe",high,,False
"Romaza","Sorrel","Carabe","carabe",SUBSTANCE,"ingredient in a recipe",high,,False
"Romaza","Sorrel","terra ligi hta","terra sigillata",SUBSTANCE,"ingredient in a recipe",high,11,True
"Romaza","Sorrel","Lapis hemantc","haematite",SUBSTANCE,"ingredient in a recipe",high,,False
"Romaza","Sorrel","Zafferano","saffron",SUBSTANCE,"ingredient in a recipe",high,611,True
"Cerracca","Lac","Scordeo","Scorzonera",PLANT,"synonym or related term to Cerracca",high,,False
"Cerracca","Lac","Sugo di logorizia","Licorice juice",SUBSTANCE,"ingredient in a preparation involving Cerracca",high,,False
"Cerracca","Lac","Mele","Honey",SUBSTANCE,"ingredient in a preparation involving Cerracca",high,140;957,True
"Cerracca","Lac","prezzemolo","Parsley",PLANT,"mentioned alongside Cerracca in a list of ingredients",high,666,True
"Cerracca","Lac","Finocchio","Fennel",PLANT,"mentioned alongside Cerracca in a list of ingredients",high,454,True
"Cerracca","Lac","Anici","Anise",PLANT,"mentioned alongside Cerracca in a list of ingredients",high,1249;410,True
"mambum","Arenga pinnata","sacarmambum","sacarmambum",PLANT,"local name for mambum",high,,False
"mambum","Arenga pinnata","tabaxir","Tabashir",SUBSTANCE,"alternative name for the substance derived from mambum",high,248;33,True
"calderotto","Small cauldron","naire","Nair",PERSON,"title used for the elephant's master",high,,False
"calderotto","Small cauldron","piluane","Piluane",PERSON,"title used for the elephant's master",high,,False
"calderotto","Small cauldron","naire","Nair",PERSON,"title used for the elephant's master",high,,False
"calderotto","Small cauldron","piluane","Piluane",PERSON,"title used for the elephant's master",high,,False
"calderotto","Small cauldron","caldereiro","Tinker",PERSON,"person who repairs cauldrons",high,,False
"cão danado","Rabies","dul tl^fi","dul tl^fi",DISEASE,"Arabic name for a form of elephantiasis",high,,False
"cão danado","Rabies","marad ehkelb","marad ehkelb",DISEASE,"Arabic name for rabies",high,,False
"cão danado","Rabies","amomum","Amomum",PLANT,"mentioned in relation to the name of rabies",medium,556,True
"cão danado","Rabies","pomba","Pigeon",ANIMAL,"mentioned in a linguistic discussion about amomum",low,535,True
"Sardine","Sardine","Argherite bianche","White arguerites",SUBSTANCE,"listed alongside Sardines",medium,,False
"Sardine","Sardine","zaffiro","Sapphire",SUBSTANCE,"listed alongside Sardines",medium,,False
"Sardine","Sardine","cor- ninole","Corvinole",ANIMAL,"synonym for Sardine",high,,False
"Sardine","Sardine","Granati","Garnets",SUBSTANCE,"listed alongside Sardines",medium,,False
"Sardine","Sardine","Smeraldi","Emeralds",SUBSTANCE,"listed alongside Sardines",medium,,False
"Sardine","Sardine","Zedoaria","Zedoary",PLANT,"listed alongside Sardines",medium,103,True
"Sardine","Sardine","Doronici","Doronicum",PLANT,"listed alongside Sardines",medium,,False
"Sardine","Sardine","ccderno","Citron",PLANT,"listed alongside Sardines",medium,86,True
"Sardine","Sardine","Bafsilico","Basil",PLANT,"listed alongside Sardines",medium,,False
"Sardine","Sardine","gariofilato","Cloves",PLANT,"listed alongside Sardines",medium,,False
"Sardine","Sardine","Coralli rofsi","Red corals",SUBSTANCE,"listed alongside Sardines",medium,,False
"Sardine","Sardine","Ambra gialla","Yellow amber",SUBSTANCE,"listed alongside Sardines",medium,383,True
"Pomatum","Pomatum","Pomatum","Pomatum",SUBSTANCE,"ointment referred to as 'called Pomatum'",high,1085,False
"Dog-wood","Cornus mas","Alder-Tree","Alder tree",PLANT,"compared to the leaves of Dog-wood",high,,False
"Dog-wood","Cornus mas","Foemale Cornel","Female Cornel",PLANT,"compared to the leaves of Dog-wood",high,,False
"Dog-wood","Cornus mas","Dogberry-Tree","Dogberry tree",PLANT,"synonym for Dog-wood",high,,False
"round","Spherical","Dogberry-Tree","Dogberry tree",PLANT,"synonym for Dog-wood",high,,False
"round","Spherical","Dog-wood","Dogwood",PLANT,"the plant whose flowers are described",high,1091,True
"round","Spherical","Piss-a-beds","Piss-a-beds",PLANT,"common name for Dandelion",high,,False
"Cardiaca","Leonurus cardiaca","Motherwort","Motherwort",PLANT,"synonym for Cardiaca",high,,False
"Cardiaca","Leonurus cardiaca","Mousear","Mouseear",PLANT,"synonym for Cardiaca",low,,False
"Love","Love","OYL Olive","Olive Oil",SUBSTANCE,"type of Oyl",high,94,True
"Love","Love","Sallet Oyl","Salad Oil",SUBSTANCE,"common name for OYL Olive",high,,False
"Infortune","Misfortune","Paris-Gar","Paris-garden",PLACE,"mentioned in context of Melancholly men",low,,False
"Infortune","Misfortune","Saturn","Saturn",PERSON,"associated with Melancholly and Infortune",high,,False
"Infortune","Misfortune","Angel","Angel",CONCEPT,"responds to the 'Infortune'",high,,False
"Forgetfulness","Forgetfulness","Carduus Benedictus","Carduus Benedictus",PLANT,"another herb of the same planet",high,,False
"Chica","Chicory","Boca Chica","Boca Chica",PLACE,"name of a channel",high,,False
"Chica","Chicory","Don Jorge Juan","Jorge Juan",PERSON,"mentioned in relation to Boca Chica",high,,False
"Chica","Chicory","Marquis de la Ensenada","Marquis de la Ensenada",PERSON,"recipient of notices",high,,False
"nageipuhe","Rough diamond","Guzarates","Guzarates",PLACE,"people who sell diamonds",high,,False
"nageipuhe","Rough diamond","Goa","Goa",PLACE,"place where diamonds are sold",high,57,True
"nageipuhe","Rough diamond","Bisnaguer","Bisnagar",PLACE,"place where diamonds are sold",high,,False
"nageipuhe","Rough diamond","diamães de roca","rough diamonds",SUBSTANCE,"synonym for naifes",high,,False
"piezas","Pieces","Saint-Domingue","Saint-Domingue",PLACE,"location",high,63,True
"piezas","Pieces","Don Nicolas Calvo","Nicolas Calvo",PERSON,"associated with Saint-Domingue",high,,False
"piezas","Pieces","clarificadoras","clarifiers",OBJECT,"equipment for sugar production",medium,,False
"piezas","Pieces","peilas","peilas",OBJECT,"equipment for sugar production",medium,,False
"piezas","Pieces","tratJies de tachos","taches of stills",OBJECT,"equipment for sugar production",medium,,False
"piezas","Pieces","fondas","fondas",OBJECT,"units of measurement",medium,,False
"piezas","Pieces","arrobas","arrobas",CONCEPT,"unit of weight",high,,False
"piezas","Pieces","sucre terré","raw sugar",SUBSTANCE,"type of sugar",high,,False
"piezas","Pieces","baril","barrel",OBJECT,"unit of volume",high,,False
"piezas","Pieces","miel","honey",SUBSTANCE,"product of sugar processing",high,140;957,True
"piezas","Pieces","mélasses","molasses",SUBSTANCE,"byproduct of sugar processing",high,1025,True
"piezas","Pieces","rey","king",CONCEPT,"chess piece",high,,False
"piezas","Pieces","xá","shah",CONCEPT,"chess term for king",high,,False
"piezas","Pieces","dama","queen",CONCEPT,"chess piece",high,,False
"piezas","Pieces","goa^ir","goa'ir",CONCEPT,"chess term for queen",high,,False
"piezas","Pieces","condestabre","constable",CONCEPT,"chess piece",medium,,False
"piezas","Pieces","delfim","dauphin",CONCEPT,"chess piece",medium,,False
"fort","Fort","hatos","hatos",PLACE,"estates where herds graze",high,,False
"fort","Fort","diamães","diamantes",SUBSTANCE,"mentioned as a comparison to something else",high,,False
"fort","Fort","diamam","diamante",SUBSTANCE,"mentioned as a comparison to something else",high,,False
"Directoire","Aroma","cassab","cassab",CONCEPT,"synonym for calamo and aldirira",high,,False
"Directoire","Aroma","calamo","calamo",CONCEPT,"synonym for cassab and aldirira",high,158,True
"Directoire","Aroma","aldirira","aldirira",CONCEPT,"synonym for cassab and calamo; meaning aromatics",high,,False
"Directoire","Aroma","aroma","aroma",CONCEPT,"equivalent to dirire",high,249;1161,False
"Elephantia","Elephantiasis","lingoa de vacca","lingua de vaca",PLANT,"a name for an arábio plant",high,,False
"Elephantia","Elephantiasis","lingoa de pássaro","lingua de passaro",PLANT,"a name for an arábio plant",high,,False
"Elephantia","Elephantiasis","lingoa de cão","lingua de cao",PLANT,"a name for an arábio plant",high,,False
"Elephantia","Elephantiasis","capillus peneris","capillus veneris",PLANT,"a name for an arábio plant",high,,False
"Elephantia","Elephantiasis","daul alfil","daul alfil",CONCEPT,"means 'pé de alifante'; equivalent to elefancia",high,,False
"Elephantia","Elephantiasis","pé de alifante","pé de elefante",DISEASE,"equivalent to daul alfil and elefancia",high,,False
"Elephantia","Elephantiasis","hydroforbia","hydrophobia",DISEASE,"mentioned in relation to elephantiasis and elephant's foot",low,20,True
"tintoreiros","dyer","Dauci","Daucus",PLANT,"part of a compound name; likely carrot",high,,False
"tintoreiros","dyer","Anici","Anisi",PLANT,"part of a compound name; likely anise",high,410,True
"tintoreiros","dyer","Keu Is'ardo","Cardamomum",PLANT,"likely a variant of cardamom",medium,,False
"tintoreiros","dyer","Myrrha","Myrrha",SUBSTANCE,"ingredient listed",high,671,True
"tintoreiros","dyer","Calia","Calamus",PLANT,"likely referring to calamus",high,158,True
"tintoreiros","dyer","Schinantho","Schinanthus",PLANT,"likely referring to cinnamon or a related spice",medium,,False
"tintoreiros","dyer","CarpobaUamo","Carpobalsamum",SUBSTANCE,"likely referring to the fruit of the balsam tree",high,,False
"tintoreiros","dyer","y^obbia","hyoscyamus",PLANT,"likely henbane",high,1033,True
"tintoreiros","dyer","da","da",SUBSTANCE,"part of 'OliodibaHamo'; likely referring to oil",high,,False
"tintoreiros","dyer","Hupatorio","Hypatorium",PLANT,"likely referring to hypericum or St. John's Wort",high,,False
"tintoreiros","dyer","OliodibaHamo","Olio di balsamo",SUBSTANCE,"likely referring to balsam oil",high,125,True
"tintoreiros","dyer","Olamoaromat.","Olio d'aromatico",SUBSTANCE,"likely referring to aromatic oil",high,,False
"tintoreiros","dyer","Cinnamomo","Cinnamomo",PLANT,"likely referring to cinnamon",high,28,True
"tintoreiros","dyer","Zafferano","Zafferano",SUBSTANCE,"likely referring to saffron",high,,False
"ruym","redness","bola","bola",SUBSTANCE,"called 'aloés ruym'",high,215,True
"ruym","redness","aloés cahalino","aloes cahalino",SUBSTANCE,"mentioned as a type of aloes",high,,False
"Ferrara","Ferrara","laserpicium","laserpicium",SUBSTANCE,"called 'goma' by some",high,,False
"Ferrara","Ferrara","benjuy","benzoin",SUBSTANCE,"mentioned in relation to laserpicium",high,,False
"Ferrara","Ferrara","assa fétida","assa foetida",SUBSTANCE,"contrasted with benjuy tree",high,,False
"provdto","Benefit","rosas vermelhas","red roses",PLANT,"ingredient in conserved form",high,,False
"provdto","Benefit","Jerico","Jericho",PLACE,"associated with conserved roses",low,659,True
"provdto","Benefit","Bella-dona","belladonna",PLANT,"referred to by Italians",high,,False
"provdto","Benefit","mil pès","millipedes",ANIMAL,"fried with oil; used for fomenting hemorrhoids",high,,False
"agoa ardente","Brandy","Jiila","Jiila",SUBSTANCE,"name for a distillate; meaning flower",high,,False
"agoa ardente","Brandy","frol","flower",CONCEPT,"meaning of Jiila",high,55,True
"agoa ardente","Brandy","orraqua","orraqua",SUBSTANCE,"name for another distillate",high,,False
"agoa ardente","Brandy","Jiila","Jiila",SUBSTANCE,"name for a distillate; meaning flower",high,,False
"agoa ardente","Brandy","frol","flower",CONCEPT,"meaning of Jiila",high,55,True
"agoa ardente","Brandy","orraqua","orraqua",SUBSTANCE,"name for another distillate",high,,False
"unguento cetrino","Citrine Ointment","Guzarates","Guzarates",PERSON,"people who call it by a certain name",high,,False
"unguento cetrino","Citrine Ointment","sarna","scabies",DISEASE,"treated with the substance",high,836,True
"carminativas","carminative","cabede carneiro","sheep's head",ANIMAL,"ingredient in carminative preparation",high,,False
"carminativas","carminative","alfavaca","basil",PLANT,"ingredient in carminative preparation",high,382,True
"carminativas","carminative","ortela","oregano",PLANT,"ingredient in carminative preparation",high,154,True
"carminativas","carminative","macella","marjoram",PLANT,"ingredient in carminative preparation",high,561;389,True
"carminativas","carminative","palhas alhas","garlic stalks",PLANT,"ingredient in carminative preparation",high,,False
"carminativas","carminative","cominhos","cumin",PLANT,"ingredient in carminative preparation",high,468,True
"montano","Calamint","boro nero","black borax",SUBSTANCE,"ingredient in decoction",high,,False
"montano","Calamint","Agarico","agaric",SUBSTANCE,"ingredient in decoction",high,65,True
"montano","Calamint","Saie indo","Indian saffron",SUBSTANCE,"ingredient in decoction",high,,False
"montano","Calamint","zucchero","sugar",SUBSTANCE,"ingredient in decoction",high,322;319,True
"montano","Calamint","MIRA","Myrrh",SUBSTANCE,"ingredient in decoction",high,489;671,True
"montano","Calamint","Bellirici","beleric myrobalans",PLANT,"ingredient in decoction",high,,False
"montano","Calamint","Hmblici","emblic myrobalans",PLANT,"ingredient in decoction",high,,False
"montano","Calamint","Irab","jujube",PLANT,"ingredient in decoction",high,,False
"montano","Calamint","Citnì","citron",PLANT,"ingredient in decoction",high,86,True
"montano","Calamint","PcftinG","pestigra",DISEASE,"treated by decoction",low,,False
"montano","Calamint","Calamentof","calament",PLANT,"synonym for montano",high,,False
"montano","Calamint","Sermontano","serpent montano",PLANT,"synonym for montano",high,,False
"montano","Calamint","Petrof","petroselinum",PLANT,"ingredient",high,,False
"montano","Calamint","Levittico","levisticum",PLANT,"ingredient",high,,False
"montano","Calamint","Gengiouo","gingio",PLANT,"ingredient",high,,False
"montano","Calamint","Appio","celery",PLANT,"synonym for parsley",high,,False
"montano","Calamint","prezzemolo","parsley",PLANT,"ingredient",high,666,True
"montano","Calamint","oI;o nar dino","dino oil",SUBSTANCE,"mentioned in comparison",low,,False
"montano","Calamint","calamento","calament",PLANT,"synonym for montano",high,,False
"montano","Calamint","STORACE","storax",SUBSTANCE,"ingredient in oil",high,805,True
"montano","Calamint","Pyrechro","pyrethrum",PLANT,"ingredient in oil",high,,False
"montano","Calamint","Cafloro","safflower",PLANT,"ingredient in oil",high,,False
"Water","water","Ginger","ginger",PLANT,"described by comparison",high,1688;2918,True
"Water","water","Water Flower-De-luce","Iris pseudacorus",PLANT,"resembles the plant",high,,False
"Water","water","Garcias","Garcia de Orta",PERSON,"first described the plant",high,397,True
"Water","water","Lobelius","Matthias de l'Obel",PERSON,"affirmed it resembles the common Reed",high,,False
"Water","water","India","India",PLACE,"place where the plant is common",high,17;2500;231,True
"Water","water","sea water","seawater",SUBSTANCE,"possible origin of vapors",high,413,True
"Water","water","meteoric water","meteoric water",SUBSTANCE,"possible origin of vapors",high,,False
"Water","water","sea water","seawater",SUBSTANCE,"possible origin of vapors",high,413,True
"Water","water","meteoric water","meteoric water",SUBSTANCE,"possible origin of vapors",high,,False
"America","Americas","Asia","Asia",PLACE,"continental observer",high,231,True
"America","Americas","Sir Roderick Murchison","Roderick Murchison",PERSON,"continental observer",high,2183,True
"America","Americas","Mr. Lyell","Charles Lyell",PERSON,"continental observer",high,3139;1710;2367,True
"America","Americas","Mr. Logan","William Edmond Logan",PERSON,"continental observer",high,,False
"America","Americas","Captain Bayfield","Henry Wolsey Bayfield",PERSON,"continental observer",high,,False
"distillation","distillation","urine","urine",SUBSTANCE,"used in preparation",high,2908;662;2623,True
"distillation","distillation","Crabs eyes","calcium carbonate",SUBSTANCE,"used in preparation",high,862,True
"distillation","distillation","Helmont","Jan Baptist van Helmont",PERSON,"commended the preparation",high,1706,True
"birds","Birds","fishes","Fish",ANIMAL,"subject to classification",high,94,True
"reason","Reason","thought","thought",CONCEPT,"governed by transitions of reason",high,534,True
"reason","Reason","volcano","volcano",PLACE,"a natural phenomenon related to geological processes discussed",high,602;299,True
"creation","Creationism","Divinity","divinity",CONCEPT,"related to God's nature and power; in contrast to human understanding",high,2345,True
"Plants","Plants","Sea","sea",PLACE,"a body of water whose reflux is being discussed in relation to magnetism",high,745;921;629,True
"Plants","Plants","Moon","moon",PLACE,"a celestial body whose magnetism is hypothesized to cause the reflux of the sea",high,1582;722;634;1502,True
"Plants","Plants","Animals","animals",ANIMAL,"subjects of metaphorical verification in sympathies; alongside plants",high,1810;19,True
"Plants","Plants","Catena Magnetica","Catena Magnetica",CONCEPT,"a work by Kircherus that discusses magnetism and sympathies",high,,False
"Plants","Plants","Polypody","Polypody",PLANT,"example of parasitical Plants",high,666,True
"Plants","Plants","Moss","Moss",PLANT,"example of parasitical Plants",high,2317,True
"Plants","Plants","Capillaries","Capillaries",PLANT,"example of parasitical Plants",high,3860,True
"Plants","Plants","Misseltoes","Mistletoe",PLANT,"example of parasitical Plants",high,2919,True
"Plants","Plants","Betonica Pauli","Paul's Betony",PLANT,"commonly called herb",high,,False
"Plants","Plants","Pauls Betony","Paul's Betony",PLANT,"commonly called herb",high,,False
"Plants","Plants","algæ","algae",PLANT,"types affecting different depths",high,957,True
"Plants","Plants","sargassa","Sargassum",PLANT,"accumulation known as the grassy sea",high,,False
"Plants","Plants","Ginger","Ginger",PLANT,"herbaceous Plant",high,1688;2918,True
"Plants","Plants","Water Flower-De-luce","Water Flag",PLANT,"resembled by Ginger",high,,False
"Plants","Plants","Reed","Reed",PLANT,"resembled by Ginger",high,,False
"Plants","Plants","organism","organism",CONCEPT,"broader category",high,2371;807;2569;1229;1677,True
"Plants","Plants","living body","living body",CONCEPT,"broader category",high,,False
"Plants","Plants","organic","organic",CONCEPT,"property",high,2569;1155,True
"Himalaya","Himalayas","Magodha","Magodha",PLACE,"related to",medium,,False
"Himalaya","Himalayas","Madhya Desa","Madhya Desa",PLACE,"related to",high,,False
"Himalaya","Himalayas","Vindhya","Vindhya",PLACE,"geographical feature",high,,False
"Himalaya","Himalayas","Madhjadeca","Madhya Desa",PLACE,"synonym",high,,False
"animals","Animals","man","human",ANIMAL,"a type of animal",high,1858;1123;1774;1271;892;604,True
"animals","Animals","secondary sclerosis","secondary sclerosis",DISEASE,"a condition associated with",high,,False
"animals","Animals","botany","botany",CONCEPT,"related field",high,1098,True
"animals","Animals","descriptive zoology","descriptive zoology",CONCEPT,"related field",high,,False
"animals","Animals","geology","geology",CONCEPT,"related field",high,278,True
"animals","Animals","mineralogy","mineralogy",CONCEPT,"related field",high,3625,True
"animals","Animals","crocodile of Maestricht","Mosasaurus",ANIMAL,"example of",high,,False
"animals","Animals","Mososaurus","Mosasaurus",ANIMAL,"synonym for",high,,False
"animals","Animals","Iguandon","Iguanodon",ANIMAL,"example of",high,,False
"animals","Animals","salamander","salamander",ANIMAL,"example of",high,3808,True
"animals","Animals","homo diluvii testis","Andrias scheuchzeri",ANIMAL,"synonym for",high,,False
"animals","Animals","St. Augustine","Augustine of Hippo",PERSON,"mentioned in relation to",high,1967,True
"animals","Animals","generatio aequivoca","spontaneous generation",CONCEPT,"synonym for",high,,False
"animals","Animals","spontanea","spontaneous generation",CONCEPT,"synonym for",high,,False
"animals","Animals","generatio aequivoca","spontaneous generation",CONCEPT,"synonym for",high,,False
"animals","Animals","spontanea","spontaneous generation",CONCEPT,"synonym for",high,,False
"animals","Animals","primaria","spontaneous generation",CONCEPT,"synonym for",high,,False
"animals","Animals","genera","genus",CONCEPT,"classification level",high,611;263,True
"animals","Animals","species","species",CONCEPT,"classification level",high,32;3284,True
"animals","Animals","Carrots","Daucus carota",PLANT,"example of plants",high,2940,True
"animals","Animals","Parsnips","Pastinaca sativa",PLANT,"example of plants",high,2356,True
"animals","Animals","Briony","Bryonia dioica",PLANT,"example of plants",high,940,True
"animals","Animals","Crollius","Oswald Croll",PERSON,"author cited",high,2163,True
"animals","Animals","Porta","Giambattista della Porta",PERSON,"author cited",high,,False
"animals","Animals","game animals","game animals",ANIMAL,"type of animals",high,,False
"animals","Animals","parasitic worms","parasitic worms",ANIMAL,"type of animal",high,3973,True
"animals","Animals","Crollius","Oswald Croll",PERSON,"author cited",high,2163,True
"animals","Animals","Porta","Giambattista della Porta",PERSON,"author cited",high,,False
"animals","Animals","Heron","Ardea cinerea",ANIMAL,"example of animal",high,2669,True
"animals","Animals","Callyonimus","Callionymus",ANIMAL,"type of fish",high,,False
"animals","Animals","vertebrate","vertebrate",CONCEPT,"classification of organism",high,702,True
"animals","Animals","invertebrate","invertebrate",CONCEPT,"classification of organism",high,1434,True
"animals","Animals","vegetal","plant",PLANT,"characteristic of organism",high,16,True
"Tree","Tree","sperma Coeti","spermaceti",SUBSTANCE,"mistaken for spawn of Whale",high,,False
"Tree","Tree","sanguis draconis","dragon's blood",SUBSTANCE,"gum of a tree; mistaken for blood of Dragon",high,1168,True
"Tree","Tree","Ginger","Ginger",PLANT,"root of an herbaceous plant; not a Tree or Shrub",high,1688;2918,True
"Tree","Tree","Water Flower-De-luce","Water Flower-de-luce",PLANT,"resemblance to Ginger plant",high,,False
"Tree","Tree","Reed","Reed",PLANT,"resemblance to Ginger plant",high,,False
"Tree","Tree","arboreous excrescence","arboreous excrescence",CONCEPT,"synonym for",high,,False
"Tree","Tree","superplant","superplant",PLANT,"synonym for",high,,False
"Tree","Tree","boughs","boughs",PLANT,"part of",high,3858,True
"Tree","Tree","surcles","surcles",PLANT,"part of",high,,False
"continent","Continent","promontories","promontories",PLACE,"geographical feature near",high,,False
"Humidity","Humidity","ba","barometer",CONCEPT,"term for",low,568,True
"species","Species","Chylifactory menstruum","Chylifactory menstruum",SUBSTANCE,"alternative for",high,,False
"species","Species","digestive preparation","digestive preparation",SUBSTANCE,"alternative for",high,,False
"species","Species","lapideous bodies","lapideous bodies",SUBSTANCE,"dissolved by",high,,False
"species","Species","genus","genus",CONCEPT,"classification level above",high,611;263,True
"species","Species","Paranema cyathoides","Paranema cyathoides",PLANT,"related to",high,,False
"species","Species","Sphaeroptera barbata","Sphaeroptera barbata",PLANT,"formerly known as",high,,False
"species","Species","Cyathea","Cyathea",PLANT,"related to",high,,False
"light","Light","Nebulous stars","Nebulous stars",CONCEPT,"alternative name for celestial objects",high,3144,True
"light","Light","head","head",CONCEPT,"alternative name for concentrated part of comet",high,1508,True
"light","Light","nucleus","nucleus",CONCEPT,"alternative name for concentrated part of comet",high,929,True
"light","Light","Zodiacal Light","Zodiacal Light",CONCEPT,"known phenomenon visible from Earth",high,,False
"light","Light","aërolites","meteorites",SUBSTANCE,"objects that may be ignited by light phenomena",high,678;1783,True
"memory","Memory","syncope","syncope",DISEASE,"precedes lapse of memory in pathological cases",high,300,True
"Humboldt","Alexander von Humboldt","prenadilla","prenadilla",ANIMAL,"synonym",high,,False
"Humboldt","Alexander von Humboldt","Pimelodes cyclopum","Pimelodes cyclopum",ANIMAL,"synonym",high,,False
"Humboldt","Alexander von Humboldt","social","social",CONCEPT,"termed",high,1023,True
"Humboldt","Alexander von Humboldt","seat","seat",PLACE,"metaphorical name",low,,False
"Humboldt","Alexander von Humboldt","cradle of the human race","cradle of the human race",PLACE,"metaphorical name",high,,False
"Humboldt","Alexander von Humboldt","Wilhelm von Humboldt","Wilhelm von Humboldt",PERSON,"mentioned",high,2217;42,False
"temperature","Temperature","Heat","Heat",SUBSTANCE,"related to temperature",high,530;197,True
"brain","Brain","FROG'S NERVE-CENTRES","frog's nerve-centres",CONCEPT,"related to the brain",medium,,False
"brain","Brain","white fibrous substance","white fibrous substance",SUBSTANCE,"part of the brain",high,,False
"brain","Brain","inner capsule","inner capsule",CONCEPT,"part of the brain's structure",high,,False
"brain","Brain","crura","crura",CONCEPT,"part of the brain's structure",high,4157,True
"brain","Brain","pons","pons",CONCEPT,"part of the brain's structure",high,,False
"brain","Brain","anterior pyramids","anterior pyramids",CONCEPT,"part of the brain's structure",high,,False
"Liver","Liver","Galls","Galls",CONCEPT,"discoloured particles in Heron's skin; related to Liver",medium,,False
"Liver","Liver","Heron","Heron",ANIMAL,"animal with a Liver and Galls",high,2669,True
"Liver","Liver","gall of the fish","fish gall",SUBSTANCE,"used to cure eyes; compared to Liver",medium,,False
"Liver","Liver","Callyonimus","Callyonimus",ANIMAL,"fish whose gall is used for healing",high,,False
"Liver","Liver","Scorpius marinus","Scorpius marinus",ANIMAL,"fish whose gall is used for healing",high,,False
"sal","Salt","Coral","Coral",PLANT,"substance that may originate from Salt",high,2033;630;2830,True
"sal","Salt","silver","silver",SUBSTANCE,"material exhibiting ramification like Salt-derived Coral",medium,632;633;667,True
"sal","Salt","metallick bodies","metallic bodies",SUBSTANCE,"materials exhibiting ramification like Salt-derived Coral",medium,,False
"Motion","Motion","Magnetical Body","Magnetical Body",CONCEPT,"involved in union/motion",high,,False
"Motion","Motion","Gilbertus","Gilbertus",PERSON,"theorist of motion/coition",high,,False
"Motion","Motion","Coition","Coition",CONCEPT,"term for motion by Gilbertus",high,,False
"Motion","Motion","personal","personal",CONCEPT,"describing habits like vocalization and motion",medium,,False
"Motion","Motion","vocalization","vocalization",CONCEPT,"a personal habit related to motion",high,,False
"Motion","Motion","pronunciation","pronunciation",CONCEPT,"a personal habit related to motion",high,,False
"Motion","Motion","gesture","gesture",CONCEPT,"a personal habit related to motion",high,,False
"Motion","Motion","address","address",CONCEPT,"a personal habit related to motion",high,,False
"gregos","Greeks","Romans","Romans",PERSON,"contemporaries of the Greeks",high,120;3611,True
"Force","Force","fire-emitting mountains","volcanoes",PLACE,"synonym for volcanoes",high,602;299;2443,True
"Force","Force","suns","stars",PERSON,"synonym for double stars",high,2672;2209;196;750,True
"Force","Force","lines of force","magnetic field lines",CONCEPT,"a form of force",high,2456,True
"Force","Force","Matter","matter",CONCEPT,"composed of forces",high,249;2969,True
"Force","Force","Earth","Earth",PLACE,"source of heat",high,709;533;21,True
"equator","Equator","magnetic equator","magnetic equator",PLACE,"a specific line related to the equator",high,,False
"hand","Hand","hybrid offspring","hybrid offspring",CONCEPT,"compare to known entity",high,,False
"hand","Hand","mongrel offspring","mongrel offspring",CONCEPT,"compare to known entity",high,,False
"hand","Hand","volcano","volcano",PLACE,"related to concept of elevation from ocean depths",high,602;299,True
"gravity","Gravity","suns","suns",PLANT,"revolve around common center of gravity",high,196,True
"gravity","Gravity","Newtonian law","Newtonian law",CONCEPT,"revealed by revolving suns",high,1378,True
"gravity","Gravity","algæ","algae",PLANT,"has specific gravity",high,957,True
"gravity","Gravity","sargassa","sargassum",PLANT,"accumulation of algæ",high,,False
"gravity","Gravity","volcanoes","volcanoes",PLACE,"termed 'fire-emitting mountains'",high,602;299;2443,True
"gravity","Gravity","fire-emitting mountains","fire-emitting mountains",PLACE,"synonym for volcanoes",high,,False
"gravity","Gravity","chemical affinity","chemical affinity",CONCEPT,"related to acting force",high,727,True
"gravity","Gravity","atoms","atoms",SUBSTANCE,"units of aggregate",high,1411;84,True
"gravity","Gravity","falling stars","meteors",CONCEPT,"synonym",high,2314;1868;2133,True
"gravity","Gravity","meteors","meteors",CONCEPT,"synonym",high,1868;2133,True
"Poles","Magnetic pole","poles of the earth’s rotation","poles of Earth's rotation",PLACE,"contrast",high,,False
"eye","Eye","sanguis draconis","Draconis sanguis",SUBSTANCE,"equivalent",high,,False
"eye","Eye","gumme of a tree","tree gum",SUBSTANCE,"equivalent",high,,False
"eye","Eye","Crystalline humour","crystalline humour",SUBSTANCE,"analogue",medium,,False
"eye","Eye","Crystalline heaven","celestial crystal",CONCEPT,"analogue",medium,,False
"eye","Eye","Crystal","crystal",SUBSTANCE,"analogue",medium,696;1034,True
"eye","Eye","muscæ volitantes","muscae volitantes",CONCEPT,"synonym",high,,False
"eye","Eye","vitreous humor","vitreous humor",SUBSTANCE,"component",high,,False
"eye","Eye","retina","retina",SUBSTANCE,"part",high,739,True
"eye","Eye","blind spot","blind spot",CONCEPT,"equivalent",high,,False
"eye","Eye","urine in a castlings bladder","urine from a castrated animal's bladder",SUBSTANCE,"alternative",low,,False
"eye","Eye","Crabs eyes","crab eyes",SUBSTANCE,"alternative",high,,False
"eye","Eye","second distillation of Urine","distilled urine",SUBSTANCE,"alternative",high,,False
"eye","Eye","Chylifactory menstruum","chylifactory menstruum",SUBSTANCE,"alternative",low,,False
"eye","Eye","digestive preparation","digestive preparation",SUBSTANCE,"alternative",low,,False
"eye","Eye","Heron","heron",ANIMAL,"mentioned_in_context",low,2669,True
"eye","Eye","Galls","galls",SUBSTANCE,"synonym",medium,,False
"eye","Eye","eyes of Tobias","eyes of Tobias",CONCEPT,"mentioned_in_context",low,,False
"eye","Eye","gall of the fish","fish gall",SUBSTANCE,"therapeutic_agent",high,,False
"eye","Eye","Callyonimus","Callyonimus",ANIMAL,"mentioned_in_context",medium,,False
"eye","Eye","Scorpius marinus","Scorpius marinus",ANIMAL,"mentioned_in_context",medium,,False
"eye","Eye","blind spot","blind spot",CONCEPT,"a phenomenon related to vision in the open eye",high,,False
"attraction","Attraction","lines of force","lines of force",CONCEPT,"related to the attraction of iron and repulsion of bismuth",high,,False
"attraction","Attraction","electro-magnetic current","electro-magnetic current",CONCEPT,"producing attraction of iron and repulsion of bismuth",high,,False
"attraction","Attraction","diamagnetic substances","diamagnetic substances",SUBSTANCE,"capable of attraction/repulsion",high,,False
"attraction","Attraction","repulsion","repulsion",CONCEPT,"universally co-existent with attraction; resulting in laws of direction",high,984,True
"attraction","Attraction","fluid motion","fluid motion",CONCEPT,"a type of force where attraction is concerned",high,,False
"attraction","Attraction","electric","electric attraction",CONCEPT,"a type of attraction",high,2656;1408,True
"attraction","Attraction","magnetic attraction","magnetic attraction",CONCEPT,"a type of attraction",high,1408,True
"attraction","Attraction","chemical affinity","chemical affinity",CONCEPT,"a type of force related to attraction",high,727,True
"atoms","atom","elements","elements",SUBSTANCE,"have specific weights and sizes; implying ultimate atoms",high,794;2703,True
"atoms","atom","combining weights","combining weights",CONCEPT,"of respective elements; termed 'equivalents'",high,,False
"atoms","atom","equivalents","equivalents",CONCEPT,"termed for the combining weights of respective elements",high,,False
"atoms","atom","elements of consciousness","elements of consciousness",CONCEPT,"simple; combined to form mental atoms",high,,False
"atoms","atom","mental atoms","mental atoms",CONCEPT,"resultant effect of variations in combination of simple elements of consciousness",high,,False
"atoms","atom","molecules","molecules",CONCEPT,"synonym for mental atoms",high,364,True
"atoms","atom","simple ideas","simple ideas",CONCEPT,"what Locke called mental atoms or molecules",high,,False
"atoms","atom","sensations","sensations",CONCEPT,"only simple ideas according to some of Locke's successors",high,228,True
"heart","heart","Roots of the arterial vein","Roots of the arterial vein",SUBSTANCE,"a possible induration found in the heart of a deer",high,,False
"heart","heart","great artery","great artery",SUBSTANCE,"a possible induration found in the heart of a deer",high,2696,True
"heart","heart","Deer","Deer",ANIMAL,"an old deer; in whose heart an induration is thought to be found",high,802,True
"Variation","Variation","pigeon","pigeon",ANIMAL,"different races of the pigeon exhibit analogous variations",high,704;1331,True
"Variation","Variation","roots","roots",PLANT,"commonly called enlarged stems in the vegetable kingdom",high,536;2921,True
"Fish","Fish","prenadilla","Pimelodes cyclopum",ANIMAL,"a type of cyclopic fish",high,,False
"Fish","Fish","Pimelodes cyclopum","Pimelodes cyclopum",ANIMAL,"the scientific name for prenadilla",high,,False
"Meridian","Meridian","mean solar time","mean solar time",CONCEPT,"a type of time reckoned by clocks and watches",high,,False
"Meridian","Meridian","true or apparent time","true or apparent time",CONCEPT,"a type of time reckoned by the arrival of the real sun at the meridian",high,,False
"Meridian","Meridian","equation of time","equation of time",CONCEPT,"the difference between clock time and dial time",high,,False
"experience","Experience","post-hypnotic suggestion","post-hypnotic suggestion",CONCEPT,"a phenomenon related to hypnotic suggestion",high,,False
"experience","Experience","hallucination","hallucination",CONCEPT,"an experience that can be commanded during a trance",high,998,True
"experience","Experience","Reality","Reality",CONCEPT,"an outlying term that coalesces with the connected Manifold",high,832,True
"experience","Experience","Manifold","Manifold",CONCEPT,"a connected term that coalesces with Reality",high,,False
"experience","Experience","Psychologist","Psychologist",PERSON,"a term that coalesces with the Ego",high,,False
"experience","Experience","Ego","Ego",CONCEPT,"a term that coalesces with the Psychologist",high,1587,True
"experience","Experience","Manifold","Manifold",CONCEPT,"a connected term",high,,False
"experience","Experience","Psychologist","Psychologist",PERSON,"a term related to the Ego",high,,False
"experience","Experience","Ego","Ego",CONCEPT,"a term related to the Psychologist",high,1587,True
"experience","Experience","Thought","Thought",CONCEPT,"a finite concept that is virtually and potentially an eternal 'timeless' Experience",high,534,True
"experience","Experience","Nominalism","Nominalism",CONCEPT,"an opinion about framing conceptions of partial elements of an experience",high,,False
"experience","Experience","mediæval Nominalism","medieval Nominalism",CONCEPT,"a specific type of Nominalism",high,,False
"experience","Experience","Berkeley","Berkeley",PERSON,"a philosopher who held views related to Nominalism",high,2107,True
"experience","Experience","Physiologie des Menschen","Physiologie des Menschen",CONCEPT,"a work cited in a footnote",high,1000,True
"experience","Experience","seat","seat",CONCEPT,"an ancient location investigated in geographical studies",low,,False
"experience","Experience","cradle","cradle",CONCEPT,"a location investigated in geographical studies",low,,False
"experience","Experience","dynamics","dynamics",CONCEPT,"a field of study to which light is subject",high,,False
"experience","Experience","mathematical analysis","mathematical analysis",CONCEPT,"a field of study to which light is subject",high,,False
"experience","Experience","repulsion","repulsion",CONCEPT,"a phenomenon where motion is gained and lost between bodies",high,984,True
"experience","Experience","projectile","projectile",CONCEPT,"a body that is thrown or fired from a gun",high,,False
"snow","Snow","Chionaea nivalis","Chionaea nivalis",PLANT,"a species that exists in polar snow",high,,False
"snow","Snow","Protococcus","Protococcus",PLANT,"formerly known as Chionaea nivalis",high,,False
"snow","Snow","Chionaea nivalis","Chionaea nivalis",PLANT,"a species that exists in polar snow",high,,False
"snow","Snow","Protococcus","Protococcus",PLANT,"formerly known as Chionaea nivalis",high,,False
"snow","Snow","Aristotle","Aristotle",PERSON,"known to have observed redness in snow",high,902;62,True
"snow","Snow","Macedonia","Macedonia",PLACE,"mountains where Aristotle likely observed redness in snow",high,1284,True
"air","Air","Montpellier","Montpellier",PLACE,"a city known for its mild climate",high,1089,True
"air","Air","Agave Mexicana","Agave americana",PLANT,"seen to blossom in the open air",high,,False
"air","Air","Penzance","Penzance",PLACE,"a location with mild climate conditions",high,,False
"air","Air","Gosport","Gosport",PLACE,"a location with mild climate conditions",high,,False
"air","Air","Bitumen","Bitumen",SUBSTANCE,"believed to purify the air",high,160,True
"air","Air","Pitch","Pitch",SUBSTANCE,"believed to purify the air",high,2904;2141;975,True
"air","Air","Brimstone","Brimstone",SUBSTANCE,"believed to purify the air",high,313,True
"air","Air","Hipericon","Hypericum",PLANT,"believed to make good the name of 'fuga Daemonis'",high,,False
"air","Air","fuga Dæmonis","fuga daemonis",CONCEPT,"a name associated with Hypericum",high,,False
"physics","Physics","psycho-physics","psychophysics",CONCEPT,"known as the laws of correlation between sensations and outward stimuli",high,,False
"Philosophy","Philosophy","Loadstone","Lodestone",SUBSTANCE,"draws iron",high,593,True
"Philosophy","Philosophy","Iron","Iron",SUBSTANCE,"drawn by the loadstone",high,592;251,True
"Philosophy","Philosophy","Renatus des Cartes","René Descartes",PERSON,"author of 'Principles of Philosophy'",high,875,True
"Philosophy","Philosophy","Principles of Philosophy","Principles of Philosophy",CONCEPT,"a work by René Descartes",high,,False
"Philosophy","Philosophy","Hausen","Hausen",PERSON,"author mentioned",high,,False
"Philosophy","Philosophy","Hedenstrom","Hedenstrom",PERSON,"author mentioned",high,,False
"Philosophy","Philosophy","Hegel","Hegel",PERSON,"author mentioned",high,2302,True
"Philosophy","Philosophy","Heine","Heine",PERSON,"author mentioned",high,,False
"Philosophy","Philosophy","Hemmer","Hemmer",PERSON,"author mentioned",high,3477,True
"Philosophy","Philosophy","Hencke","Hencke",PERSON,"astronomer",high,3131,True
"Philosophy","Philosophy","Kant","Kant",PERSON,"philosopher",high,643,True
"observation","Observations","Psychology","Psychology",CONCEPT,"field of study",high,552,True
"observation","Observations","Goethe","Goethe",PERSON,"individual with talent for observation",high,1020,True
"observation","Observations","Purkinje","Purkinje",PERSON,"individual with talent for observation",high,,False
"observation","Observations","planets","planets",CONCEPT,"celestial bodies",high,2065,True
"observation","Observations","Saturn","Saturn",PLANT,"planet",high,1560;3276,True
"observation","Observations","Jupiter","Jupiter",PLANT,"planet",high,553,True
"observation","Observations","La Place","Laplace",PERSON,"scientist",high,243,True
"observation","Observations","Greeks","Greeks",PERSON,"classical nation",high,57;2636,True
"observation","Observations","Romans","Romans",PERSON,"classical nation",high,120;3611,True
"Cuvier","Georges Cuvier","crocodile of Maestricht","Mosasaurus",ANIMAL,"so-called animal",high,,False
"Cuvier","Georges Cuvier","Mososaurus","Mosasaurus",ANIMAL,"alternative name for crocodile of Maestricht",high,,False
"Cuvier","Georges Cuvier","Iguandon","Iguanodon",ANIMAL,"colossal; probably graminivorous animal",high,,False
"Cuvier","Georges Cuvier","homo diluvii testis","Scheuchzer's salamander",ANIMAL,"Scheuchzer's 'antediluvian man'",high,,False
"Romans","Romans","Greeks","Greeks",PERSON,"classical nation",high,57;2636,True
"Romans","Romans","Romans","Romans",PERSON,"classical nation",high,120;3611,False
"fuego","Fire","Encke","Encke's Comet",CONCEPT,"inner comet",high,659;899,True
"fuego","Fire","Biela","Biela's Comet",CONCEPT,"inner comet",high,2130,True
"fuego","Fire","Faye","Faye's Comet",CONCEPT,"inner comet",high,,False
"fuego","Fire","meteoric stones","Meteorites",SUBSTANCE,"revolving aerolite",high,678;1783,True
"fuego","Fire","fire-balls","Fireball",CONCEPT,"revolving aerolite",high,,False
"fuego","Fire","falling stars","Meteor",CONCEPT,"revolving aerolite",high,2314;2133,True
"fuego","Fire","ignis","fire",SUBSTANCE,"synonym",high,124;542,False
"stone","Stone","Diamond","diamond",SUBSTANCE,"a harder substance potentially breakable by the described medicine",high,239,True
"stone","Stone","Canton’s phosphorus","calcium sulfide",SUBSTANCE,"a substance with phosphorescent properties",high,,False
"stone","Stone","Bologna stone","barium sulfide",SUBSTANCE,"a substance with phosphorescent properties",high,,False
"minerals","Minerals","Canton’s phosphorus","calcium sulfide",SUBSTANCE,"a substance with phosphorescent properties",high,,False
"minerals","Minerals","Bologna stone","barium sulfide",SUBSTANCE,"a substance with phosphorescent properties",high,,False
"organs","Organs","brain-physiology","brain physiology",CONCEPT,"related field of study",high,,False
"organs","Organs","physiology","physiology",CONCEPT,"related field of study",high,1000,True
"organs","Organs","sense-organs","sense organs",SUBSTANCE,"part of",high,1980,True
"organs","Organs","psycho-physics","psychophysics",CONCEPT,"technical term for",high,,False
"organs","Organs","sensations","sensations",CONCEPT,"correlated with stimuli",high,228,True
"organs","Organs","stimuli","stimuli",SUBSTANCE,"causes sensations",high,1594,True
"organs","Organs","organs of sense","sense organs",SUBSTANCE,"receive impressions",high,1980,True
"organs","Organs","consciousness","consciousness",CONCEPT,"modes of",high,204,True
"organs","Organs","pressure","pressure",CONCEPT,"mode of consciousness",high,295,True
"organs","Organs","motion","motion",CONCEPT,"mode of consciousness",high,56;1375,True
"organs","Organs","sound","sound",CONCEPT,"mode of consciousness",high,258,True
"organs","Organs","light","light",CONCEPT,"mode of consciousness",high,34;3819,True
"organs","Organs","heat","heat",CONCEPT,"mode of consciousness",high,530;197,True
"cabellos","hair","Spitzfindigkeit","Spitzfindigkeit",CONCEPT,"type of hair-splitting",high,,False
"relation","Relationship","feeling","feeling",CONCEPT,"occupies consciousness",high,245,True
"relation","Relationship","consciousness","consciousness",CONCEPT,"implied by act",high,204,True
"relation","Relationship","likeness","likeness",CONCEPT,"implied by act of consciousness",high,2060,True
"relation","Relationship","idea","idea",CONCEPT,"mental state",high,226,True
"relation","Relationship","knowledge","knowledge",CONCEPT,"constituted by mental state",high,1743,True
"relation","Relationship","mental state","mental state",CONCEPT,"constitutes knowledge",high,2058,True
"relation","Relationship","motions","motions",CONCEPT,"excited by b",high,1375,True
"relation","Relationship","Absolute","Absolute",CONCEPT,"contrasted with relative",high,,False
"relation","Relationship","contradictories","contradictories",CONCEPT,"known in relation",high,1121,True
"relation","Relationship","Equality","Equality",CONCEPT,"unthinkable apart from Inequality",high,4249,True
"relation","Relationship","Inequality","Inequality",CONCEPT,"correlative to Equality",high,4250;4519,True
"relation","Relationship","Relative","Relative",CONCEPT,"conceived in relation",high,,False
"Speech","Speech","Kant's","Kant",PERSON,"mentioned in relation to concepts of speech",high,643,True
"Speech","Speech","Categorical unity","Categorical unity",CONCEPT,"example of Kantian speech",high,,False
"Speech","Speech","transcendental synthesis","transcendental synthesis",CONCEPT,"example of Kantian speech",high,,False
"quality","Quality","peppermint taste","peppermint taste",CONCEPT,"an objective fact perceived to contain other qualities",high,,False
"quality","Quality","sapid quality","sapid quality",CONCEPT,"an objective fact perceived",high,,False
"quality","Quality","coldness","coldness",CONCEPT,"an objective fact perceived",high,664;4473;1563,True
"bitume","Bitumen","pyrites","pyrite",SUBSTANCE,"mentioned as part of chemical science discussion",high,1090,True
"bitume","Bitumen","sulphur","sulfur",SUBSTANCE,"mentioned as part of chemical science discussion",high,313;1820,True
"bitume","Bitumen","iron","iron",SUBSTANCE,"mentioned as part of chemical science discussion",high,592;251,True
"bitume","Bitumen","alkalies","alkali metals",SUBSTANCE,"mentioned as part of chemical science discussion",high,863,True
"bitume","Bitumen","earths","alkaline earth metals",SUBSTANCE,"mentioned as part of chemical science discussion",high,21;1183,True
"world","World","mammalia","Mammalia",ANIMAL,"mentioned in context of fossils",high,266,True
"family","Taxonomic rank (biology)","species","Species",CONCEPT,"used for comparison in taxonomic classification",high,32;3284,True
"family","Taxonomic rank (biology)","genus","Genus",CONCEPT,"used for comparison in taxonomic classification",high,611;263,True
"North","North","zodiacal light","zodiacal light",CONCEPT,"phenomenon observed in the northern zone",high,,False
"phosphorus","Phosphorus","Canton’s phosphorus","calcium sulfide",SUBSTANCE,"synonym for sulphuret of calcium",high,,False
"phosphorus","Phosphorus","Bologna stone","barium sulfide",SUBSTANCE,"synonym for sulphuret of barium",high,,False
"age","Age","childhood","childhood",CONCEPT,"a stage of life",high,3082,True
"age","Age","youth","youth",CONCEPT,"a stage of life",high,2469,True
"age","Age","mature age","mature age",CONCEPT,"a stage of life",high,,False
"age","Age","old age","old age",CONCEPT,"a stage of life",high,492,True
"sciences","Sciences","mineralogy","mineralogy",CONCEPT,"a related science",high,3625,True
"sciences","Sciences","Natural Sciences","Natural Sciences",CONCEPT,"a broader field",high,990,True
"sciences","Sciences","optics","optics",CONCEPT,"a related scientific field",high,3551,True
"sciences","Sciences","physical sciences","physical sciences",CONCEPT,"a broader field",high,834,True
"history","History","botany","botany",CONCEPT,"a related field",high,1098,True
"history","History","descriptive zoology","descriptive zoology",CONCEPT,"a related field",high,,False
"history","History","geology","geology",CONCEPT,"a related field",high,278,True
"history","History","mineralogy","mineralogy",CONCEPT,"a related field",high,3625,True
"history","History","Natural Sciences","Natural Sciences",CONCEPT,"a broader field",high,990,True
"history","History","Cosmos","Cosmos",CONCEPT,"the subject of study",high,941,True
"history","History","natural history of the heavens","natural history of the heavens",CONCEPT,"a specific branch of study",high,,False
"history","History","Natural History","Natural History",CONCEPT,"an alternative title for the subject",high,1755,True
"history","History","History of Nature","History of Nature",CONCEPT,"an alternative title for the subject",high,1755,True
"history","History","Natural History","Natural History",CONCEPT,"an alternative title for the subject",high,1755,True
"history","History","History of Nature","History of Nature",CONCEPT,"an alternative title for the subject",high,1755,True
"sun","Sun","Liverwort","Liverwort",PLANT,"a type of",high,2888;3864,True
"sun","Sun","Hepatica","Hepatica",PLANT,"synonym for Liverwort",high,,False
"sun","Sun","Lithospermon","Lithospermon",PLANT,"synonym for Milium Solis",high,,False
"sun","Sun","Grummel","Grummel",PLANT,"synonym for Milium Solis",high,,False
"sun","Sun","Milium Soler","Milium Soler",PLANT,"synonym for Milium Solis",high,,False
"Plinio","Pliny the Elder","Natural History","Natural History",CONCEPT,"title given to Pliny the Elder's work",high,1755,True
"Plinio","Pliny the Elder","History of Nature","History of Nature",CONCEPT,"alternative title for Pliny the Elder's work",high,1755,True
"Plinio","Pliny the Elder","jaspachat","jaspachat",SUBSTANCE,"a substance known to ancients; related to jasper",medium,,False
"Plinio","Pliny the Elder","jasponyx","jasponyx",SUBSTANCE,"an ancient term for a substance now known as opal-jasper",high,,False
"Plinio","Pliny the Elder","opal-jasper","opal-jasper",SUBSTANCE,"modern name for jasponyx",high,,False
"Plinio","Pliny the Elder","jasper","jasper",SUBSTANCE,"a type of stone mentioned by Pliny",high,379,True
"consciousness","consciousness","conception","conception",CONCEPT,"a state that may be confused with consciousness",high,282;3532,True
"consciousness","consciousness","conception","conception",CONCEPT,"a state that may be confused with consciousness",high,282;3532,True
"consciousness","consciousness","Earth","Earth",PLACE,"an object whose form is known through indirect methods",high,709;533;21,True
"consciousness","consciousness","cognition of self","cognition of self",CONCEPT,"a cognitive state",high,3530,True
"consciousness","consciousness","Mr Mansel","Mansel",PERSON,"a person who insists on the antithesis of subject and object",high,1900,True
"consciousness","consciousness","Sir William Hamilton","William Hamilton",PERSON,"a person who insists on the antithesis of subject and object",high,1889;1037,True
"consciousness","consciousness","cognitions","cognitions",CONCEPT,"mental states that emerge from confusion",high,656,True
"consciousness","consciousness","sensations","sensations",CONCEPT,"basic elements that form cognitions",high,228,True
"consciousness","consciousness","idea of b","idea of b",CONCEPT,"a mental representation that follows a sensation",high,,False
"consciousness","consciousness","Logic","Logic",CONCEPT,"a field that formulates laws of definite consciousness",high,991,True
"consciousness","consciousness","thoughts","thoughts",CONCEPT,"mental states; some of which are complete",high,534,True
"Andes","Andes","dolerite","dolerite",SUBSTANCE,"rock type found in the Andes",high,,False
"Andes","Andes","melaphyre","melaphyre",SUBSTANCE,"rock type found in the Andes",high,,False
"Andes","Andes","trachyte","trachyte",SUBSTANCE,"rock type found in the Andes",high,1626,True
"Andes","Andes","andesite","andesite",SUBSTANCE,"rock type found in the Andes",high,,False
"Andes","Andes","dioritic porphyry","dioritic porphyry",SUBSTANCE,"rock type found in the Andes",high,,False
"Quito","Quito","prenadilla","prenadilla",ANIMAL,"term used by inhabitants of Quito for a type of fish",high,,False
"Quito","Quito","Pimelodes cyclopum","Pimelodes cyclopum",ANIMAL,"scientific name for the fish termed 'prenadilla' by the inhabitants of Quito",high,,False
"Seed","Seed","Reed","Arundo donax",PLANT,"identified as the plant described by Garcias and affirmed by Lobelius",high,,False
"Seed","Seed","India","India",PLACE,"location where the Reed is common",high,17;2500;231,True
"Seed","Seed","Harts-tongue","Asplenium scolopendrium",PLANT,"mentioned alongside Fern and Lunaria; likely as a plant",high,,False
"Seed","Seed","Fern","Fern",PLANT,"mentioned alongside Harts-tongue and Lunaria; likely as a plant",high,994,True
"Seed","Seed","Caterpillaries","Caterpillaries",PLANT,"mentioned alongside Harts-tongue and Lunaria; likely as a plant",low,,False
"Seed","Seed","Lunaria","Lunaria",PLANT,"mentioned alongside Harts-tongue and Fern; likely as a plant",high,,False
"Body","Body","hippocampal convolution","hippocampal convolution",CONCEPT,"part of",high,,False
"Body","Body","corpus callosum","corpus callosum",CONCEPT,"part of",high,,False
"Body","Body","gyrus fornicatus","gyrus fornicatus",CONCEPT,"synonym for",high,,False
"Body","Body","invertebrate","invertebrate",CONCEPT,"type of",high,1434,True
"Body","Body","animal","animal",CONCEPT,"characteristic of",high,1810;19,True
"Body","Body","vegetal","vegetal",CONCEPT,"characteristic of",high,16,True
"Body","Body","material object","material object",CONCEPT,"synonym for",high,,False
"Science","Science","Psychology","Psychology",CONCEPT,"branch of",high,552,True
"Science","Science","natural history of the heavens","natural history of the heavens",CONCEPT,"alternative name for",high,,False
"Science","Science","Cosmos","Cosmos",CONCEPT,"field of study",high,941,True
"Science","Science","Gravity","Gravity",CONCEPT,"type of force",high,77,True
"Science","Science","Universal Power","Universal Power",CONCEPT,"source of",high,,False
"Science","Science","Magnetism","Magnetism",CONCEPT,"related to",high,241,True
"Science","Science","Ethereal Medium","Ethereal Medium",SUBSTANCE,"medium for",high,4521,True
"time","Time","simple reaction-time","simple reaction-time",CONCEPT,"type of time-measurement",high,,False
"time","Time","Space","Space",CONCEPT,"alongside Time",high,240,True
"ideas","Ideas","mental atoms or molecules","mental atoms or molecules",CONCEPT,"synonymous with simple ideas",high,,False
"ideas","Ideas","Locke","John Locke",PERSON,"coined 'simple ideas'",high,242,True
"ideas","Ideas","simple ideas","simple ideas",CONCEPT,"termed mental atoms or molecules",high,,False
"ideas","Ideas","sensations","sensations",CONCEPT,"considered by some successors of Locke to be the only simple ideas",high,228,True
"ideas","Ideas","mental atoms or molecules","mental atoms or molecules",CONCEPT,"synonymous with simple ideas",high,,False
"ideas","Ideas","Locke","John Locke",PERSON,"coined 'simple ideas'",high,242,True
"ideas","Ideas","simple ideas","simple ideas",CONCEPT,"termed mental atoms or molecules",high,,False
"ideas","Ideas","sensations","sensations",CONCEPT,"considered by some successors of Locke to be the only simple ideas",high,228,True
"ideas","Ideas","Locke","John Locke",PERSON,"philosopher who discussed simple ideas",high,242,True
"ideas","Ideas","simple ideas","simple ideas",CONCEPT,"type of idea discussed by Locke",high,,False
"ideas","Ideas","sensations","sensations",CONCEPT,"type of simple idea",high,228,True
"ideas","Ideas","ideas","ideas",CONCEPT,"associated with emotions",high,226,False
"ideas","Ideas","feelings","feelings",CONCEPT,"associated with emotions",high,618,True
"ideas","Ideas","law of association","law of association",CONCEPT,"a law governing ideas",high,,False
"ideas","Ideas","sensorial excitement","sensorial excitement",CONCEPT,"arouses an idea",high,3103,True
"ideas","Ideas","movement","movement",CONCEPT,"produced by an idea",high,1872;2004,True
"ideas","Ideas","Columbus","Columbus",PERSON,"object of thought",high,327,True
"ideas","Ideas","Kant","Immanuel Kant",PERSON,"philosopher whose philosophy is discussed",high,643,True
"ideas","Ideas","Space","Space",CONCEPT,"subjective condition",high,240,True
"ideas","Ideas","Time","Time",CONCEPT,"subjective condition",high,223,True
"ideas","Ideas","pseud-idea","pseud-idea",CONCEPT,"what a philosophically unintelligible concept becomes",high,,False
"ideas","Ideas","Space","Space",CONCEPT,"subjective condition",high,240,True
"ideas","Ideas","Time","Time",CONCEPT,"subjective condition",high,223,True
"ideas","Ideas","pseud-idea","pseud-idea",CONCEPT,"what a philosophically unintelligible concept becomes",high,,False
"ideas","Ideas","knowledge","knowledge",CONCEPT,"constituted by a mental state that is an idea",high,1743,True
"ideas","Ideas","mental state","mental state",CONCEPT,"becomes an idea",high,2058,True
"ideas","Ideas","consciousness","consciousness",CONCEPT,"where 'a' is produced",high,204,True
"ideas","Ideas","idea of b","idea of b",CONCEPT,"follows 'a'",high,,False
"sensations","Sensation","sounds","sounds",CONCEPT,"type of sensation",high,,False
"sensations","Sensation","tastes","tastes",CONCEPT,"type of sensation",high,858,True
"sensations","Sensation","odors","odors",CONCEPT,"type of sensation",high,452,True
"sensations","Sensation","colors","colors",CONCEPT,"type of sensation",high,407,True
"sensations","Sensation","tastes","tastes",CONCEPT,"type of sensation",high,858,True
"sensations","Sensation","odors","odors",CONCEPT,"type of sensation",high,452,True
"sensations","Sensation","colors","colors",CONCEPT,"type of sensation",high,407,True
"sensations","Sensation","colors","colors",CONCEPT,"type of sensation",high,407,True
"sensations","Sensation","psycho-physics","psycho-physics",CONCEPT,"related field of study",high,,False
"sensations","Sensation","disaggregated sensations","disaggregated sensations",CONCEPT,"a state of sensations",high,,False
"sensations","Sensation","simple ideas","simple ideas",CONCEPT,"synonym for mental atoms/molecules",high,,False
"sensations","Sensation","muscular tension","muscular tension",CONCEPT,"type of sensation",high,2431,True
"Asie","Asia","Northern Asia","Northern Asia",PLACE,"part of",high,1687,True
"Asie","Asia","New Siberia","New Siberia",PLACE,"related to",high,2605,True
"Space","space","space-perception","space perception",CONCEPT,"related to",high,,False
"Space","space","Time and Space","Time and Space",CONCEPT,"related to",high,2573,True
"magnetism","magnetism","Dr. Faraday","Michael Faraday",PERSON,"discoverer of profound researches and admirable discoveries related to magnetism",high,248,True
"magnetism","magnetism","electricity","electricity",CONCEPT,"plays a role in how the magnetism of matter is known",high,1500,True
"magnetism","magnetism","Magnetical Bodies","magnetical bodies",CONCEPT,"topic of a tract",high,,False
"magnetism","magnetism","Magnetical attraction","magnetical attraction",CONCEPT,"defined in the tract",high,,False
"magnetism","magnetism","Magnetical Body","magnetical body",CONCEPT,"involved in attraction",high,,False
"magnetism","magnetism","_Gilbertus_","William Gilbert",PERSON,"author of doctrine",high,2265,True
"magnetism","magnetism","Coition","coition",CONCEPT,"term used by Gilbertus for motion",high,,False
"magnetism","magnetism","magnetic equator","magnetic equator",PLACE,"line where inclination is null",high,,False
"magnetism","magnetism","Gauss","Carl Friedrich Gauss",PERSON,"cited for theory",high,1176,True
"magnetism","magnetism","'Allg. Theorie des Erdmagnet.'","Allgemeine Theorie des Erdmagnetismus",CONCEPT,"work by Gauss",high,,False
"magnetism","magnetism","magnetic poles","magnetic poles",PLACE,"known points in each hemisphere",high,1742,True
"magnetism","magnetism","poles of the earth’s rotation","poles of the earth's rotation",PLACE,"contrasted with magnetic poles",high,,False
"magnetism","magnetism","mariner’s compass","mariner's compass",CONCEPT,"caused by mean action of poles",high,3157,True
"magnetism","magnetism","magnetic needle","magnetic needle",CONCEPT,"involved in mariner's compass",high,740,True
"magnetism","magnetism","electric attraction","electric attraction",CONCEPT,"example of a simple force",high,1408,True
"magnetism","magnetism","magnetic attraction","magnetic attraction",CONCEPT,"example of a simple force",high,1408,True
"magnetism","magnetism","chemical affinity","chemical affinity",CONCEPT,"example of a simple force",high,727,True
"Locke","John Locke","simple ideas","simple ideas",CONCEPT,"what Locke called mental atoms or molecules",high,,False
"Locke","John Locke","sensations","sensations",CONCEPT,"considered simple ideas by some successors",high,228,True
"feeling","Feeling","sonant","sonant",CONCEPT,"contrast to",high,,False
"Faraday","Michael Faraday","Mozart","Wolfgang Amadeus Mozart",PERSON,"example of departed spirit",high,2990,True
"Iron","iron","bitumen","bitumen",SUBSTANCE,"alternative cause of volcanic phenomena",high,160,True
"Iron","iron","pyrites","pyrite",SUBSTANCE,"alternative cause of volcanic phenomena",high,1090,True
"Iron","iron","sulphur","sulfur",SUBSTANCE,"component of volcanic phenomena",high,313;1820,True
"Iron","iron","alkalies","alkali",SUBSTANCE,"metals causing volcanic phenomena",high,863,True
"Iron","iron","earths","earth",SUBSTANCE,"metals causing volcanic phenomena",high,709;533;21;1183,True
"Iron","iron","ironstone","ironstone",SUBSTANCE,"source of iron",high,,False
"Iron","iron","magnes","magnet",SUBSTANCE,"attracts ferrum",high,593;628;822,True
"Iron","iron","Renatus des Cartes","René Descartes",PERSON,"cited authority on magnetism and iron",high,875,True
"Iron","iron","Cabeus","Niccolò Cabeo",PERSON,"cited authority on magnetism and iron",high,,False
"Méditerranée","Mediterranean Sea","Germanic fauna and flora","Germanic fauna and flora",CONCEPT,"appearing in interspace between Mediterranean and Arctic",high,,False
"Méditerranée","Mediterranean Sea","Celtic","Celtic fauna",CONCEPT,"termed fauna in the sea",high,,False
"sound","Sound","morbid state","morbid state",DISEASE,"substituting itself for the sound one",high,,False
"sound","Sound","functional diseases","functional diseases",DISEASE,"examples of how morbid states can persist",high,,False
"Calcaire","Limestone","silurian","Silurian",CONCEPT,"geological formation",high,1756,True
"Calcaire","Limestone","devonian","Devonian",CONCEPT,"geological formation",high,,False
"Calcaire","Limestone","rocks of transition","rocks of transition",CONCEPT,"former name for silurian and devonian formations",high,,False
"Calcaire","Limestone","lower trias","lower trias",CONCEPT,"geological formation",high,,False
"Calcaire","Limestone","mountain limestone","mountain limestone",SUBSTANCE,"part of lower trias",high,,False
"Calcaire","Limestone","coal measures","coal measures",CONCEPT,"part of lower trias",high,,False
"Calcaire","Limestone","todilegende","Todtliegende",SUBSTANCE,"part of lower trias",high,,False
"Calcaire","Limestone","zechstein","Zechstein",SUBSTANCE,"part of lower trias",high,2046,True
"Calcaire","Limestone","upper trias","upper trias",CONCEPT,"geological formation",high,,False
"Calcaire","Limestone","butter sandstone","butter sandstone",SUBSTANCE,"part of upper trias",high,,False
"Calcaire","Limestone","muschelkalk","Muschelkalk",SUBSTANCE,"part of upper trias",high,1936,True
"Calcaire","Limestone","keuper","Keuper",SUBSTANCE,"part of upper trias",high,2415,True
"Calcaire","Limestone","Jura limestone","Jura limestone",SUBSTANCE,"geological formation",high,1987,True
"Calcaire","Limestone","lias","Lias",CONCEPT,"part of Jura limestone",high,,False
"Calcaire","Limestone","oolite","Oolite",SUBSTANCE,"part of Jura limestone",high,,False
"Calcaire","Limestone","muschelkalk","Muschelkalk",SUBSTANCE,"part of upper trias",high,1936,True
"Calcaire","Limestone","keuper","Keuper",SUBSTANCE,"part of upper trias",high,2415,True
"Calcaire","Limestone","Jura limestone","Jura limestone",SUBSTANCE,"geological formation",high,1987,True
"Calcaire","Limestone","lias","Lias",CONCEPT,"part of Jura limestone",high,,False
"Calcaire","Limestone","oolite","Oolite",SUBSTANCE,"part of Jura limestone",high,,False
"Calcaire","Limestone","freestone","freestone",SUBSTANCE,"flotz strata",high,,False
"Calcaire","Limestone","lower chalk","lower chalk",SUBSTANCE,"flotz strata",high,,False
"Calcaire","Limestone","upper chalk","upper chalk",SUBSTANCE,"flotz strata",high,,False
"Calcaire","Limestone","flotz strata","flotz strata",CONCEPT,"geological strata designation",high,,False
"Calcaire","Limestone","mountain limestone","mountain limestone",SUBSTANCE,"beginning of flotz strata",high,,False
"Calcaire","Limestone","tertiary formations","tertiary formations",CONCEPT,"geological formations",high,1928,True
"Calcaire","Limestone","granular limestone","granular limestone",SUBSTANCE,"designation for tertiary formations",high,,False
"Calcaire","Limestone","lignite","lignite",SUBSTANCE,"designation for tertiary formations",high,1760,True
"Calcaire","Limestone","south Apennine gravel","south Apennine gravel",SUBSTANCE,"designation for tertiary formations",high,,False
"Calcaire","Limestone","chalk","chalk",SUBSTANCE,"flotz strata",high,829,True
"Calcaire","Limestone","flotz strata","flotz strata",CONCEPT,"geological strata designation",high,,False
"Calcaire","Limestone","mountain limestone","mountain limestone",SUBSTANCE,"beginning of flotz strata",high,,False
"Calcaire","Limestone","tertiary formations","tertiary formations",CONCEPT,"geological formations",high,1928,True
"Calcaire","Limestone","granular limestone","granular limestone",SUBSTANCE,"designation for tertiary formations",high,,False
"Calcaire","Limestone","lignite","lignite",SUBSTANCE,"designation for tertiary formations",high,1760,True
"Calcaire","Limestone","south Apennine gravel","south Apennine gravel",SUBSTANCE,"designation for tertiary formations",high,,False
"Calcaire","Limestone","cambrian","Cambrian",CONCEPT,"strata designation",high,,False
"Calcaire","Limestone","old red sandstone","old red sandstone",SUBSTANCE,"upper strata",high,,False
"Calcaire","Limestone","devonian formation","Devonian formation",CONCEPT,"immediately in contact with mountain limestone",high,,False
"Calcaire","Limestone","Carboniferous deposits","Carboniferous deposits",CONCEPT,"formation type",high,,False
"Calcaire","Limestone","Limestones","Limestones",SUBSTANCE,"imbedded in transition and carboniferous formations",high,,False
"Calcaire","Limestone","transition","transition formations",CONCEPT,"formation type",high,4272;4154;2774;3384,True
"Calcaire","Limestone","zechstein","Zechstein",SUBSTANCE,"part of formations",high,2046,True
"Calcaire","Limestone","muschelkalk","Muschelkalk",SUBSTANCE,"part of formations",high,1936,True
"Calcaire","Limestone","Jura formation","Jura formation",CONCEPT,"formation type",high,,False
"Calcaire","Limestone","chalk","chalk",SUBSTANCE,"part of formations",high,829,True
"Calcaire","Limestone","schists of Nuffenen","schists of Nuffenen",SUBSTANCE,"found in Alpine valley",high,,False
"Calcaire","Limestone","Gries-glaciers","Gries-glaciers",PLACE,"location of schists",high,,False
"Calcaire","Limestone","belemnites","belemnites",ANIMAL,"found in primitive limestone",high,,False
"Calcaire","Limestone","primitive limestone","primitive limestone",SUBSTANCE,"containing belemnites",high,,False
"Calcaire","Limestone","Col de la Seigne","Col de la Seigne",PLACE,"western descent location",high,,False
"Calcaire","Limestone","Enclove de Monjovet","Enclove de Monjovet",PLACE,"nearby location",high,,False
"Calcaire","Limestone","chalet","chalet",PLACE,"nearby location",low,,False
"Calcaire","Limestone","La Lanchette","La Lanchette",PLACE,"nearby location",high,,False
"Calcaire","Limestone","Bex","Bex",PLACE,"location where belemnites were shown",high,,False
"Calcaire","Limestone","graywacke","graywacke",SUBSTANCE,"lower part of silurian and devonian systems",high,1935,True
"Calcaire","Limestone","silurian","Silurian",CONCEPT,"geological system",high,1756,True
"Calcaire","Limestone","devonian systems","Devonian systems",CONCEPT,"geological system",high,,False
"Calcaire","Limestone","old red sandstone","old red sandstone",SUBSTANCE,"former designation for devonian systems",high,,False
"Calcaire","Limestone","lower trias","lower trias",CONCEPT,"geological formation",high,,False
"Calcaire","Limestone","mountain limestone","mountain limestone",SUBSTANCE,"part of lower trias",high,,False
"Calcaire","Limestone","coal-measures","coal-measures",CONCEPT,"part of lower trias",high,,False
"Calcaire","Limestone","lower new red sandstone","lower new red sandstone",SUBSTANCE,"part of lower trias",high,,False
"Calcaire","Limestone","Todtliegende","Todtliegende",SUBSTANCE,"part of lower trias",high,,False
"Calcaire","Limestone","Zechstein","Zechstein",SUBSTANCE,"part of lower trias",high,2046,True
"Calcaire","Limestone","upper trias","upper trias",CONCEPT,"geological formation",high,,False
"Calcaire","Limestone","variegated sandstone","variegated sandstone",SUBSTANCE,"part of upper trias",high,,False
"Calcaire","Limestone","muschelkalk","Muschelkalk",SUBSTANCE,"part of upper trias",high,1936,True
"tropiques","Tropics","equatorial or rotation currnt","equatorial or rotation current",CONCEPT,"synonym for tropics",medium,,False
"genus","Genus","species","Species",CONCEPT,"lower taxonomic rank than genus",high,32;3284,True
"genus","Genus","family","Family",CONCEPT,"higher taxonomic rank than genus",high,164,True
"genus","Genus","species","Species",CONCEPT,"lower taxonomic rank than genus",high,32;3284,True
"genus","Genus","species","Species",CONCEPT,"lower taxonomic rank than genus",high,32;3284,True
"muscles","Muscles","jaw-muscles","jaw muscles",SUBSTANCE,"type of muscles",high,,False
"muscles","Muscles","muscles of respiration","muscles of respiration",SUBSTANCE,"type of muscles",high,,False
"muscles","Muscles","brow","brow",SUBSTANCE,"body part involved in muscle contraction",high,,False
"muscles","Muscles","glottis","glottis",SUBSTANCE,"body part involved in muscle contraction",high,2735,True
"muscles","Muscles","pons","Pons",SUBSTANCE,"part of the brain involved in motor control",high,,False
"muscles","Muscles","medulla","Medulla",SUBSTANCE,"part of the brain involved in motor control",high,1043,True
"muscles","Muscles","spinal cord","spinal cord",SUBSTANCE,"part of the nervous system involved in motor control",high,1658;1043;2799,True
"Bessel","Friedrich Bessel","Uranus","Uranus",PLACE,"celestial body",high,,False
"Bessel","Friedrich Bessel","Vega Lyrae","Vega Lyrae",PLACE,"celestial body",high,,False
"Bessel","Friedrich Bessel","61 Cygni","61 Cygni",PLACE,"celestial body",high,1745,True
"Bessel","Friedrich Bessel","Bradley","James Bradley",PERSON,"astronomer",high,974,True
"astronomy","Astronomy","Pillars of Hercules","Pillars of Hercules",PLACE,"location mentioned",high,,False
"astronomy","Astronomy","Dicaearchus","Dicaearchus",PERSON,"historical figure associated with a geographical concept",high,2935,True
"astronomy","Astronomy","Agathemerus","Agathemerus",PERSON,"cited author",high,,False
"astronomy","Astronomy","Hudson","Hudson",PERSON,"editor/translator of Agathemerus",high,,False
"Geology","Geology","botany","Botany",CONCEPT,"contrasted with the study of plants and animals",high,1098,True
"Geology","Geology","descriptive zoology","Descriptive Zoology",CONCEPT,"contrasted with the study of plants and animals",high,,False
"Geology","Geology","mineralogy","Mineralogy",CONCEPT,"contrasted with geology",high,3625,True
"Geology","Geology","Jussieu","Jussieu",PERSON,"author cited",high,3366,True
"Geology","Geology","Traite de Botanique","Traite de Botanique",CONCEPT,"title of a cited work",high,,False
"Geology","Geology","nether-formed","nether-formed",CONCEPT,"synonym for hypogene rocks",high,,False
"Geology","Geology","hypogene rocks","hypogene rocks",CONCEPT,"termed 'nether-formed' rocks",high,,False
"Geology","Geology","Leop. von Buch","Leopold von Buch",PERSON,"cited author",high,1643;3013,True
"Geology","Geology","Ueber Dolomit als Gebirgsart","Ueber Dolomit als Gebirgsart",CONCEPT,"title of a cited work",high,,False
"Geology","Geology","trachyte","trachyte",SUBSTANCE,"type of volcanic rock",high,1626,True
"Geology","Geology","basalt","basalt",SUBSTANCE,"type of volcanic rock",high,1665,True
"Geology","Geology","lava","lava",SUBSTANCE,"type of volcanic rock",high,2040;1714,True
"Geology","Geology","Principales of Geology","Principles of Geology",CONCEPT,"title of a cited work",high,1154,True
"conception","Conception","Nominalism","Nominalism",CONCEPT,"philosophical opinion",high,,False
"conception","Conception","sphere","sphere",CONCEPT,"shape of the Earth",high,783,True
"conception","Conception","sphere","sphere",CONCEPT,"shape of the Earth",high,783,True
"conception","Conception","symbolic conception","symbolic conception",CONCEPT,"type of conception contrasted with a 'conception properly so called'",high,2594,True
"conception","Conception","sphere","sphere",CONCEPT,"shape of the Earth",high,783,True
"conception","Conception","symbolic conception","symbolic conception",CONCEPT,"type of conception contrasted with a 'conception properly so called'",high,2594,True
"conception","Conception","conceptions","conception",CONCEPT,"parallel concept to 'conceptions befalling wise men'",high,282;3532,False
"conception","Conception","conceptions","conception",CONCEPT,"parallel concept to 'conception of a sphere'",high,282;3532,False
"Livro","Book","scholastic books","scholastic books",OBJECT,"type of books",high,,False
"Livro","Book","_minimum visibile_","minimum visibile",CONCEPT,"related concept",high,,False
"Livro","Book","_minimum audibile_","minimum audibile",CONCEPT,"related concept",high,,False
"planet","Planet","planets","planets",PLACE,"objects related to the sun",high,2065,True
"planet","Planet","planet","planet",PLACE,"missing link in planetary chain",high,2065;286,False
"planet","Planet","planet","planet",PLACE,"celestial body",high,2065;286,False
"planet","Planet","satellite","satellite",PLACE,"celestial body",high,3031;1639,True
"comet","None","primary planets","primary planets",PLACE,"celestial bodies",high,,False
"comet","None","secondary planets","secondary planets",PLACE,"celestial bodies",high,,False
"comet","None","principal planets","principal planets",PLACE,"major planets",high,,False
"language","Language","vocalization","vocalization",CONCEPT,"related to language learning",high,,False
"language","Language","pronunciation","pronunciation",CONCEPT,"related to language learning",high,,False
"language","Language","gesture","gesture",CONCEPT,"related to language learning",medium,,False
"language","Language","motion","motion",CONCEPT,"related to language learning",medium,56;1375,True
"language","Language","address","address",CONCEPT,"related to language learning",medium,,False
"language","Language","Greek","Greek",LANGUAGE,"an example of a language with declensions",high,945;2570;773,True
"language","Language","Latin","Latin",LANGUAGE,"an example of a language with declensions",high,1263;1055,True
"language","Language","Greek","Greek",LANGUAGE,"an example of a language with declensions",high,945;2570;773,True
"language","Language","Latin","Latin",LANGUAGE,"an example of a language with declensions",high,1263;1055,True
"language","Language","Arabic","Arabic",LANGUAGE,"language in which 'stellæ cadentes' appears",high,,False
"language","Language","stellæ cadentes","falling stars",CONCEPT,"synonym for 'comets' in Arabic",high,2314,True
"language","Language","Italian","Italian",LANGUAGE,"language used by writers referring to the comet of 1500",high,88,True
"language","Language","il Signor Astone","the Lord Astone",CONCEPT,"term used by Italian writers for the comet of 1500",high,,False
"language","Language","fire-emitting mountains","fire-emitting mountains",CONCEPT,"a descriptive term for volcanoes in many languages",high,,False
"Pressure","Pressure","barometric windroses","barometric windroses",CONCEPT,"tables of atmospheric pressure during different winds",high,,False
"volcanoes","volcano","mud volcanoes","mud volcano",PLACE,"type of",high,,False
"volcanoes","volcano","salses","salse",PLACE,"synonym for mud volcanoes",high,1819,True
"volcanoes","volcano","mud volcanoes","mud volcano",PLACE,"type of",high,,False
"volcanoes","volcano","salses","salse",PLACE,"synonym for mud volcanoes",high,1819,True
"volcanoes","volcano","new volcanoes","new volcano",PLACE,"erroneous term for larger cones of eruption",high,,False
"volcanoes","volcano","aqueous vapors","aqueous vapor",SUBSTANCE,"exhaled from",high,741,True
"Syncope","syncope","surgical shock","surgical shock",DISEASE,"a form of inhibition",high,,False
"Sulphur","Sulfur","bitumen","bitumen",SUBSTANCE,"an alternative substance considered to be the cause of volcanic phenomena",high,160,True
"Sulphur","Sulfur","pyrites","pyrites",SUBSTANCE,"an alternative substance considered to be the cause of volcanic phenomena",high,1090,True
"Sulphur","Sulfur","iron","iron",SUBSTANCE,"an alternative substance considered to be the cause of volcanic phenomena",high,592;251,True
"Sulphur","Sulfur","pyrophoric substances","pyrophoric substances",SUBSTANCE,"an alternative substance considered to be the cause of volcanic phenomena",high,,False
"Sulphur","Sulfur","metals of the alkalies","alkali metals",SUBSTANCE,"an alternative substance considered to be the cause of volcanic phenomena",high,,False
"Sulphur","Sulfur","earths","earths",SUBSTANCE,"an alternative substance considered to be the cause of volcanic phenomena",high,21;1183,True
"Sulphur","Sulfur","Bitumen","bitumen",SUBSTANCE,"a substance believed to purify air",high,160,True
"Sulphur","Sulfur","Pitch","pitch",SUBSTANCE,"a substance believed to purify air",high,2904;2141;975,True
"Sulphur","Sulfur","Hipericon","Hypericum",PLANT,"a plant believed to have purifying or beneficial properties",high,,False
"Sulphur","Sulfur","St. Johns Wort","St. John's Wort",PLANT,"an alternative name for Hipericon",high,3754,True
"Baltic","Baltic Sea","Polythalamia","Polythalamia",CONCEPT,"type of microscopic organism",high,,False
"Baltic","Baltic Sea","North Sea","North Sea",PLACE,"geographic location",high,2555,True
"Baltic","Baltic Sea","Eocene Period","Eocene Period",CONCEPT,"geological period",high,2728,True
"Columbus","Christopher Columbus","algæ","algae",PLANT,"found in the sargassa or grassy sea",high,957,True
"Columbus","Christopher Columbus","sargassa","Sargassum",PLANT,"accumulation of algæ; also called grassy sea",high,,False
"Columbus","Christopher Columbus","grassy sea","Sargasso Sea",PLACE,"name for the sargassa",high,,False
"Columbus","Christopher Columbus","Lerius","Lerius",PERSON,"early navigator",high,3226,True
"Columbus","Christopher Columbus","North Atlantic","North Atlantic Ocean",PLACE,"geographic location",high,,False
"fibres","fibers","_muscæ volitantes_","muscae volitantes",CONCEPT,"objects seen in the field of vision; also called",high,,False
"fibres","fibers","vitreous humor","vitreous humor",SUBSTANCE,"medium where muscae volitantes float",high,,False
"fibres","fibers","retina","retina",SUBSTANCE,"surface on which shadows are thrown",high,739,True
"radiation","radiation","sun’s rays","sunlight",CONCEPT,"heating effect",high,1188;1199,True
"radiation","radiation","sun’s power","solar energy",CONCEPT,"source of heat",high,,False
"radiation","radiation","Heat","heat",CONCEPT,"communicated through radiation",high,530;197,True
"velocity","velocity","inner comets","inner comets",CONCEPT,"example of",high,,False
"velocity","velocity","Encke","Encke",PERSON,"associated with",high,659,True
"velocity","velocity","Biela","Biela",PERSON,"associated with",high,2130,True
"velocity","velocity","Faye","Faye",PERSON,"associated with",high,,False
"velocity","velocity","Revolving aerolites","aerolites",SUBSTANCE,"type of",high,678,True
"velocity","velocity","meteoric stones","meteoric stones",SUBSTANCE,"synonym of",high,1783,True
"velocity","velocity","fire-balls","fire-balls",CONCEPT,"synonym of",high,,False
"velocity","velocity","falling stars","falling stars",CONCEPT,"synonym of",high,2314,True
"velocity","velocity","planetary velocity","planetary velocity",CONCEPT,"related to",high,,False
"velocity","velocity","Periodic return","Periodic return",CONCEPT,"related to",medium,,False
"velocity","velocity","November stream","November stream",CONCEPT,"example of",high,,False
"velocity","velocity","stream of St. Lawrence","stream of St. Lawrence",CONCEPT,"example of",high,,False
"velocity","velocity","meteoric asteroids","meteoric asteroids",SUBSTANCE,"type of",high,,False
"velocity","velocity","aërolites","aerolites",SUBSTANCE,"related to",high,678,True
"velocity","velocity","lunar volcanoes","lunar volcanoes",CONCEPT,"hypothesized origin of",high,,False
"velocity","velocity","planetary velocity of translation","planetary velocity of translation",CONCEPT,"related to",high,,False
"velocity","velocity","Mercury","Mercury",PLACE,"has a velocity of",high,1550;622;559,True
"velocity","velocity","Venus","Venus",PLACE,"has a velocity of",high,1595;2268;53,True
"velocity","velocity","Earth","Earth",PLACE,"has a velocity of",high,709;533;21,True
"velocity","velocity","fluid motion","fluid motion",CONCEPT,"example of",high,,False
"velocity","velocity","electric attraction","electric attraction",CONCEPT,"example of",high,1408,True
"velocity","velocity","magnetic attraction","magnetic attraction",CONCEPT,"example of",high,1408,True
"velocity","velocity","chemical affinity","chemical affinity",CONCEPT,"example of",high,727,True
"velocity","velocity","equilibrium mobile","equilibrium mobile",CONCEPT,"termed by",high,,False
"velocity","velocity","centre of gravity","centre of gravity",CONCEPT,"related to",high,346,True
"circle","Circle","Hellenic etymologies","Hellenic etymologies",CONCEPT,"within the scope of",high,,False
"organisation","Organization","thinking","thinking",CONCEPT,"constituted by",high,1635,True
"organisation","Organization","integration","integration",CONCEPT,"involved in",high,1873,True
"organisation","Organization","differentiation","differentiation",CONCEPT,"involved in",high,,False
"organisation","Organization","affection of the mind","affection of the mind",CONCEPT,"example of",high,,False
"organisation","Organization","uniformities of thought","uniformities of thought",CONCEPT,"generated by",high,,False
"organisation","Organization","cognition","cognition",CONCEPT,"involved in",high,656;4406,True
"organisation","Organization","incompressibility of Matter","incompressibility of Matter",CONCEPT,"law of",high,,False
"organisation","Organization","law of thought","law of thought",CONCEPT,"is",high,,False
"organisation","Organization","à priori","a priori",CONCEPT,"type of truth involved in organization",high,2582,True
"Centre of gravity","Center of gravity","Newtonian law","Newtonian law",CONCEPT,"law governing revolving suns around a common center of gravity",high,1378,True
"vision","Vision","cunei","cunei",PLACE,"cortical parts concerned in vision",high,,False
"vision","Vision","primary-memory-image","primary-memory-image",CONCEPT,"part of what is measured by observations on attention",high,,False
"vision","Vision","volitantes","volitantes",CONCEPT,"fibres; granules; etc. that float in the vitreous humor and appear in the field of vision",high,,False
"Authority","Authority","Euclide","Euclid",PERSON,"mathematician whose authority might be invoked",high,2493,True
"Authority","Authority","Euclide","Euclid",PERSON,"mathematician whose authority might be invoked",high,2493,True
"Authority","Authority","Aristotle","Aristotle",PERSON,"source of collections containing popular errors",high,902;62,True
"Authority","Authority","Ælian","Aelian",PERSON,"source of collections containing popular errors",high,3800;2021,True
"Authority","Authority","Pliny","Pliny",PERSON,"source of collections containing popular errors",high,202,True
"Authority","Authority","Vincentius Belluacensis","Vincent of Beauvais",PERSON,"person in the same class as those advancing popular errors",high,,False
"Authority","Authority","Loadstone","lodestone",SUBSTANCE,"synonym of the known entity's conceptual category (magnetic attraction)",high,593,True
"Authority","Authority","Renatus des Cartes","René Descartes",PERSON,"mentioned in relation to the discussion of physical principles",high,875,True
"Authority","Authority","magnes","magnet",SUBSTANCE,"synonym of 'Loadstone'",high,593;628;822,True
"Authority","Authority","ferrum","iron",SUBSTANCE,"the substance attracted by 'magnes'",high,592;251,True
"green","color green","violet","violet",SUBSTANCE,"a color; related to the known entity 'green'",high,1577;1644;1852,True
"green","color green","blue","blue",SUBSTANCE,"a color; related to the known entity 'green'",high,1762,True
"green","color green","yellow","yellow",SUBSTANCE,"a color; related to the known entity 'green'",high,1875;3188,True
"green","color green","crimson red","crimson red",SUBSTANCE,"a color; related to the known entity 'green'",high,,False
"green","color green","Purple","purple",SUBSTANCE,"a color; related to the known entity 'green'",high,,False
"green","color green","grass green","grass green",SUBSTANCE,"a specific shade of the known entity 'green'",high,,False
"green","color green","fine yellow","fine yellow",SUBSTANCE,"a color; related to the known entity 'green'",high,,False
"green","color green","pink","pink",SUBSTANCE,"a color; related to the known entity 'green'",high,,False
"green","color green","crimson","crimson",SUBSTANCE,"a color; related to the known entity 'green'",high,,False
"green","color green","blueish green","bluish green",SUBSTANCE,"a shade of the known entity 'green'",high,,False
"green","color green","pale yellowish pink","pale yellowish pink",SUBSTANCE,"a color; related to the known entity 'green'",high,,False
"green","color green","violet","violet",SUBSTANCE,"a color; related to the known entity 'green'",high,1577;1644;1852,True
"green","color green","blue","blue",SUBSTANCE,"a color; related to the known entity 'green'",high,1762,True
"green","color green","yellow","yellow",SUBSTANCE,"a color; related to the known entity 'green'",high,1875;3188,True
"green","color green","crimson red","crimson red",SUBSTANCE,"a color; related to the known entity 'green'",high,,False
"green","color green","Purple","purple",SUBSTANCE,"a color; related to the known entity 'green'",high,,False
"green","color green","grass green","grass green",SUBSTANCE,"a specific shade of the known entity 'green'",high,,False
"green","color green","fine yellow","fine yellow",SUBSTANCE,"a color; related to the known entity 'green'",high,,False
"green","color green","pink","pink",SUBSTANCE,"a color; related to the known entity 'green'",high,,False
"green","color green","crimson","crimson",SUBSTANCE,"a color; related to the known entity 'green'",high,,False
"green","color green","blueish green","bluish green",SUBSTANCE,"a shade of the known entity 'green'",high,,False
"green","color green","pale yellowish pink","pale yellowish pink",SUBSTANCE,"a color; related to the known entity 'green'",high,,False
"green","color green","red","red",SUBSTANCE,"a color; related to the known entity 'green'",high,1713,True
"green","color green","Pale blueish green","pale bluish green",SUBSTANCE,"a shade of the known entity 'green'",high,,False
"green","color green","white","white",SUBSTANCE,"a color; related to the known entity 'green'",high,,False
"green","color green","Pale blue","pale blue",SUBSTANCE,"a color; related to the known entity 'green'",high,,False
"molecules","molecules","molecules","molecules",SUBSTANCE,"synonym of 'mental atoms'",high,364,False
"molecules","molecules","Locke","John Locke",PERSON,"coined the term 'simple ideas'",high,242,True
"molecules","molecules","simple ideas","simple ideas",CONCEPT,"Locke's term for mental atoms or molecules",high,,False
"molecules","molecules","sensations","sensations",CONCEPT,"some of Locke's successors considered these the only simple ideas",high,228,True
"Diaphragma","Diaphragm","Pillars of Hercules","Pillars of Hercules",PLACE,"a geographical reference point",high,,False
"Diaphragma","Diaphragm","Thine","Tine",PLACE,"a geographical reference point",low,,False
"Diaphragma","Diaphragm","Dicaearchus","Dicaearchus",PERSON,"associated with the 'diaphragm'",high,2935,True
"substances","Substance","bitumen","bitumen",SUBSTANCE,"proposed cause of volcanic phenomena",high,160,True
"substances","Substance","pyrites","pyrites",SUBSTANCE,"proposed cause of volcanic phenomena",high,1090,True
"substances","Substance","sulphur","sulfur",SUBSTANCE,"component of moist admixture causing volcanic phenomena",high,313;1820,True
"substances","Substance","iron","iron",SUBSTANCE,"component of moist admixture causing volcanic phenomena",high,592;251,True
"substances","Substance","pyrophoric substances","pyrophoric substances",SUBSTANCE,"proposed cause of volcanic phenomena",high,,False
"substances","Substance","the metals of the alkalies","alkali metals",SUBSTANCE,"proposed cause of volcanic phenomena",high,,False
"substances","Substance","earths","earths",SUBSTANCE,"proposed cause of volcanic phenomena",high,21;1183,True
"substances","Substance","Sir Humphry Davy","Humphry Davy",PERSON,"identified as a great chemist",high,1877,True
"substances","Substance","ozone","ozone",SUBSTANCE,"a substance produced by electricity acting on oxygen",high,,False
"substances","Substance","trap","trap",SUBSTANCE,"a substance also known as basalt",high,,False
"substances","Substance","basalt","basalt",SUBSTANCE,"a substance also known as trap",high,1665,True
"substances","Substance","elements","elements",SUBSTANCE,"unknown elements that compound so-called simple substances",medium,794;2703,True
"strata","Strata","butter sandstone","butter sandstone",SUBSTANCE,"a type of upper trias stratum",high,,False
"strata","Strata","muschelkalk","muschelkalk",SUBSTANCE,"a type of upper trias stratum",high,1936,True
"strata","Strata","keuper","keuper",SUBSTANCE,"a type of upper trias stratum",high,2415,True
"strata","Strata","Jura limestone","Jura limestone",SUBSTANCE,"a type of stratum",high,1987,True
"strata","Strata","lias","lias",SUBSTANCE,"a type of Jura limestone stratum",high,,False
"strata","Strata","oolite","oolite",SUBSTANCE,"a type of Jura limestone stratum",high,,False
"strata","Strata","freestone","freestone",SUBSTANCE,"a type of stratum",high,,False
"strata","Strata","chalk","chalk",SUBSTANCE,"a type of lower and upper stratum",high,829,True
"strata","Strata","mountain limestone","mountain limestone",SUBSTANCE,"a type of stratum",high,,False
"strata","Strata","granular limestone","granular limestone",SUBSTANCE,"a type of tertiary formation stratum",high,,False
"strata","Strata","lignite","lignite",SUBSTANCE,"a type of tertiary formation stratum",high,1760,True
"strata","Strata","Schist","schist",SUBSTANCE,"a type of lower and upper transition rock stratum",high,,False
"strata","Strata","silurian","silurian",SUBSTANCE,"a geological formation stratum",high,1756,True
"strata","Strata","devonian","devonian",SUBSTANCE,"a geological formation stratum",high,,False
"strata","Strata","cambrian","cambrian",SUBSTANCE,"a geological formation stratum formerly termed",high,,False
"strata","Strata","old red sandstone","old red sandstone",SUBSTANCE,"a type of upper strata",high,,False
"strata","Strata","trap","trap",SUBSTANCE,"synonym for basalt",high,,False
"strata","Strata","basalt","basalt",SUBSTANCE,"known synonym for trap",high,1665,True
"strata","Strata","granite","granite",SUBSTANCE,"substance formed from slow cooling of molten nucleus",high,1634,True
"strata","Strata","quartz","quartz",SUBSTANCE,"ingredient of granite",high,323,True
"strata","Strata","feldspar","feldspar",SUBSTANCE,"ingredient of granite",high,1948,True
"strata","Strata","mica","mica",SUBSTANCE,"ingredient of granite",high,687,True
"jaws","Jaw","Eciton","Eciton",ANIMAL,"genus with working and soldier neuters",high,,False
"jaws","Jaw","Cryptocerus","Cryptocerus",ANIMAL,"genus with workers carrying shields",high,,False
"Oscillations","Oscillation","nutation","nutation",CONCEPT,"type of variation in planetary axes",high,1833,True
"law","Law of nature","law of association","law of association",CONCEPT,"so-called law of arousal",high,,False
"law","Law of nature","Conservation of Force","Conservation of Force",CONCEPT,"known generalization",high,2156,True
"law","Law of nature","Progress: its Law and Cause","Progress: its Law and Cause",CONCEPT,"title of published essay",high,,False
"law","Law of nature","Transcendental Physiology","Transcendental Physiology",CONCEPT,"title of paper",high,,False
"law","Law of nature","Matter","matter",CONCEPT,"admitted law of thought concerning its incompressibility",high,249;2969,True
"testiculos","testicles","Castoreum","Castoreum",SUBSTANCE,"substance derived from the Bever",high,,False
"jaspe","Jasper","jaspachat","jaspachat",SUBSTANCE,"synonym/variant of jasper",high,,False
"jaspe","Jasper","jasponyx","jasponyx",SUBSTANCE,"ancient name for jasper",high,,False
"jaspe","Jasper","jaspachat","jaspachat",SUBSTANCE,"synonym/variant of jasper",high,,False
"jaspe","Jasper","jasponyx","jasponyx",SUBSTANCE,"ancient name for jasper",high,,False
"jaspe","Jasper","opal-jasper","opal-jasper",SUBSTANCE,"modern name for substance previously called jasponyx",high,,False
"rock","Rock","Schist","Schist",SUBSTANCE,"type of rock",high,,False
"rock","Rock","cambrian","Cambrian",CONCEPT,"historical name for rock strata",high,,False
"Bodies","Body","wood","wood",SUBSTANCE,"burned",high,180;1749;3191,True
"Bodies","Body","iron","iron",SUBSTANCE,"rusted",high,592;251,True
"Seasons","Season","Isochimenal","isochiminal line",CONCEPT,"line of equal winter temperature",high,,False
"Seasons","Season","isotheral","isothermal line",CONCEPT,"line of equal summer temperature",high,,False
"Seasons","Season","isothermal","isothermal line",CONCEPT,"line of equal temperature",high,,False
"agriculture","Agriculture","black cattle","black cattle",ANIMAL,"displaced",high,101,True
"agriculture","Agriculture","long-horns","longhorn cattle",ANIMAL,"displaced black cattle",high,,False
"agriculture","Agriculture","short-horns","shorthorn cattle",ANIMAL,"displaced long-horns",high,,False
"agriculture","Agriculture","pestilence","pestilence",DISEASE,"compared to the displacement of cattle",high,688;689,True
"Mankind","Humankind","Kantiß","Kantian",PERSON,"philosopher mentioned",high,,False
"Mankind","Humankind","German","German person",PERSON,"nationality of a person mentioned",high,99,True
"Mankind","Humankind","German","German person",PERSON,"nationality of a person mentioned",high,99,True
"Mankind","Humankind","ME","empirical person",CONCEPT,"word for empirical person",high,,False
"Mankind","Humankind","I","empirical person",CONCEPT,"word for empirical person",high,,False
"Mankind","Humankind","ME","me",CONCEPT,"synonym for empirical person",high,,False
"Mankind","Humankind","I","I",CONCEPT,"synonym for judging Thought",high,,False
"Mankind","Humankind","Thought","thought",CONCEPT,"part of the judging subject",high,534,True
"Brown","John Brown","Mr. Bourne","Mr. Bourne",PERSON,"contrasted with the behavior of 'Brown'",high,,False
"Brown","John Brown","Mr. Bourne","Mr. Bourne",PERSON,"contrasted with the behavior of 'Brown'",high,,False
"color","color","Scythian","Scythian",CONCEPT,"alternative term for races",high,,False
"color","color","Newton’s scale","Newton's scale",CONCEPT,"standard of comparison for colours",high,,False
"color","color","Newton’s scale","Newton's scale",CONCEPT,"standard of comparison for colours",high,,False
"color","color","Black","black",CONCEPT,"a tint within Newton's scale of colours",high,3097;3061,True
"color","color","blue","blue",CONCEPT,"a tint within Newton's scale of colours",high,1762,True
"color","color","white","white",CONCEPT,"a tint within Newton's scale of colours",high,,False
"color","color","yellow","yellow",CONCEPT,"a tint within Newton's scale of colours",high,1875;3188,True
"color","color","orange","orange",CONCEPT,"a tint within Newton's scale of colours",high,1733;3926,True
"color","color","red","red",CONCEPT,"a tint within Newton's scale of colours",high,1713,True
"color","color","purple","purple",CONCEPT,"a tint within Newton's scale of colours",high,,False
"color","color","violet","violet",CONCEPT,"a tint within Newton's scale of colours",high,1577;1644;1852,True
"color","color","green","green",CONCEPT,"a tint within Newton's scale of colours",high,502;359,True
"color","color","Newton’s scale of colours","Newton's scale of colours",CONCEPT,"a fixed standard of comparison for colours",high,,False
"action","action","reflex action","reflex action",CONCEPT,"a similar type of action",high,2208,True
"action","action","reflex acts","reflex acts",CONCEPT,"a similar type of action",high,,False
"unity","unity","Apperception","Apperception",CONCEPT,"a concept related to unity",high,,False
"unity","unity","soul","soul",CONCEPT,"related to unity",high,578,True
"unity","unity","ideas","ideas",CONCEPT,"related to unity",high,226,True
"weight","Weight","tangibility","tangibility",CONCEPT,"a common physical property of matter; related to weight",high,3516,True
"weight","Weight","visibility","visibility",CONCEPT,"a common physical property of matter; related to weight",high,3786,True
"weight","Weight","cohesion","cohesion",CONCEPT,"a common physical property of matter; related to weight",high,749,True
"weight","Weight","size","size",CONCEPT,"a property of matter; related to weight",high,1342,True
"weight","Weight","form","form",CONCEPT,"a property of matter; related to weight",high,2727,True
"sea water","seawater","aqueous vapors","aqueous vapors",SUBSTANCE,"a substance related to sea water in terms of origin",high,741,True
"sea water","seawater","meteoric water","meteoric water",SUBSTANCE,"a substance that can impregnate sea water",high,,False
"Love","Love","egoist","egoist",PERSON,"a description of someone who loves themselves excessively",high,,False
"Love","Love","self-love","self-love",CONCEPT,"a concept related to love",high,,False
"fusion","Melting point","agglutination","agglutination",CONCEPT,"a related geological process",high,,False
"fusion","Melting point","sublimation","sublimation",CONCEPT,"a related physical process",high,1410,True
"Mary","Mary","Lurancy","Lurancy",PERSON,"the original personality",high,,False
"Grass","Grass","green","green",CONCEPT,"a color; part of a spectrum",high,502;359,True
"Grass","Grass","yellow","yellow",CONCEPT,"a color; part of a spectrum",high,1875;3188,True
"Grass","Grass","red","red",CONCEPT,"a color; part of a spectrum",high,1713,True
"Grass","Grass","blue","blue",CONCEPT,"a color; part of a spectrum",high,1762,True
"Grass","Grass","purple","purple",CONCEPT,"a color; part of a spectrum",high,,False
"Grass","Grass","violet","violet",CONCEPT,"a color; part of a spectrum",high,1577;1644;1852,True
"Grass","Grass","pink","pink",CONCEPT,"a color; part of a spectrum",high,,False
"Grass","Grass","crimson","crimson",CONCEPT,"a color; part of a spectrum",high,,False
"Grass","Grass","orange","orange",CONCEPT,"a color; part of a spectrum",high,1733;3926,True
"parts","Body Part","habit","habit",CONCEPT,"a factor in modification",high,,False
"parts","Body Part","occipital lobes","occipital lobe",SUBSTANCE,"part of",high,,False
"parts","Body Part","cunei","cuneus",SUBSTANCE,"part of",high,,False
"parts","Body Part","cortical parts","cortical part",SUBSTANCE,"part of",high,,False
"parts","Body Part","Nothnagel","Nothnagel",PERSON,"mentioned in relation to",high,,False
"parts","Body Part","Seguin","Seguin",PERSON,"mentioned in relation to",high,,False
"nerve","nerve","NERVE-CENTRES","nerve-center",SUBSTANCE,"related to",high,,False
"Buffon","Georges-Louis Leclerc, Comte de Buffon","Dante","Dante Alighieri",PERSON,"quoted",high,2580,True
"spirit","Spirit","Mozart","Wolfgang Amadeus Mozart",PERSON,"example of",high,2990,True
"spirit","Spirit","Faraday","Michael Faraday",PERSON,"example of",high,248,True
"atolls","Island","Justinian","Justinian I",PERSON,"quoted",high,2927,True
"atolls","Island","Trogus Pompeius","Trogus Pompeius",PERSON,"referenced",high,2503,True
"atolls","Island","Aetna","Mount Etna",PLACE,"mentioned in relation to",high,647,True
"atolls","Island","Aeolian Islands","Aeolian Islands",PLACE,"mentioned in relation to",high,,False
"atolls","Island","generatio aequivoca, spontanea aut primaria","generatio aequivoca, spontanea aut primaria",CONCEPT,"synonym for spontaneous generation",high,,False
"Power","Power","Herr Horwicz","Horwicz",PERSON,"mentioned in relation to perception of possessions",high,,False
"laws","Scientific Law","laws governing variation","laws governing variation",CONCEPT,"laws governing variation are mentioned in parallel to the laws governing the production of specific forms",high,,False
"laws","Scientific Law","specific forms","species",CONCEPT,"similar to",high,32;3284,True
"laws","Scientific Law","psycho-physics","psychophysics",CONCEPT,"synonym for",high,,False
"laws","Scientific Law","thought","thought",CONCEPT,"related to",high,534,True
"laws","Scientific Law","Logic","Logic",CONCEPT,"related to",high,991,True
"laws","Scientific Law","thoughts","thoughts",CONCEPT,"related to",high,534,True
"laws","Scientific Law","movement","movement",CONCEPT,"governed by",high,1872;2004,True
"old age","Old age","Brain-paths","Brain-paths",CONCEPT,"related to",medium,,False
"Hercules","Hercules","Pillars of Hercules","Pillars of Hercules",PLACE,"landmark for",high,,False
"Hercules","Hercules","Thine","Thine",PLACE,"landmark for",high,,False
"Hercules","Hercules","the parallel of the diaphragm of Dicaearchus","the parallel of the diaphragm of Dicaearchus",CONCEPT,"named after",high,,False
"direction","Direction","Brain-paths","Brain-paths",CONCEPT,"related to",medium,,False
"direction","Direction","locusts","locusts",ANIMAL,"comparison",high,,False
"direction","Direction","Thine","Thine",PLACE,"endpoint of a line",high,,False
"direction","Direction","Pillars of Hercules","Pillars of Hercules",PLACE,"endpoint of a line",high,,False
"propriedades","properties","tangibility","tangibility",CONCEPT,"physical property",high,3516,True
"propriedades","properties","visibility","visibility",CONCEPT,"physical property",high,3786,True
"propriedades","properties","cohesion","cohesion",CONCEPT,"physical property",high,749,True
"propriedades","properties","weight","weight",CONCEPT,"physical property",high,412,True
"Follicles","Leaf","Castoreum","Castoreum",SUBSTANCE,"a substance derived from parts; analogous to Castoreum",high,,False
"Follicles","Leaf","Cods","Cods",CONCEPT,"a type of structure found in both sexes",high,,False
"Follicles","Leaf","Stones","Stones",CONCEPT,"a term used in contrast to Testicles and Cods",high,2704;1494,True
"Follicles","Leaf","Testicles","Testicles",CONCEPT,"a term used in contrast to Stones and Cods",high,378,True
"Regions","Regions","Polypody","Polypody",PLANT,"a parasitical Plant",high,666,True
"Regions","Regions","Moss","Moss",PLANT,"a parasitical Plant",high,2317,True
"Regions","Regions","Capillaries","Capillaries",PLANT,"a parasitical Plant",high,3860,True
"Regions","Regions","India","India",PLACE,"a region that produces Misseltoes",high,17;2500;231,True
"Regions","Regions","America","America",PLACE,"a region that produces Misseltoes",high,1,True
"increase","Increase","equilibrium mobile","equilibrium mobile",CONCEPT,"a term used by French mathematicians",high,,False
"epidemics","","epidemics","epidemics",DISEASE,"appear to be due to parasitic worms",high,520,False
"epidemics","","parasitic worms","parasitic worms",ANIMAL,"cause of epidemics",high,3973,True
"heat","Heat","calms of the equator","calms of the equator",CONCEPT,"a belt of calms encircling the globe",high,,False
"heat","Heat","Variables","Variables",CONCEPT,"known as the calms of the equator; or the Variables of seamen",high,,False
"heat","Heat","Heat","Heat",SUBSTANCE,"a phenomenon observed in heated bodies",high,530;197,False
"heat","Heat","Heat","Heat",SUBSTANCE,"communicated through radiation",high,530;197,False
"heat","Heat","igneous changes","igneous changes",CONCEPT,"phenomena associated with heat",low,,False
"heat","Heat","metals","metals",SUBSTANCE,"substances affected by heat",low,87,True
"earth","Earth","Zodiacal Light","zodiacal light",CONCEPT,"phenomenon related to celestial bodies",high,,False
"earth","Earth","asteroids","asteroids",PLANT,"celestial bodies",high,,False
"earth","Earth","aerolites","aerolites",SUBSTANCE,"phenomena related to celestial bodies",high,678,True
"earth","Earth","Zodiacal Light","zodiacal light",CONCEPT,"phenomenon related to celestial bodies",high,,False
"earth","Earth","asteroids","asteroids",PLANT,"celestial bodies",high,,False
"earth","Earth","aerolites","aerolites",SUBSTANCE,"phenomena related to celestial bodies",high,678,True
"earth","Earth","shooting stars","shooting stars",CONCEPT,"phenomena related to celestial bodies",high,2314,True
"earth","Earth","terrestrial globe","terrestrial globe",PLACE,"synonym for Earth",high,1825;533,False
"earth","Earth","terrestrial globe","terrestrial globe",PLACE,"synonym for Earth",high,1825;533,False
"earth","Earth","iron","iron",SUBSTANCE,"metal obtained from minerals",high,592;251,True
"earth","Earth","igneous changes","igneous changes",CONCEPT,"phenomena associated with heat",low,,False
"earth","Earth","metals","metals",SUBSTANCE,"substances affected by heat",low,87,True
"thought","Thought","nominalism","nominalism",CONCEPT,"related concept",high,,False
"thought","Thought","conceptualism","conceptualism",CONCEPT,"related concept",high,,False
"thought","Thought","Space","Space",CONCEPT,"abstract concept mentioned alongside thought",high,240,True
"thought","Thought","Time","Time",CONCEPT,"abstract concept mentioned alongside thought",high,223,True
"thought","Thought","infinite","infinite",CONCEPT,"concept contrasted with conditioned thought",high,2005,True
"Root","Root","Hipericon","Hipericon",PLANT,"plant with alleged magical properties",high,,False
"Root","Root","St. Johns Wort","St. John's Wort",PLANT,"vernacular name for Hipericon",high,3754,True
"Root","Root","fuga Dæmonis","fuga Daemonis",CONCEPT,"magical property attributed to Hipericon; meaning 'flight of demons'",high,,False
"Root","Root","Baaras","Baaras",PLANT,"plant whose properties are discussed in comparison to Hipericon",high,,False
"Root","Root","Cynospastus","Cynospastus",PLANT,"plant whose properties are discussed in comparison to Hipericon",high,,False
"Root","Root","Tobias","Tobias",PERSON,"biblical figure associated with a mentioned remedy/property",medium,3241,True
"Root","Root","Ginger","ginger",PLANT,"is a type of",high,1688;2918,True
"Root","Root","Water Flower-De-luce","iris pseudacorus",PLANT,"is described as resembling",high,,False
"Root","Root","common Reed","phragmites australis",PLANT,"is affirmed to be",high,,False
"Root","Root","Water Flower-De-luce","iris pseudacorus",PLANT,"is described as resembling",high,,False
"Root","Root","common Reed","phragmites australis",PLANT,"is affirmed to be",high,,False
"Evolution","Evolution","Naturalists","naturalist",PERSON,"established generalizations regarding",medium,1650,True
"Evolution","Evolution","Physiologists","physiologist",PERSON,"established generalizations regarding",medium,819;1103,True
"Evolution","Evolution","Comparative Anatomists","comparative anatomist",PERSON,"established generalizations regarding",medium,,False
"Evolution","Evolution","THE EVOLUTION OF LIFE","evolution of life",CONCEPT,"is a statement of generalizations about",high,,False
"Evolution","Evolution","The Development Hypothesis","development hypothesis",CONCEPT,"is commonly known as",high,,False
"Evolution","Evolution","flying squirrel","flying squirrel",ANIMAL,"is produced by",high,,False
"Evolution","Evolution","contrast","contrast",CONCEPT,"phenomena of",high,,False
"association","Doctrine of association","law of association","law of association",CONCEPT,"so-called",high,,False
"association","Doctrine of association","Spitzfindigkeit","Spitzfindigkeit",CONCEPT,"alternative term for pedantic hair-splitting",high,,False
"association","Doctrine of association","redintegration","redintegration",CONCEPT,"term used by Hamilton to designate all association",high,,False
"latitude","Latitude","Thine","Thine",PLACE,"eastern terminus of a line from the Pillars of Hercules",high,,False
"latitude","Latitude","calms of the equator","calms of the equator",CONCEPT,"synonym for the Variables of seamen",high,,False
"latitude","Latitude","Variables of seamen","Variables of seamen",CONCEPT,"synonym for the calms of the equator",high,,False
"latitude","Latitude","Eocene Period","Eocene Period",CONCEPT,"designation for a group of tertiary formations",high,2728,True
"Psychology","Psychology","spiritualism","spiritualism",CONCEPT,"a field of facts excluded from scientific consideration",high,,False
"Deos","God","Atheist","Atheist",PERSON,"opposite of someone who believes in God",high,,False
"Deos","God","Pagans","Pagans",PERSON,"people who might be mislabeled as atheists",high,,False
"Deos","God","Crystal","Crystal",SUBSTANCE,"material of the crystalline humor of the eye",high,696;1034,True
"Deos","God","Pagans","Pagans",PERSON,"people associated with gods of the Gentiles",high,,False
"Deos","God","gods of the Gentiles","gods of the Gentiles",PERSON,"false gods compared to the true Creator",high,,False
"ovo","Eggs","Cocks eggs","rooster's eggs",SUBSTANCE,"a type of egg that was tested",high,,False
"ovo","Eggs","Ovum Centeninum","Ovum Centeninum",SUBSTANCE,"an alternative name for a specific type of egg",high,,False
"ovo","Eggs","Cocks eggs","rooster's eggs",SUBSTANCE,"a type of egg that was tested",high,,False
"ovo","Eggs","Ovum Centeninum","Ovum Centeninum",SUBSTANCE,"an alternative name for a specific type of egg",high,,False
"Sun","Sun","fixed stars","fixed stars",CONCEPT,"erroneously called",high,2209,True
"soul","Soul","pure Ego","pure Ego",CONCEPT,"a synonym for subjectivity",high,,False
"Loadstone","Lodestone","ferrum","iron",SUBSTANCE,"attracted by magnes",high,592;251,True
"Loadstone","Lodestone","sive potius magnes & ferrum ad invicem accedunt","or rather magnet and iron approach each other",CONCEPT,"alternative explanation for magnetism",high,,False
"Loadstone","Lodestone","ferrum","iron",SUBSTANCE,"affected by magnes",high,592;251,True
"Loadstone","Lodestone","nec ferrum ad se magnetem provocat, sed ambo pari conatu ad invicem confluunt","nor does iron provoke the magnet to itself, but both flow together to each other with equal effort",CONCEPT,"alternative explanation for magnetism",high,,False
"Intelligence","intelligence","memory","memory",CONCEPT,"contrasted with recalled memory-image",medium,35,True
"Intelligence","intelligence","Intelligence","intelligence",CONCEPT,"mentioned in reference",low,597,False
"skin","Skin","Galls","Galls",SUBSTANCE,"vernacular name for discolored particles in the skin of an Heron",high,,False
"volcans","Volcano","volcano, properly so called","volcano",PLACE,"synonym for Volcano",high,602;299,False
"man","Human being","lower animals","lower animals",ANIMAL,"comparison group to man",high,,False
"man","Human being","secondary sclerosis","secondary sclerosis",DISEASE,"a peculiar degenerative change found to extend downwards",high,,False
"man","Human being","post-hypnotic suggestion","post-hypnotic suggestion",CONCEPT,"similar results",high,,False
"Bladder","Bladder","Crabs eyes","Crabs eyes",SUBSTANCE,"alternative to urine resolution for injection",high,,False
"Bladder","Bladder","Helmont","Helmont",PERSON,"commentator on the second distillation of Urine",high,1706,True
"genera","Genus","species","species",CONCEPT,"compared to genera",high,32;3284,True
"genera","Genus","family","family",CONCEPT,"higher taxonomic rank than genera",high,164,True
"genera","Genus","Eciton","Eciton",ANIMAL,"example of genera with distinct neuters",high,,False
"genera","Genus","neuters","neuters",CONCEPT,"forms within Eciton",high,,False
"genera","Genus","Cryptocerus","Cryptocerus",ANIMAL,"example of genera",high,,False
"climate","Climate","Montpellier of the North","Montpellier of the North",PLACE,"nickname for Devonshire coast due to mild climate",high,,False
"climate","Climate","Agave Mexicana","Agave Mexicana",PLANT,"example of plant blooming in open air",high,,False
"climate","Climate","Buffon","Buffon",PERSON,"mentioned by author",high,473,True
"climate","Climate","Buffon","Buffon",PERSON,"mentioned by author",high,473,True
"climate","Climate","Dante","Dante",PERSON,"mentioned by author",high,2580,True
"will","willpower","Buffon","Buffon",PERSON,"mentioned by author",high,473,True
"feelings","emotions","sonant","sonant",CONCEPT,"term used in discussion of attention",low,,False
"feelings","emotions","emotion","emotion",CONCEPT,"synonym/related concept to feelings",high,618,False
"magnet","magnet","Dr. Faraday","Michael Faraday",PERSON,"researcher",high,248,True
"magnet","magnet","electro-magnet","electromagnet",SUBSTANCE,"related to magnet",high,,False
"magnet","magnet","Dr. Faraday","Michael Faraday",PERSON,"researcher",high,248,True
"magnet","magnet","electro-magnet","electromagnet",SUBSTANCE,"related to magnet",high,,False
"sea","sea","Daubeney","Charles Daubeny",PERSON,"cited author",high,,False
"Kant","Immanuel Kant","Dr. Faraday","Michael Faraday",PERSON,"researcher",high,248,True
"Kant","Immanuel Kant","electro-magnet","electromagnet",SUBSTANCE,"related to magnet",high,,False
"Kant","Immanuel Kant","Dr. Faraday","Michael Faraday",PERSON,"researcher",high,248,True
"Kant","Immanuel Kant","electro-magnet","electromagnet",SUBSTANCE,"related to magnet",high,,False
"Kant","Immanuel Kant","Dr. Faraday","Michael Faraday",PERSON,"researcher",high,248,True
"Kant","Immanuel Kant","electro-magnet","electromagnet",SUBSTANCE,"related to magnet",high,,False
"Kant","Immanuel Kant","Dr. Faraday","Michael Faraday",PERSON,"researcher",high,248,True
"Kant","Immanuel Kant","electro-magnet","electromagnet",SUBSTANCE,"related to magnet",high,,False
"orbit","Orbital mechanics","Daubeney","Charles Daubeny",PERSON,"cited author",high,,False
"Aetna","Mount Etna","Aeolian Islands","Aeolian Islands",PLACE,"nearby geographical feature",high,,False
"Aetna","Mount Etna","Justinian","Justinian",PERSON,"source of information",high,2927,True
"Aetna","Mount Etna","Trogus Pompeius","Trogus Pompeius",PERSON,"source of information",high,2503,True
"Gall","Bile","Galls","Galls",SUBSTANCE,"discolored particles in the skin of an Heron; often referred to",high,,False
"cognition","cognition","cognition of self","cognition of self",CONCEPT,"a specific type of cognition being discussed",high,3530,True
"cognition","cognition","ultimate incompressibility of Matter","ultimate incompressibility of Matter",CONCEPT,"an example of something termed ultimate",high,,False
"cognition","cognition","cognitions","cognitions",CONCEPT,"the primary subject of discussion",high,656,False
"cognition","cognition","living body","living body",CONCEPT,"a state of being that is still known",high,,False
"cognition","cognition","material object","material object",CONCEPT,"a thing that is recognized as such",high,,False
"Encke","Johann Franz Encke","inner comets","inner comets",CONCEPT,"a more correct term for comets of short periods of revolution",high,,False
"Encke","Johann Franz Encke","Biela","Biela",CONCEPT,"a type of inner comet",high,2130,True
"Encke","Johann Franz Encke","Faye","Faye",CONCEPT,"a type of inner comet",high,,False
"Encke","Johann Franz Encke","aerolites","aerolites",SUBSTANCE,"a category of revolving objects",high,678,True
"Encke","Johann Franz Encke","meteoric stones","meteoric stones",SUBSTANCE,"a synonym for aerolites",high,1783,True
"Encke","Johann Franz Encke","fire-balls","fire-balls",CONCEPT,"a synonym for aerolites",high,,False
"Encke","Johann Franz Encke","falling stars","falling stars",CONCEPT,"a synonym for aerolites",high,2314,True
"Universe","Universe","suns","stars",PLACE,"synonym for double stars",high,2672;2209;196;750,True
"Universe","Universe","worlds","celestial bodies",PLACE,"location of revolving suns",high,1950;1910,True
"Universe","Universe","Cosmos","Cosmos",CONCEPT,"term for the physical history of the universe",high,941,True
"Universe","Universe","Cosmos","Cosmos",CONCEPT,"term for the middle region where planets circulate",high,941,True
"Universe","Universe","Olympus","Olympus",PLACE,"term for the exterior or igneous region",high,,False
"Universe","Universe","stars","stars",PLACE,"designation for nebulous spots condensed into agglomerated bodies",high,2672;2209;750,True
"Universe","Universe","sidereal world","sidereal world",PLACE,"designation for nebulous spots condensed into agglomerated bodies",high,,False
"Universe","Universe","sidereal world","sidereal world",PLACE,"designation for phenomena",high,,False
"Universe","Universe","[Greek]","garden",PLACE,"equivalent to 'garden of the universe'",medium,576,True
"Universe","Universe","[Greek]","enclosed space",PLACE,"meaning of [Greek]",medium,,False
"rotation","Law of rotation","equatorial","equatorial current",CONCEPT,"synonym for rotation current",high,,False
"rotation","Law of rotation","rotation currnt","rotation current",CONCEPT,"synonym for equatorial current",high,,False
"aerolites","meteorites","meteoric stones","meteorites",SUBSTANCE,"synonym for aerolites",high,678;1783,False
"aerolites","meteorites","fire-balls","fireball",SUBSTANCE,"synonym for aerolites",high,,False
"aerolites","meteorites","falling stars","meteors",SUBSTANCE,"synonym for aerolites",high,2314;1868;2133,True
"aerolites","meteorites","falling stars","meteors",SUBSTANCE,"synonym for aërolites",high,2314;1868;2133,True
"aerolites","meteorites","meteors","meteors",SUBSTANCE,"synonym for aërolites",high,1868;2133,True
"aerolites","meteorites","shooting stars","meteors",SUBSTANCE,"synonym for aerolites",high,2314;1868;2133,True
"aerolites","meteorites","lunar volcanoes","lunar volcanoes",CONCEPT,"hypothesized origin of aerolites",high,,False
"Mica","Mica","mica schist","mica schist",SUBSTANCE,"type of rock containing mica",high,,False
"pestilentes","Pestilence","long-horns","longhorn cattle",ANIMAL,"cattle breed displaced by short-horns",high,,False
"pestilentes","Pestilence","short-horns","short-horn cattle",ANIMAL,"cattle breed displacing long-horns",high,,False
"physiciens","physicist","pendulum","pendulum",CONCEPT,"instrument used by physicists",high,4241;2775,True
"physiciens","physicist","Buffon","Buffon",PERSON,"physicist",high,473,True
"physiciens","physicist","Dante","Dante",PERSON,"quoted for expression of suffering",high,2580,True
"Kepler","Johannes Kepler","Mars","Mars",PLACE,"planet mentioned in relation to Kepler's conjecture",high,1551,True
"Kepler","Johannes Kepler","Jupiter","Jupiter",PLACE,"planet mentioned in relation to Kepler's conjecture",high,553,True
"Kepler","Johannes Kepler","Kepler’s law","Kepler's law",CONCEPT,"scientific law named after Kepler",high,2895,True
"Crystal","Crystal","Dragon","Dragon",ANIMAL,"mentioned in comparison to blood and crystal",high,,False
"Crystal","Crystal","Crystalline humour","Crystalline humour",SUBSTANCE,"humour of the eye; compared to crystal",high,,False
"Crystal","Crystal","Crystalline heaven","Crystalline heaven",PLACE,"celestial sphere; compared to crystal",high,,False
"Crystal","Crystal","Psal","Psal",CONCEPT,"abbreviation for Psalm; a biblical text",high,,False
"Crystal","Crystal","Hedenstrom","Hedenstrom",PERSON,"author on New Siberia",high,,False
"Crystal","Crystal","New Siberia","New Siberia",PLACE,"location of 'Wood Hills'",high,2605,True
"Crystal","Crystal","Hegel","Hegel",PERSON,"author of 'Philosophy of History'",high,2302,True
"Crystal","Crystal","Heine","Heine",PERSON,"discoverer of feldspar crystals",high,,False
"Crystal","Crystal","feldspar","feldspar",SUBSTANCE,"mineral found in crystals",high,1948,True
"Crystal","Crystal","Hemmer","Hemmer",PERSON,"associated with falling stars",high,3477,True
"Crystal","Crystal","Hencke","Hencke",PERSON,"discoverer of planets",high,3131,True
"difference","Difference","sonant","sonant",CONCEPT,"type of consonant",high,,False
"difference","Difference","surd","surd",CONCEPT,"type of consonant",high,,False
"difference","Difference","D","D",CONCEPT,"example of a sonant consonant",high,,False
"difference","Difference","B","B",CONCEPT,"example of a sonant consonant",high,,False
"difference","Difference","Z","Z",CONCEPT,"example of a sonant consonant",high,,False
"difference","Difference","G","G",CONCEPT,"example of a sonant consonant",high,,False
"difference","Difference","V","V",CONCEPT,"example of a sonant consonant",high,,False
"difference","Difference","T","T",CONCEPT,"example of a surd consonant",high,,False
"difference","Difference","P","P",CONCEPT,"example of a surd consonant",high,,False
"difference","Difference","S","S",CONCEPT,"example of a surd consonant",high,,False
"difference","Difference","K","K",CONCEPT,"example of a surd consonant",high,,False
"difference","Difference","F","F",CONCEPT,"example of a surd consonant",high,,False
"difference","Difference","sonant","sonant",CONCEPT,"type of consonant",high,,False
"difference","Difference","surd","surd",CONCEPT,"type of consonant",high,,False
"difference","Difference","D","D",CONCEPT,"example of a sonant consonant",high,,False
"difference","Difference","B","B",CONCEPT,"example of a sonant consonant",high,,False
"difference","Difference","Z","Z",CONCEPT,"example of a sonant consonant",high,,False
"difference","Difference","G","G",CONCEPT,"example of a sonant consonant",high,,False
"difference","Difference","V","V",CONCEPT,"example of a sonant consonant",high,,False
"difference","Difference","T","T",CONCEPT,"example of a surd consonant",high,,False
"difference","Difference","P","P",CONCEPT,"example of a surd consonant",high,,False
"difference","Difference","S","S",CONCEPT,"example of a surd consonant",high,,False
"difference","Difference","K","K",CONCEPT,"example of a surd consonant",high,,False
"difference","Difference","F","F",CONCEPT,"example of a surd consonant",high,,False
"Perihelion","Perihelion","aphelion","aphelion",CONCEPT,"synonym/opposite",high,864,True
"distance","distance","Differences of absolute magnitude","differences of absolute magnitude",CONCEPT,"related concept",medium,,False
"distance","distance","density","density",CONCEPT,"related concept",medium,303,True
"distance","distance","period of revolution","period of revolution",CONCEPT,"related concept",medium,2137,True
"distance","distance","eccentricity","eccentricity",CONCEPT,"related concept",medium,762,True
"distance","distance","inclination of the orbits","inclination of the orbits",CONCEPT,"related concept",medium,,False
"distance","distance","Eccentricity of their orbits","eccentricity of their orbits",CONCEPT,"related concept",medium,,False
"distance","distance","periods of revolution","periods of revolution",CONCEPT,"related concept",medium,,False
"distance","distance","inner","inner",CONCEPT,"related concept",low,,False
"distance","distance","Uranus","Uranus",PLANT,"related concept",low,,False
"distance","distance","Vega Lyrae","Vega Lyrae",PLANT,"related concept",high,,False
"distance","distance","geographical miles","geographical miles",CONCEPT,"unit of distance",high,,False
"distance","distance","61 Cygni","61 Cygni",PLANT,"related concept",high,1745,True
"distance","distance","Uranus","Uranus",PLANT,"related concept",low,,False
"distance","distance","Vega Lyrae","Vega Lyrae",PLANT,"related concept",high,,False
"distance","distance","geographical miles","geographical miles",CONCEPT,"unit of distance",high,,False
"distance","distance","61 Cygni","61 Cygni",PLANT,"related concept",high,1745,True
"distance","distance","Bessel","Bessel",PERSON,"related person",high,269,True
"Medicamentos","Medicine","Electuary of the Queen of Colein","Electuary of the Queen of Colein",SUBSTANCE,"a composition mentioned alongside a known entity",high,,False
"Medicamentos","Medicine","powder of Nicolaus","powder of Nicolaus",SUBSTANCE,"a composition mentioned alongside a known entity",high,,False
"electric currents","Electric current","fire-emitting mountains","fire-emitting mountains",PLACE,"a descriptive term for volcanoes; which are related to the known entity",high,,False
"electric currents","Electric current","lava","lava",SUBSTANCE,"ejected material from volcanoes; related to the known entity",high,2040;1714,True
"electric currents","Electric current","trachyte","trachyte",SUBSTANCE,"a type of rock associated with volcanic formation",medium,1626,True
"electric currents","Electric current","labradoritic augite","labradoritic augite",SUBSTANCE,"a type of mineral associated with volcanic formation",medium,,False
"Needle","Needle","magnetic equator","magnetic equator",PLACE,"a line related to the magnetic field; and thus the needle",high,,False
"Needle","Needle","line of no dip","line of no dip",PLACE,"a synonym for the magnetic equator; related to the needle's behavior",high,,False
"Needle","Needle","dipping needle","dipping needle",OBJECT,"a type of needle that behaves similarly to the known entity",high,,False
"mace","mace","Wal-nut","walnut",PLANT,"part of",high,,False
"mace","mace","Kernel","kernel",SUBSTANCE,"part of",high,,False
"mace","mace","Nutmeg","nutmeg",PLANT,"synonym for",high,2692,True
"mace","mace","Wal-nut","walnut",PLANT,"part of",high,,False
"mace","mace","Kernel","kernel",SUBSTANCE,"part of",high,,False
"mace","mace","Nutmeg","nutmeg",PLANT,"synonym for",high,2692,True
"classes","Class (taxonomy)","genera","genus",CONCEPT,"part of classification hierarchy",high,611;263,True
"classes","Class (taxonomy)","sub-families","subfamily",CONCEPT,"part of classification hierarchy",high,,False
"classes","Class (taxonomy)","families","family",CONCEPT,"part of classification hierarchy",high,164,True
"classes","Class (taxonomy)","sections","section",CONCEPT,"part of classification hierarchy",high,4254,True
"classes","Class (taxonomy)","orders","order",CONCEPT,"part of classification hierarchy",high,1976,True
"retina","Retina","muscæ volitantes","muscae volitantes",CONCEPT,"phenomenon related to vision",high,,False
"retina","Retina","fibres","fiber",SUBSTANCE,"component of muscæ volitantes",high,331;2956,True
"retina","Retina","granules","granule",SUBSTANCE,"component of muscæ volitantes",high,4265,True
"retina","Retina","vitreous humor","vitreous humor",SUBSTANCE,"medium containing muscæ volitantes",high,,False
"steam","Steam","nebula in Andromeda","nebula in Andromeda",PLACE,"example of a nebulous star",high,,False
"steam","Steam","planetary nebulous","planetary nebula",PLACE,"type of nebula",high,,False
"Sea","Sea","sargassa","Sargassum",PLANT,"type of alga found in the sea",high,,False
"cohesion","cohesion","tangibility","tangibility",CONCEPT,"physical property of matter; alongside cohesion and weight",high,3516,True
"cohesion","cohesion","visibility","visibility",CONCEPT,"physical property of matter; alongside cohesion and weight",high,3786,True
"cohesion","cohesion","weight","weight",CONCEPT,"physical property of matter; alongside cohesion and tangibility",high,412,True
"Breath","Respiration","jaw-muscles","jaw muscles",CONCEPT,"muscles that contract during effort",high,,False
"Breath","Respiration","brow","brow",CONCEPT,"part of the head whose muscles contract during effort",high,,False
"Breath","Respiration","glottis","glottis",CONCEPT,"part of the head whose muscles contract during effort",high,2735,True
"Inclination","Inclination","eccentricity","eccentricity",CONCEPT,"orbital characteristic of planets",high,762,True
"Inclination","Inclination","magnetic equator","magnetic equator",CONCEPT,"a line related to the inclination needle",high,,False
"Inclination","Inclination","line of no dip","line of no dip",CONCEPT,"a synonym for magnetic equator",high,,False
"Inclination","Inclination","dipping needle","dipping needle",CONCEPT,"a type of needle influenced by inclination",high,,False
"Inclination","Inclination","magnetic","magnetic",CONCEPT,"related to the points where inclination is perpendicular",low,241,True
"Excentricity","Eccentricity (astronomy)","inclination","inclination",CONCEPT,"a characteristic of planetary orbits",high,757,True
"domestic animals","Domestic animals","accidental variations","accidental variations",CONCEPT,"factors in modifying mental qualities of domestic animals",high,,False
"grego","Greece","perihelion","perihelion",CONCEPT,"a point on the major axis of an orbit; defined by a Greek term",high,700,True
"grego","Greece","aphelion","aphelion",CONCEPT,"a point on the major axis of an orbit; defined by a Greek term",high,864,True
"grego","Greece","perihelion","perihelion",CONCEPT,"synonym for 'round the sun'",high,700,True
"grego","Greece","aphelion","aphelion",CONCEPT,"synonym for 'at a distance from the sun'",high,864,True
"rhythm","Rhythm","beats","beats",CONCEPT,"instance of rhythms in acoustics",high,1376,True
"phenomena","phenomena","contrast","contrast",CONCEPT,"phenomena of contrast in sense-perception",high,,False
"phenomena","phenomena","Goethe","Goethe",PERSON,"individual who observed phenomena",high,1020,True
"phenomena","phenomena","Purkinje","Purkinje",PERSON,"individual who observed phenomena",high,,False
"sphere","sphere","falling","falling stars",CONCEPT,"known as falling",medium,1298;2314,True
"elements","Elements","ME","Me",CONCEPT,"part of personality",high,,False
"elements","Elements","I","I",CONCEPT,"part of personality",high,,False
"elements","Elements","Nominalism","Nominalism",CONCEPT,"philosophical opinion",high,,False
"elements","Elements","Xɑ","Xɑ",CONCEPT,"equivalent series element",high,,False
"elements","Elements","Xβ","Xβ",CONCEPT,"equivalent series element",high,,False
"elements","Elements","Xɣ","Xɣ",CONCEPT,"equivalent series element",high,,False
"elements","Elements","atoms","atoms",CONCEPT,"ultimate components of elements",high,1411;84,True
"elements","Elements","simple substances","simple substances",SUBSTANCE,"potentially compounded elements",high,,False
"men","Humans","Geniuses","Geniuses",PERSON,"other notable individuals",high,,False
"men","Humans","diseases","diseases",DISEASE,"compared with recognized uniformities",high,206,True
"men","Humans","bodily injury","bodily injury",DISEASE,"associated with death",high,,False
"Deer","Deer","bone","bone",SUBSTANCE,"induration found in roots",high,347;4023,True
"Deer","Deer","induration of the Roots of the arterial vein and great artery","induration of the Roots of the arterial vein and great artery",SUBSTANCE,"a specific condition believed to be found in deer",high,,False
"Deer","Deer","arterial vein","arterial vein",CONCEPT,"part of a structure where induration is found",high,,False
"Deer","Deer","great artery","great artery",CONCEPT,"part of a structure where induration is found",high,2696,True
"Branches","Branches","geniuses","Geniuses",PERSON,"people possessing genius",high,,False
"fauna","Fauna","older formation","older formation",CONCEPT,"geological layer into which colonies intrude",high,,False
"fauna","Fauna","geographical province","geographical province",PLACE,"origin of temporary migration",high,190,True
"fauna","Fauna","floras","flora",CONCEPT,"parallel concept to faunas",high,2595,True
"fauna","Fauna","mammalia","mammals",ANIMAL,"type of organism mentioned",high,266;2279,True
"fauna","Fauna","flora","flora",CONCEPT,"parallel concept to fauna",high,2595,True
"words","Word","table","table",CONCEPT,"example of concrete word",high,4468,True
"words","Word","Boston","Boston",PLACE,"example of concrete word",high,363,True
"words","Word","criminal legislation","criminal legislation",CONCEPT,"example of abstract word",high,,False
"words","Word","fallacy","fallacy",CONCEPT,"example of abstract word",high,,False
"words","Word","Hegel","Hegel",PERSON,"person whose dictum is discussed",high,2302,True
"words","Word","pure being","pure being",CONCEPT,"part of Hegel's dictum",high,,False
"words","Word","pure nothing","pure nothing",CONCEPT,"part of Hegel's dictum",high,,False
"words","Word","definition","definition",CONCEPT,"what words form",high,,False
"words","Word","Hegel","Hegel",PERSON,"person whose dictum is discussed",high,2302,True
"words","Word","pure being","pure being",CONCEPT,"part of Hegel's dictum",high,,False
"words","Word","pure nothing","pure nothing",CONCEPT,"part of Hegel's dictum",high,,False
"words","Word","Materialist","Materialist",CONCEPT,"one side of a controversy",high,3511,True
"words","Word","Spiritualist","Spiritualist",CONCEPT,"other side of a controversy",high,1780,True
"magnets","Magnets","artificial magnets","magnets",SUBSTANCE,"comparison to earth's magnets",high,822;3767,False
"Back","Back","Mary","Mary",PERSON,"person experiencing trance",high,437,True
"Back","Back","Roffs","Roffs",PERSON,"family Mary stayed with",high,,False
"Back","Back","heaven","heaven",CONCEPT,"destination of Mary's spirit",high,941;3111,True
"Back","Back","Lurancy","Lurancy",PERSON,"original personality",high,,False
"limbs","Ligaments","flying squirrels","flying squirrels",ANIMAL,"comparison to observed animals",high,,False
"tail","Tail","head","head",SUBSTANCE,"part of a comet",high,1508,True
"tail","Tail","nucleus","nucleus",SUBSTANCE,"part of a comet",high,929,True
"tail","Tail","brush","brush",SUBSTANCE,"Chinese name for comet tail",high,,False
"tail","Tail","sui","sui",SUBSTANCE,"Chinese name for comet tail",high,,False
"chalk","Chalk","butter sandstone","butter sandstone",SUBSTANCE,"stratum",high,,False
"chalk","Chalk","muschelkalk","muschelkalk",SUBSTANCE,"stratum",high,1936,True
"chalk","Chalk","keuper","keuper",SUBSTANCE,"stratum",high,2415,True
"chalk","Chalk","Jura limestone","Jura limestone",SUBSTANCE,"stratum",high,1987,True
"chalk","Chalk","lias","lias",SUBSTANCE,"stratum",high,,False
"chalk","Chalk","oolite","oolite",SUBSTANCE,"stratum",high,,False
"chalk","Chalk","freestone","freestone",SUBSTANCE,"stratum",high,,False
"chalk","Chalk","mountain limestone","mountain limestone",SUBSTANCE,"stratum",high,,False
"chalk","Chalk","granular limestone","granular limestone",SUBSTANCE,"tertiary formation designation",high,,False
"chalk","Chalk","lignite","lignite",SUBSTANCE,"tertiary formation designation",high,1760,True
"chalk","Chalk","crocodile of Maestricht","crocodile of Maestricht",ANIMAL,"Maestricht characteristic",high,,False
"chalk","Chalk","Mososaurus","Mosasaurus",ANIMAL,"scientific name for crocodile of Maestricht",high,,False
"effort","effort","idea","idea",CONCEPT,"Kant's philosophy term",high,226,True
"effort","effort","pseud-idea","pseud-idea",CONCEPT,"Kant's philosophy term",high,,False
"Reality","reality","Noumenon","Noumenon",CONCEPT,"synonym for Reality",high,4233,True
"Reality","reality","phenomenon","phenomenon",CONCEPT,"part of the mind",high,2306,True
"Reality","reality","Noumenon","Noumenon",CONCEPT,"synonym for Reality",high,4233,True
"Reality","reality","phenomenon","phenomenon",CONCEPT,"part of the mind",high,2306,True
"Reality","reality","Psychologist","Psychologist",PERSON,"onlooking",high,,False
"intensity","intensity","dogs","dog",ANIMAL,"animals producing movements",high,8;2154;3932,True
"intensity","intensity","monkeys","monkey",ANIMAL,"animals producing movements",high,872;2283,True
"intensity","intensity","animals","animal",ANIMAL,"general term for subjects",high,1810;19,True
"Elephants","Elephant","horto","horto",PLANT,"mentioned alongside other entities",low,,False
"Elephants","Elephant","Cadamustus","Cadamustus",PLANT,"mentioned alongside other entities",low,,False
"Elephants","Elephant","horns","horn",ANIMAL,"alternative name for elephant tusks",high,2258,True
"philosophers","Philosophers","sensations","sensation",CONCEPT,"simple ideas",high,228,True
"philosophers","Philosophers","ideas","idea",CONCEPT,"atomic nature",high,226,True
"philosophers","Philosophers","Nominalism","Nominalism",CONCEPT,"a philosophical opinion held by some philosophers",high,,False
"Charcoal","Coal","rocks of transition","transition rocks",PLACE,"an older designation for Silurian and Devonian formations",high,,False
"Charcoal","Coal","mountain limestone","mountain limestone",SUBSTANCE,"part of the lower trias",high,,False
"Charcoal","Coal","coal measures","coal measures",PLACE,"part of the lower trias",high,,False
"Charcoal","Coal","todilegende","Todtliegende",PLACE,"part of the lower trias",high,,False
"Charcoal","Coal","zechstein","Zechstein",PLACE,"part of the lower trias",high,2046,True
"Charcoal","Coal","butter sandstone","Butterstone",SUBSTANCE,"part of the upper trias",high,,False
"Charcoal","Coal","muschelkalk","Muschelkalk",SUBSTANCE,"part of the upper trias",high,1936,True
"Charcoal","Coal","keuper","Keuper",PLACE,"part of the upper trias",high,2415,True
"Charcoal","Coal","Jura limestone","Jura limestone",SUBSTANCE,"part of the Jura limestone",high,1987,True
"Charcoal","Coal","lias","Lias",PLACE,"part of the Jura limestone",high,,False
"Charcoal","Coal","oolite","Oolite",SUBSTANCE,"part of the Jura limestone",high,,False
"Charcoal","Coal","freestone","Freestone",SUBSTANCE,"a geological formation",medium,,False
"Charcoal","Coal","graywacke","Graywacke",SUBSTANCE,"a geological formation",high,1935,True
"Charcoal","Coal","silurian and devonian systems","Silurian and Devonian systems",PLACE,"geological formations previously designated as old red sandstone",high,,False
"Charcoal","Coal","old red sandstone","Old Red Sandstone",SUBSTANCE,"an older designation for the Silurian and Devonian systems",high,,False
"Charcoal","Coal","lower trias","lower trias",PLACE,"a geological period",high,,False
"Charcoal","Coal","mountain limestone","mountain limestone",SUBSTANCE,"comprising the lower trias",high,,False
"Charcoal","Coal","coal-measures","coal measures",PLACE,"comprising the lower trias",high,,False
"Charcoal","Coal","lower new red sandstone","lower new red sandstone",SUBSTANCE,"comprising the lower trias",high,,False
"Charcoal","Coal","Todtliegende","Todtliegende",PLACE,"comprising the lower trias",high,,False
"Charcoal","Coal","Zechstein","Zechstein",PLACE,"comprising the lower trias",high,2046,True
"Charcoal","Coal","upper trias","upper trias",PLACE,"a geological period",high,,False
"Charcoal","Coal","variegated sandstone","variegated sandstone",SUBSTANCE,"including the upper trias",high,,False
"Charcoal","Coal","muschelkalk","Muschelkalk",SUBSTANCE,"including the upper trias",high,1936,True
"taste","Taste","peppermint taste","peppermint taste",CONCEPT,"an objective fact perceived",high,,False
"taste","Taste","aromatic or sapid quality","aromatic or sapid quality",CONCEPT,"an objective fact perceived within the peppermint taste",high,,False
"taste","Taste","coldness","coldness",CONCEPT,"an objective fact perceived within the peppermint taste",high,664;4473;1563,True
"alkalies","Alkali","bitumen","Bitumen",SUBSTANCE,"a substance considered a cause of volcanic phenomena",high,160,True
"alkalies","Alkali","pyrites","Pyrites",SUBSTANCE,"a substance considered a cause of volcanic phenomena",high,1090,True
"alkalies","Alkali","sulphur","Sulphur",SUBSTANCE,"a substance considered a cause of volcanic phenomena",high,313;1820,True
"alkalies","Alkali","iron","Iron",SUBSTANCE,"a substance considered a cause of volcanic phenomena",high,592;251,True
"alkalies","Alkali","pyrophoric substances","pyrophoric substances",SUBSTANCE,"a type of substance considered a cause of volcanic phenomena",high,,False
"alkalies","Alkali","metals of the alkalies","metals of the alkalies",SUBSTANCE,"a group of metals considered a cause of volcanic phenomena",high,,False
"alkalies","Alkali","earths","earths",SUBSTANCE,"a group of substances considered a cause of volcanic phenomena",high,21;1183,True
"Aphelion","Aphelion","perihelion","perihelion",CONCEPT,"a point in an orbit; commonly called",high,700,True
"experiment","scientific experiment","Loadstone","lodestone",SUBSTANCE,"synonym",high,593,True
"experiment","scientific experiment","Renatus des Cartes","René Descartes",PERSON,"cited author",high,875,True
"experiment","scientific experiment","magnes","magnet",SUBSTANCE,"synonym",high,593;628;822,True
"homem","human","surgical shock","surgical shock",DISEASE,"example of inhibition",high,,False
"homem","human","Goltz","Goltz",PERSON,"cited researcher",high,,False
"homem","human","Freusberg","Freusberg",PERSON,"cited researcher",high,,False
"abstraction","Abstraction","Herr Horwicz","Herr Horwicz",PERSON,"cited author",high,,False
"abstraction","Abstraction","Caird","Caird",PERSON,"cited author",high,,False
"abstraction","Abstraction","Green","Green",PERSON,"cited author",high,502;359,True
"fluid","water","fluid motion","fluid motion",CONCEPT,"example of force",high,,False
"fluid","water","electric","electric",CONCEPT,"example of force",high,2656,True
"fluid","water","magnetic","magnetic",CONCEPT,"example of force",high,241,True
"fluid","water","chemical affinity","chemical affinity",CONCEPT,"example of force",high,727,True
"Astronomers","astronomers","sui","sui",CONCEPT,"Chinese name for the tail of a comet",high,,False
"European","Europe","Halley's comet","Halley's Comet",CONCEPT,"A specific comet observed and calculated from European observations",high,1724,True
"European","Europe","Scythian","Scythian",CONCEPT,"An alternative term for certain groups of people",high,,False
"European","Europe","Allophyllic","Allophyllic",CONCEPT,"An alternative term for certain groups of people",high,,False
"European","Europe","Iranian","Iranian",CONCEPT,"A proposed term for European nations",high,,False
"fossiliferous strata","Fossiliferous strata","gneiss","gneiss",SUBSTANCE,"A type of rock that may be changed sedimentary strata",high,1625,True
"fossiliferous strata","Fossiliferous strata","mica schist","mica schist",SUBSTANCE,"A type of rock that may be changed sedimentary strata",high,,False
"nervous shock","Nervous shock","medulla oblongata","medulla oblongata",CONCEPT,"Part of the nerve-centre involved in inhibition after injury",high,,False
"nervous shock","Nervous shock","medulla oblongata","medulla oblongata",CONCEPT,"Part of the nerve-centre involved in inhibition after injury",high,,False
"centre","Center","Meynert","Meynert",PERSON,"mentioned in relation to the study of brain anatomy and physiology",high,,False
"centre","Center","pons","pons",SUBSTANCE,"a region through which motor incitations pass",high,,False
"centre","Center","medulla","medulla",SUBSTANCE,"a region through which motor incitations pass",high,1043,True
"centre","Center","spinal cord","spinal cord",SUBSTANCE,"a region through which motor incitations pass",high,1658;1043;2799,True
"centre","Center","Acosta","Acosta",PERSON,"mentioned as a source of original observations",high,,False
"centre","Center","Varenius","Varenius",PERSON,"mentioned for his wide circle of ideas",high,,False
"centre","Center","Generalis sive Universalis Geographia","Generalis sive Universalis Geographia",CONCEPT,"a work or concept mentioned in relation to Varenius",high,,False
"nucleus","nucleus","head","head",SUBSTANCE,"synonym for 'nucleus' in the context of a comet",high,1508,True
"nucleus","nucleus","head","head",SUBSTANCE,"synonym for 'nucleus' in the context of a comet",high,1508,True
"nucleus","nucleus","the brush","the brush",SUBSTANCE,"Chinese astronomers' name for the tail of a comet",high,,False
"nucleus","nucleus","sui","sui",SUBSTANCE,"Chinese astronomers' name for the tail of a comet",high,,False
"nucleus","nucleus","head","head",SUBSTANCE,"synonym for 'nucleus' in the context of a comet",high,1508,True
"atmospheric pressure","atmospheric pressure","Dove","Dove",PERSON,"author of 'Ueber die Sturme'",high,,False
"atmospheric pressure","atmospheric pressure","Ueber die Sturme","Ueber die Sturme",CONCEPT,"a work mentioned in relation to atmospheric pressure and winds",high,,False
"atmospheric pressure","atmospheric pressure","Poggend.","Poggendorf",PERSON,"publisher of 'Annalen'",high,,False
"atmospheric pressure","atmospheric pressure","Annalen","Annalen",CONCEPT,"a publication where 'Ueber die Sturme' is featured",high,,False
"atmospheric pressure","atmospheric pressure","barometric windroses","barometric windroses",CONCEPT,"a term for tables of atmospheric pressure during different winds",high,,False
"atmospheric pressure","atmospheric pressure","Leopold","Leopold",PERSON,"mentioned in the context of meteorological phenomena",low,,False
"heavens","Cosmos","Crystal","Crystal",SUBSTANCE,"simile",high,696;1034,True
"heavens","Cosmos","Cosmos","Cosmos",CONCEPT,"synonym",high,941,False
"Greek","Greek","GREEK SMALL LETTER EPSILON","epsilon",CONCEPT,"part of",high,,False
"Greek","Greek","GREEK SMALL LETTER RHO","rho",CONCEPT,"part of",high,,False
"Greek","Greek","GREEK SMALL LETTER IOTA WITH VARIA","iota",CONCEPT,"part of",high,,False
"Greek","Greek","GREEK SMALL LETTER ALPHA WITH PSILI","alpha",CONCEPT,"part of",high,,False
"Greek","Greek","GREEK SMALL LETTER PI","pi",CONCEPT,"part of",high,,False
"Greek","Greek","GREEK SMALL LETTER IOTA WITH OXIA","iota",CONCEPT,"part of",high,,False
"Greek","Greek","GREEK SMALL LETTER SIGMA","sigma",CONCEPT,"part of",high,,False
"Greek","Greek","GREEK SMALL LETTER TAU","tau",CONCEPT,"part of",high,,False
"Greek","Greek","GREEK SMALL LETTER OMEGA","omega",CONCEPT,"part of",high,,False
"Greek","Greek","GREEK SMALL LETTER NU","nu",CONCEPT,"part of",high,,False
"Greek","Greek","de incredibilibus","de incredibilibus",CONCEPT,"title of work",high,,False
"Greek","Greek","GREEK SMALL LETTER IOTA WITH VARIA","iota",CONCEPT,"part of",high,,False
"Greek","Greek","GREEK SMALL LETTER ALPHA WITH PSILI","alpha",CONCEPT,"part of",high,,False
"Greek","Greek","GREEK SMALL LETTER PI","pi",CONCEPT,"part of",high,,False
"Greek","Greek","GREEK SMALL LETTER IOTA WITH OXIA","iota",CONCEPT,"part of",high,,False
"Greek","Greek","GREEK SMALL LETTER SIGMA","sigma",CONCEPT,"part of",high,,False
"Greek","Greek","GREEK SMALL LETTER TAU","tau",CONCEPT,"part of",high,,False
"Greek","Greek","GREEK SMALL LETTER OMEGA","omega",CONCEPT,"part of",high,,False
"Greek","Greek","GREEK SMALL LETTER NU","nu",CONCEPT,"part of",high,,False
"Greek","Greek","de incredibilibus","de incredibilibus",CONCEPT,"title of work",high,,False
"Greek","Greek","GREEK SMALL LETTER PI","pi",CONCEPT,"part of",high,,False
"Greek","Greek","GREEK SMALL LETTER IOTA WITH OXIA","iota",CONCEPT,"part of",high,,False
"Greek","Greek","GREEK SMALL LETTER SIGMA","sigma",CONCEPT,"part of",high,,False
"Greek","Greek","GREEK SMALL LETTER TAU","tau",CONCEPT,"part of",high,,False
"Greek","Greek","GREEK SMALL LETTER OMEGA","omega",CONCEPT,"part of",high,,False
"Greek","Greek","GREEK SMALL LETTER NU","nu",CONCEPT,"part of",high,,False
"Greek","Greek","de incredibilibus","de incredibilibus",CONCEPT,"title of work",high,,False
"Greek","Greek","Orpheus","Orpheus",PERSON,"mentioned in fable",high,2666,True
"Greek","Greek","Greece","Greece",PLACE,"source of mendacity",high,773,True
"Greek","Greek","Greeks","Greeks",PERSON,"termed",high,57;2636,True
"Greek","Greek","GREEK SMALL LETTER MU","mu",CONCEPT,"part of",high,,False
"Greek","Greek","GREEK SMALL LETTER UPSILON","upsilon",CONCEPT,"part of",high,,False
"Greek","Greek","GREEK SMALL LETTER THETA","theta",CONCEPT,"part of",high,,False
"Greek","Greek","GREEK SMALL LETTER IOTA","iota",CONCEPT,"part of",high,,False
"Greek","Greek","GREEK SMALL LETTER KAPPA","kappa",CONCEPT,"part of",high,,False
"Greek","Greek","[Greek word]","etiology",CONCEPT,"related to etymologies",high,,False
"Greek","Greek","[Greek word]","etiology",CONCEPT,"related to etymologies",high,,False
"Greek","Greek","[Greek word]","etiology",CONCEPT,"related to etymologies",high,,False
"Greek","Greek","[Greek word]","etiology",CONCEPT,"related to etymologies",high,,False
"Greek","Greek","[Greek word]","etiology",CONCEPT,"related to etymologies",high,,False
"Greek","Greek","Welcker","Welcker",PERSON,"cited author",high,,False
"Greek","Greek","[Greek word]","etiology",CONCEPT,"related to etymologies",high,,False
"Greek","Greek","[Greek word]","etiology",CONCEPT,"related to etymologies",high,,False
"Greek","Greek","[Greek word]","etiology",CONCEPT,"related to etymologies",high,,False
"Greek","Greek","[Greek word]","etiology",CONCEPT,"related to etymologies",high,,False
"Greek","Greek","[Greek word]","etiology",CONCEPT,"related to etymologies",high,,False
"Greek","Greek","Welcker","Welcker",PERSON,"cited author",high,,False
"algæ","Algae","sargassa","sargassum",PLANT,"type of accumulation of algae",high,,False
"algæ","Algae","Columbus","Columbus",PERSON,"early navigator",high,327,True
"algæ","Algae","Lerius","Lerius",PERSON,"early navigator",high,3226,True
"development","Development","The Development Hypothesis","Development Hypothesis",CONCEPT,"speculation",high,,False
"development","Development","Motion","Motion",CONCEPT,"primitive conception from which adult conception evolves",high,56;1375,True
"development","Development","Space","Space",CONCEPT,"evolved simultaneously with Motion and Time",high,240,True
"development","Development","Time","Time",CONCEPT,"evolved simultaneously with Motion and Space",high,223,True
"meaning","Meaning","table","table",CONCEPT,"concrete word whose meaning consists of sensory images",high,4468,True
"meaning","Meaning","Boston","Boston",PLACE,"concrete word whose meaning consists of sensory images",high,363,True
"meaning","Meaning","criminal legislation","criminal legislation",CONCEPT,"abstract word whose meaning consists of other words",high,,False
"meaning","Meaning","fallacy","fallacy",CONCEPT,"abstract word whose meaning consists of other words",high,,False
"meaning","Meaning","pure being","pure being",CONCEPT,"subject of a dictum",high,,False
"meaning","Meaning","pure nothing","pure nothing",CONCEPT,"identical to pure being",high,,False
"Bradley","James Bradley","Bessel","Bessel",PERSON,"known for observations leading to knowledge of matter in a double star",high,269,True
"pitch","pitch (sound)","timbre","timbre",CONCEPT,"quality of tone distinguishable by harshness or sweetness etc.",high,3519,True
"pitch","pitch (sound)","strength","strength",CONCEPT,"quality of tone; along with pitch and timbre",high,,False
"pitch","pitch (sound)","timbre","timbre",CONCEPT,"unlikeness of feeling; related to differences in recurrent noises",high,3519,True
"pitch","pitch (sound)","beats","beats",CONCEPT,"phenomenon in acoustics due to nearly same pitch",high,1376,True
"Tyndall","John Tyndall","diamagnetic","diamagnetic",CONCEPT,"property of substance",high,,False
"Tyndall","John Tyndall","attraction of iron","attraction of iron",CONCEPT,"phenomenon studied by Tyndall",high,,False
"Tyndall","John Tyndall","repulsion of bismuth","repulsion of bismuth",CONCEPT,"phenomenon studied by Tyndall",high,,False
"Tyndall","John Tyndall","electro-magnetic current","electromagnetic current",CONCEPT,"factor in attraction/repulsion",high,,False
"Tyndall","John Tyndall","diamagnetic","diamagnetic",CONCEPT,"property of substance",high,,False
"cause","Causality","Conservation of Force","Conservation of Force",CONCEPT,"known generalization",high,2156,True
"cause","Causality","Progress: its Law and Cause","Progress: its Law and Cause",CONCEPT,"title of published essay",high,,False
"cause","Causality","Transcendental Physiology","Transcendental Physiology",CONCEPT,"title of paper",high,,False
"Repulsion","Repulsion","gravitation","gravitation",CONCEPT,"force where motion is communicated without apparent contact",high,77,True
"Repulsion","Repulsion","attraction","attraction",CONCEPT,"force where motion is communicated without apparent contact",high,82;1309,True
"Repulsion","Repulsion","attraction","attraction",CONCEPT,"universally co-existent force",high,82;1309,True
"natural science","Natural science","geology","geology",CONCEPT,"related to mineralogy",high,278,True
"natural science","Natural science","mineralogy","mineralogy",CONCEPT,"related to geology",high,3625,True
"natural science","Natural science","physical history of the universe","physical history of the universe",CONCEPT,"distinct from Encyclopedias of the Natural Sciences",high,,False
"logic","Logic","definite consciousness","definite consciousness",CONCEPT,"formulated by Logic",high,,False
"logic","Logic","indefinite consciousness","indefinite consciousness",CONCEPT,"cannot be formulated",high,,False
"logic","Logic","complete thoughts","complete thoughts",CONCEPT,"distinct from indefinite consciousness",high,,False
"logic","Logic","sanguis draconis","Sanguis draconis",SUBSTANCE,"synonym for gumme of a tree",high,,False
"logic","Logic","blood of a Dragon","Dragon's blood",SUBSTANCE,"synonym for sanguis draconis",high,1168,True
"logic","Logic","Crystalline humour","Crystalline humour",SUBSTANCE,"analogous to the substance of Crystal",medium,,False
"logic","Logic","Crystalline heaven","Crystalline heaven",PLACE,"analogous to the substance of Crystal",medium,,False
"logic","Logic","Crystal","Crystal",SUBSTANCE,"material substance compared to Crystalline humour and Crystalline heaven",high,696;1034,True
"characters","Traits","generic characters","Generic characters",CONCEPT,"inherited traits from a remote period",high,,False
"Magnetical Phenomena's","Magnetic phenomena","Aurora Borealis","Aurora Borealis",PHENOMENON,"hypothesized as a magnetic phenomenon",high,,False
"hallucination","Hallucination and Delusion","post-hypnotic suggestion","Post-hypnotic suggestion",CONCEPT,"type of suggestion that may lead to hallucination",high,,False
"Physiologie des Menschen","Human Physiology","Joh. Muller","Johann Müller",PERSON,"author of 'Physiologie des Menschen'",high,,False
"Physiologie des Menschen","Human Physiology","cradle of the human race","Cradle of the human race",CONCEPT,"mythical origin place of humans",high,,False
"rivers","River","zërolite","Zërolite",SUBSTANCE,"object that fell into the River Narni",high,,False
"rivers","River","Chronicon Benedicti, Monachi Sancti Andreæ in Mont Soracte","Chronicon Benedicti, Monachi Sancti Andreæ in Mont Soracte",CONCEPT,"source of information about the zërolite",high,,False
"physical conditions","environmental conditions","specific forms","Specific forms",CONCEPT,"forms produced by laws governing variation",high,3284,True
"vegetable kingdoms","plant kingdom","enlarged stems","Enlarged stems",PLANT_PART,"part of analogous variation in Swedish turnip and Ruta baga",high,,False
"vegetable kingdoms","plant kingdom","roots","Roots",PLANT_PART,"commonly called equivalent to enlarged stems",high,536;2921,True
"vegetable kingdoms","plant kingdom","Swedish turnip","Swedish turnip",PLANT,"example of analogous variation",high,,False
"vegetable kingdoms","plant kingdom","Ruta baga","Ruta baga",PLANT,"example of analogous variation",high,,False
"Goethe","Johann Wolfgang von Goethe","Purkinje","Purkinje",PERSON,"individual endowed with talent for observation",high,,False
"degré","Degree (angle)","Variables of seamen","Variables",CONCEPT,"synonym for calms of the equator",high,,False
"degré","Degree (angle)","Canton’s phosphorus","Canton's phosphorus",SUBSTANCE,"known as",high,,False
"degré","Degree (angle)","Bologna stone","Bologna stone",SUBSTANCE,"or",high,,False
"phosphorescence","phosphorescence","Canton’s phosphorus","Canton's phosphorus",SUBSTANCE,"known as",high,,False
"phosphorescence","phosphorescence","sulphuret of barium","barium sulfide",SUBSTANCE,"and",high,,False
"phosphorescence","phosphorescence","Canton’s phosphorus","Canton's phosphorus",SUBSTANCE,"known as",high,,False
"phosphorescence","phosphorescence","Bologna stone","Bologna stone",SUBSTANCE,"or",high,,False
"Eſpinal Medulla","Spinal Cord","pons","pons",SUBSTANCE,"part of the nerve centers",high,,False
"Eſpinal Medulla","Spinal Cord","spinal cord","spinal cord",SUBSTANCE,"part of the nerve centers",high,1658;1043;2799,False
"Eſpinal Medulla","Spinal Cord","medulla oblongata","medulla oblongata",SUBSTANCE,"part of the nerve centres",high,,False
"Geography","Geography","botany","botany",CONCEPT,"related discipline",high,1098,True
"Geography","Geography","descriptive zoology","descriptive zoology",CONCEPT,"related discipline",high,,False
"Geography","Geography","geology","geology",CONCEPT,"related discipline",high,278,True
"Geography","Geography","mineralogy","mineralogy",CONCEPT,"related discipline",high,3625,True
"Geography","Geography","geography","geography",CONCEPT,"synonym/related term",high,3432;1068,False
"alpine","Alps","Plutonic action","Plutonic action",CONCEPT,"related geological process",high,,False
"alpine","Alps","botanical","botanical",CONCEPT,"related field of study",high,,False
"alpine","Alps","zoological","zoological",CONCEPT,"related field of study",high,,False
"alpine","Alps","saxifrages","Saxifraga",PLANT,"member of the Alpine region",high,2949,True
"alpine","Alps","mosses","mosses",PLANT,"member of the Alpine region",high,2317,True
"hypothesis","hypothesis","lunar volcanoes","lunar volcanoes",CONCEPT,"alternative source for aërolites",high,,False
"Montpellier","Montpellier","Montpellier of the North","Montpellier of the North",PLACE,"toponymic comparison",high,,False
"botany","Botany","geography of plants and animals","Geography of plants and animals",CONCEPT,"related field of study",high,,False
"botany","Botany","descriptive zoology","Descriptive zoology",CONCEPT,"related field of study",high,,False
"botany","Botany","geology","Geology",CONCEPT,"related field of study",high,278,True
"botany","Botany","mineralogy","Mineralogy",CONCEPT,"related field of study",high,3625,True
"understanding","Understanding","Volkmann","Volkmann",PERSON,"cited figure",high,,False
"position","Position","M. Janet","M. Janet",PERSON,"cited figure",high,,False
"position","Position","Newton","Newton",PERSON,"associated figure",high,71,True
"position","Position","Newton","Newton",PERSON,"associated figure",high,71,True
"physiologists","Physiologists","Naturalists","Naturalists",PERSON,"related field practitioners",high,1650,True
"physiologists","Physiologists","Comparative Anatomists","Comparative Anatomists",PERSON,"related field practitioners",high,,False
"Powder","Powder","Nicolaus","Nicolaus",PERSON,"mentioned in relation to a composition",high,2688,True
"Powder","Powder","Colein","Cologne",PLACE,"Queen of; associated with an electuary",high,,False
"Powder","Powder","Cardan","Cardano",PERSON,"affirms a property of powder",high,679,True
"Powder","Powder","Snellius","Snell",PERSON,"accounts for powder's expansion",high,,False
"Latina","Latin language","Castor","Beaver",ANIMAL,"a substance derived from; or the animal itself; mentioned in a linguistic context",high,,False
"Latina","Latin language","Fiber","Beaver",ANIMAL,"the correct Latin word for Castor",high,,False
"mankind","humanity","races","races",CONCEPT,"alternative designation for varieties of mankind",high,,False
"chemists","Chemists","atoms","atoms",SUBSTANCE,"assumed ultimate constituents; related to combining weights termed equivalents",high,1411;84,True
"chemists","Chemists","elements","elements",SUBSTANCE,"possess combining weights termed equivalents by chemists",high,794;2703,True
"chemists","Chemists","equivalents","equivalents",CONCEPT,"term used by chemists for combining weights of elements",high,,False
"medium","Medium","radiation","radiation",CONCEPT,"cooling power acting on a mass",high,332,True
"medium","Medium","ethereal medium","ethereal medium",SUBSTANCE,"space containing lines of magnetic force",high,4521,True
"medium","Medium","ethereal medium","ethereal medium",SUBSTANCE,"space permeable to lines of magnetic force",high,4521,True
"medium","Medium","optics","optics",CONCEPT,"department dealing with refractive powers of media",high,3551,True
"creatures","living beings","men","men",PERSON,"inferior creatures exhibiting connexion between death and bodily injury",high,795;604,True
"creatures","living beings","diseases","diseases",DISEASE,"observable uniformities",high,206,True
"anatomias","Anatomy","anatomy","anatomy",CONCEPT,"synonym",high,2892;1167,False
"anatomias","Anatomy","physiology","physiology",CONCEPT,"related field",high,1000,True
"earths","Earths","alkalies","alkalies",SUBSTANCE,"related substance",high,863,True
"earths","Earths","earths","earths",SUBSTANCE,"related substance",high,21;1183,False
"Arithmetica","Arithmetic","Mathematicks","mathematics",CONCEPT,"broader field",high,161,True
"Arithmetica","Arithmetic","Arithmetick","arithmetic",CONCEPT,"part of",high,1207,False
"Arithmetica","Arithmetic","Geometry","geometry",CONCEPT,"related field",high,2912,True
"herbaceous Plant","herbaceous plant","Water Flower-De-luce","Water Flower-De-luce",PLANT,"comparison",medium,,False
"herbaceous Plant","herbaceous plant","Reed","reed",PLANT,"comparison",medium,,False
"parents","Parents","Swedish turnip","Brassica rapa subsp. rapifera",PLANT,"variety of common parent",high,,False
"parents","Parents","Ruta baga","Brassica napus subsp. rapifera",PLANT,"variety of common parent",high,,False
"individual","Organism","Steenstrup","Japetus Steenstrup",PERSON,"associated with alternate generations",high,,False
"individual","Organism","Steenstrup","Japetus Steenstrup",PERSON,"associated with alternate generations",high,,False
"numbers","Number","Lucie","Lucie",PERSON,"subject of experiment",high,2024,True
"numbers","Number","Lucie","Lucie",PERSON,"subject of experiment",high,2024,True
"innate","Heredity","generic characters","generic characters",CONCEPT,"inherited from a remote period",high,,False
"distinction","Distinction","Spitzfindigkeit","Spitzfindigkeit",CONCEPT,"synonym for pedantic hair-splitting",high,,False
"blood-vessels","Blood vessels","surgical shock","Surgical shock",DISEASE,"a condition related to inhibition",high,,False
"fallar","Fall","falling stars","meteor",CONCEPT,"synonym",high,2314;2133,True
"fallar","Fall","meteors","meteor",CONCEPT,"synonym",high,2314;1868;2133,True
"fallar","Fall","aërolites","meteorite",SUBSTANCE,"related concept",medium,678,True
"faculty","Faculty","Coition","coition",CONCEPT,"alternative name for motion",high,,False
"faculty","Faculty","Syndrome","syndrome",CONCEPT,"related concept",medium,,False
"faculty","Faculty","Difference, commonly so called","difference",CONCEPT,"alternative phrasing",high,698,True
"proportion","proportion","Earth","Earth",PLACE,"example of a conception",high,709;533;21,True
"proportion","proportion","properly so called","properly so called",CONCEPT,"qualifier for conception",high,,False
"attractive","attraction","Coition","coition",CONCEPT,"alternative name for motion",high,,False
"attractive","attraction","Syndrome","syndrome",CONCEPT,"related concept",medium,,False
"production","Production","Harts tongue","Phyllitis scolopendrium",PLANT,"example plant",high,,False
"production","Production","Cocks eggs","cock's egg",CONCEPT,"an example related to unfruitful substance",high,,False
"production","Production","Ovum Centeninum","ovum centeninum",CONCEPT,"a synonym for Cocks eggs",high,,False
"Müller","Johannes Peter Müller","Joh. Muller","Johannes Müller",PERSON,"mentioned in a citation",high,,False
"change","change","Brown","Brown",PERSON,"a person referred to by a nickname",high,406,True
"mathematicians","Mathematicians","equilibrium mobile","equilibrium mobile",CONCEPT,"a term used by French mathematicians",high,,False
"new red sandstone","New Red Sandstone","silurian","Silurian",CONCEPT,"geological formation",high,1756,True
"new red sandstone","New Red Sandstone","devonian","Devonian",CONCEPT,"geological formation",high,,False
"new red sandstone","New Red Sandstone","cambrian","Cambrian",CONCEPT,"geological formation",high,,False
"new red sandstone","New Red Sandstone","old red sandstone","Old Red Sandstone",SUBSTANCE,"geological formation",high,,False
"new red sandstone","New Red Sandstone","Carboniferous","Carboniferous",CONCEPT,"geological period/formation",high,,False
"new red sandstone","New Red Sandstone","graywacke","Graywacke",SUBSTANCE,"rock type",high,1935,True
"new red sandstone","New Red Sandstone","silurian","Silurian",CONCEPT,"geological system",high,1756,True
"new red sandstone","New Red Sandstone","devonian","Devonian",CONCEPT,"geological system",high,,False
"new red sandstone","New Red Sandstone","old red sandstone","Old Red Sandstone",SUBSTANCE,"geological formation",high,,False
"new red sandstone","New Red Sandstone","lower trias","Lower Triassic",CONCEPT,"geological period",high,,False
"new red sandstone","New Red Sandstone","mountain limestone","Mountain Limestone",SUBSTANCE,"rock type",high,,False
"new red sandstone","New Red Sandstone","coal-measures","Coal Measures",CONCEPT,"geological formation",high,,False
"new red sandstone","New Red Sandstone","Todtliegende","Todtliegende",SUBSTANCE,"geological formation",high,,False
"new red sandstone","New Red Sandstone","Zechstein","Zechstein",SUBSTANCE,"geological formation",high,2046,True
"new red sandstone","New Red Sandstone","old red sandstone","Old Red Sandstone",SUBSTANCE,"geological formation",high,,False
"new red sandstone","New Red Sandstone","lower trias","Lower Triassic",CONCEPT,"geological period",high,,False
"new red sandstone","New Red Sandstone","mountain limestone","Mountain Limestone",SUBSTANCE,"rock type",high,,False
"new red sandstone","New Red Sandstone","coal-measures","Coal Measures",CONCEPT,"geological formation",high,,False
"new red sandstone","New Red Sandstone","Todtliegende","Todtliegende",SUBSTANCE,"geological formation",high,,False
"new red sandstone","New Red Sandstone","Zechstein","Zechstein",SUBSTANCE,"geological formation",high,2046,True
"new red sandstone","New Red Sandstone","upper trias","Upper Triassic",CONCEPT,"geological period",high,,False
"new red sandstone","New Red Sandstone","variegated sandstone","Variegated Sandstone",SUBSTANCE,"geological formation",high,,False
"new red sandstone","New Red Sandstone","muschelkalk","Muschelkalk",SUBSTANCE,"geological formation",high,1936,True
"new red sandstone","New Red Sandstone","keuper","Keuper",SUBSTANCE,"geological formation",high,2415,True
"new red sandstone","New Red Sandstone","Jura limestone","Jurassic Limestone",SUBSTANCE,"rock type",high,1987,True
"new red sandstone","New Red Sandstone","lias","Lias",SUBSTANCE,"geological formation",high,,False
"new red sandstone","New Red Sandstone","oolite","Oolite",SUBSTANCE,"rock type",high,,False
"new red sandstone","New Red Sandstone","old red sandstone","Old Red Sandstone",SUBSTANCE,"geological formation",high,,False
"new red sandstone","New Red Sandstone","lower trias","Lower Triassic",CONCEPT,"geological period",high,,False
"new red sandstone","New Red Sandstone","mountain limestone","Mountain Limestone",SUBSTANCE,"rock type",high,,False
"new red sandstone","New Red Sandstone","coal-measures","Coal Measures",CONCEPT,"geological formation",high,,False
"new red sandstone","New Red Sandstone","Todtliegende","Todtliegende",SUBSTANCE,"geological formation",high,,False
"new red sandstone","New Red Sandstone","Zechstein","Zechstein",SUBSTANCE,"geological formation",high,2046,True
"new red sandstone","New Red Sandstone","upper trias","Upper Triassic",CONCEPT,"geological period",high,,False
"new red sandstone","New Red Sandstone","variegated sandstone","Variegated Sandstone",SUBSTANCE,"geological formation",high,,False
"new red sandstone","New Red Sandstone","muschelkalk","Muschelkalk",SUBSTANCE,"geological formation",high,1936,True
"new red sandstone","New Red Sandstone","keuper","Keuper",SUBSTANCE,"geological formation",high,2415,True
"new red sandstone","New Red Sandstone","Jura limestone","Jurassic Limestone",SUBSTANCE,"rock type",high,1987,True
"new red sandstone","New Red Sandstone","lias","Lias",SUBSTANCE,"geological formation",high,,False
"new red sandstone","New Red Sandstone","oolite","Oolite",SUBSTANCE,"rock type",high,,False
"Nepaul","Nepal","Nepaul fern","Paranema cyathoides",PLANT,"plant from the region",high,,False
"Nepaul","Nepal","Paranema cyathoides","Paranema cyathoides",PLANT,"plant from the region",high,,False
"Nepaul","Nepal","Sphaeroptera barbata","Sphaeroptera barbata",PLANT,"synonym for Paranema cyathoides",high,,False
"Nepaul","Nepal","Plantae Asiat.","Plantae Asiaticae",CONCEPT,"book title",high,,False
"Nepaul","Nepal","Cyathea","Cyathea",PLANT,"related genus",high,,False
"fornalhas","furnaces","Odoardus Barbosa","Odoardo Barbosa",PERSON,"cited author",high,,False
"irritation","","Cortical Irritations","Cortical Irritations",DISEASE,"type of irritation",high,,False
"distances","Distance","central body","central body",CONCEPT,"related to distances",low,,False
"distances","Distance","planets","planets",CONCEPT,"related to distances",low,2065,True
"distances","Distance","sun","sun",CONCEPT,"related to distances",low,196;625;1617;1528;573,True
"distances","Distance","Sun","sun",CONCEPT,"related to distances",low,196;625;1617;1528;573,True
"distances","Distance","planet","planet",CONCEPT,"related to distances",low,2065;286,True
"distances","Distance","nebula in Andromeda","nebula in Andromeda",CONCEPT,"related to distances",low,,False
"distances","Distance","planetary nebulous vapor","planetary nebulous vapor",CONCEPT,"related to distances",low,,False
"distances","Distance","world of phenomena","world of phenomena",CONCEPT,"related to distances",low,,False
"distances","Distance","sun","sun",CONCEPT,"related to distances",low,196;625;1617;1528;573,True
"distances","Distance","earth","earth",CONCEPT,"related to distances",low,709;533;21,True
"distances","Distance","planets","planets",CONCEPT,"related to distances",low,2065,True
"distances","Distance","Kepler’s law","Kepler's law",CONCEPT,"related to distances",high,2895,True
"distances","Distance","earth","earth",CONCEPT,"related to distances",low,709;533;21,True
"distances","Distance","sun","sun",CONCEPT,"related to distances",low,196;625;1617;1528;573,True
"distances","Distance","planets","planets",CONCEPT,"related to distances",low,2065,True
"distances","Distance","Kepler’s law","Kepler's law",CONCEPT,"related to distances",high,2895,True
"distances","Distance","sun","sun",CONCEPT,"related to distances",low,196;625;1617;1528;573,True
"distances","Distance","planets","planets",CONCEPT,"related to distances",low,2065,True
"distances","Distance","Kepler’s law","Kepler's law",CONCEPT,"related to distances",high,2895,True
"distances","Distance","system","system",CONCEPT,"related to distances",low,4033;3996,True
"aromoticos","Aromatic","peppermint taste","peppermint taste",CONCEPT,"contains aromatic quality",high,,False
"aromoticos","Aromatic","sapid quality","sapid quality",CONCEPT,"is a kind of quality",high,,False
"aromoticos","Aromatic","coldness","coldness",CONCEPT,"is a quality",high,664;4473;1563,True
"motions","Motion","planets","planets",CONCEPT,"related to motions",low,2065,True
"motions","Motion","satellites","satellites",CONCEPT,"related to motions",low,1639,True
"motions","Motion","earth","earth",CONCEPT,"related to motions",low,709;533;21,True
"Newtonian","Newtonian mechanics","double stars","double star",PLACE,"context",high,3769,True
"Newtonian","Newtonian mechanics","suns","sun",PLACE,"context",high,196;625;1617;1528;573,True
"orbits","Orbit","moons","moon",PLACE,"context",high,1582;722;634;1502,True
"orbits","Orbit","planets","planet",PLACE,"context",high,2065;286,True
"orbits","Orbit","sun","sun",PLACE,"context",high,196;625;1617;1528;573,True
"orbits","Orbit","satellites","satellite",PLACE,"context",high,3031;1639,True
"orbits","Orbit","planets","planet",PLACE,"context",high,2065;286,True
"orbits","Orbit","comets","comet",PLACE,"context",high,291;1645,True
"orbits","Orbit","planetary comets","planetary comet",PLACE,"context",high,291,True
"orbits","Orbit","Sun","sun",PLACE,"context",high,196;625;1617;1528;573,True
"orbits","Orbit","Venus","Venus",PLACE,"context",high,1595;2268;53,True
"orbits","Orbit","Mars","Mars",PLACE,"context",high,1551,True
"orbits","Orbit","Earth","Earth",PLACE,"context",high,709;533;21,True
"orbits","Orbit","Zodiacal Light","Zodiacal Light",PLACE,"context",high,,False
"orbits","Orbit","Earth","Earth",PLACE,"context",high,709;533;21,True
"orbits","Orbit","Zodiacal Light","Zodiacal Light",PLACE,"context",high,,False
"orbits","Orbit","asteroids","asteroid",PLACE,"context",high,,False
"orbits","Orbit","aerolites","aerolite",SUBSTANCE,"context",high,678,True
"orbits","Orbit","shooting stars","shooting star",PLACE,"context",high,2314,True
"orbits","Orbit","Sun","sun",PLACE,"context",high,196;625;1617;1528;573,True
"orbits","Orbit","satellites","satellite",PLACE,"context",high,3031;1639,True
"cabeça","Head","Galls","Galls",SUBSTANCE,"a substance in the skin of an Heron",high,,False
"cabeça","Head","Heron","Heron",ANIMAL,"an animal with galls in its skin",high,2669,True
"cabeça","Head","nucleus","nucleus",CONCEPT,"alternative term for 'head' of a comet",high,929,True
"cabeça","Head","nucleus","nucleus",CONCEPT,"alternative term for 'head' of a comet",high,929,True
"cabeça","Head","the brush","the brush",CONCEPT,"Chinese astronomical term for the tail of a comet",high,,False
"cabeça","Head","sui","sui",CONCEPT,"Chinese astronomical term for the tail of a comet",high,,False
"perception","Perception","presentative perception","presentative perception",CONCEPT,"a type of perception being discussed",high,,False
"perception","Perception","representative perception","representative perception",CONCEPT,"a type of perception being discussed",high,,False
"perception","Perception","contrast","contrast",CONCEPT,"phenomena modifying sense-perception",high,,False
"perception","Perception","doubleness","doubleness",CONCEPT,"a state related to perception of successiveness",high,,False
"perception","Perception","Earth","Earth",PLACE,"a celestial body whose perception is being discussed",high,709;533;21,True
"Mercury","Mercury","lunar volcanoes","lunar volcanoes",CONCEPT,"related to",low,,False
"Mercury","Mercury","planetary velocity","planetary velocity",CONCEPT,"related to",low,,False
"Mercury","Mercury","volcanic force","volcanic force",CONCEPT,"related to",low,,False
"Saturn","Saturn","Jupiter","Jupiter",CONCEPT,"related to",high,553,True
"Saturn","Saturn","planets","planets",CONCEPT,"related to",high,2065,True
"Saturn","Saturn","comet","comet",CONCEPT,"related to",high,291;1645,True
"moon","Moon","Nemæan lunar lion","Nemæan lunar lion",CONCEPT,"related to",high,,False
"moon","Moon","lunar year","lunar year",CONCEPT,"related to",high,,False
"moon","Moon","moon-worship","moon-worship",CONCEPT,"related to",high,,False
"moon","Moon","telluric","telluric",CONCEPT,"related to",low,,False
"moon","Moon","Aurora Borealis","Aurora Borealis",PHENOMENON,"related to",high,,False
"moon","Moon","magnetic phenomenon","magnetic phenomenon",CONCEPT,"related to",high,996,True
"moon","Moon","magnetic lines of declination","magnetic lines of declination",CONCEPT,"related to",high,,False
"moon","Moon","New Siberia","New Siberia",PLACE,"related to",high,2605,True
"moon","Moon","Wood Hills","Wood Hills",PLACE,"related to",high,,False
"moon","Moon","Philosophy of History","Philosophy of History",CONCEPT,"related to",high,,False
"moon","Moon","crystals","crystals",SUBSTANCE,"related to",low,696,True
"Milky Way","Milky Way","nebulæ","nebulae",PLACE,"related to",high,2436,True
"Milky Way","Milky Way","nebulosity","nebulosity",CONCEPT,"related to",high,,False
"Milky Way","Milky Way","stars","stars",CONCEPT,"related to",high,2672;2209;750,True
"Milky Way","Milky Way","globular clusters","globular clusters",PLACE,"related to",high,,False
"Milky Way","Milky Way","clustering groups","clustering groups",PLACE,"related to",high,,False
"object","Object","presentative perception","presentative perception",CONCEPT,"related to",high,,False
"object","Object","representative perception","representative perception",CONCEPT,"related to",high,,False
"object","Object","nominalism","nominalism",CONCEPT,"related to",high,,False
"object","Object","agglutinative languages","agglutinative languages",CONCEPT,"related to",high,,False
"object","Object","Greek","Greek",CONCEPT,"related to",high,945;2570;773,True
"object","Object","transcendental Ego","transcendental Ego",CONCEPT,"synonym for knower",high,,False
"object","Object","Manifold of Intuition","Manifold of Intuition",CONCEPT,"synonym for objects",high,,False
"object","Object","Thought","Thought",CONCEPT,"synonym for knower",high,534,True
"object","Object","Things","Things",CONCEPT,"synonym for objects",high,3069,True
"Imaginação","imagination","possessions","possessions",CONCEPT,"related to things known intimately",low,,False
"Imaginação","imagination","performances","performances",CONCEPT,"related to things known intimately",low,,False
"Imaginação","imagination","blind spot","blind spot",CONCEPT,"a physical phenomenon in the eye",high,,False
"Imaginação","imagination","Charles II","Charles II",PERSON,"person at whose court the phenomenon was shown",high,1161,True
"ego","Self","transcendental Ego","transcendental Ego",CONCEPT,"synonym for knower",high,,False
"ego","Self","Manifold of Intuition","Manifold of Intuition",CONCEPT,"synonym for objects",high,,False
"ego","Self","Thought","Thought",CONCEPT,"synonym for knower",high,534,True
"ego","Self","Things","Things",CONCEPT,"synonym for objects",high,3069,True
"ego","Self","Ego","Ego",CONCEPT,"the absolute self",high,1587,False
"ego","Self","Stream","Stream",CONCEPT,"a metaphor for consciousness",medium,2803,True
"ego","Self","Ego","Ego",CONCEPT,"the contracted consciousness",high,1587,False
"ego","Self","Leibnitz","Leibnitz",PERSON,"philosopher who proposed the term 'apperception'",high,859,True
"stimulus","Stimulus","psycho-physics","psycho-physics",CONCEPT,"the study of sensations and stimuli",high,,False
"Venus","Venus","Mercury","Mercury",OBJECT,"planet",high,1550;622;559,True
"Venus","Venus","Earth","Earth",OBJECT,"planet",high,709;533;21,True
"Venus","Venus","Mercury","Mercury",OBJECT,"planet",high,1550;622;559,True
"Venus","Venus","Earth","Earth",OBJECT,"planet",high,709;533;21,True
"Sun","Sun","Solar System","Solar System",PLACE,"context for the Sun",high,1528,True
"gneiss","Gneiss","mica schist","Mica schist",SUBSTANCE,"type of formation",high,,False
"trachyte","Trachyte","dolerite","Dolerite",SUBSTANCE,"type of rock",high,,False
"trachyte","Trachyte","melaphyre","Melaphyre",SUBSTANCE,"type of rock",high,,False
"trachyte","Trachyte","andesite","Andesite",SUBSTANCE,"type of rock",high,,False
"trachyte","Trachyte","dioritic porphyry","Dioritic porphyry",SUBSTANCE,"type of rock",high,,False
"trachyte","Trachyte","granite","Granite",SUBSTANCE,"other 'Plutonic' rocks",high,1634,True
"trachyte","Trachyte","porphyry","Porphyry",SUBSTANCE,"other 'Plutonic' rocks",high,2561;3473;1903,True
"trachyte","Trachyte","serpentine","Serpentine",SUBSTANCE,"other 'Plutonic' rocks",high,1799,True
"trachyte","Trachyte","basalt","Basalt",SUBSTANCE,"other 'volcanic' rocks",high,1665,True
"trachyte","Trachyte","lava","Lava",SUBSTANCE,"other 'volcanic' rocks",high,2040;1714,True
"instinct","Instinct","Eciton","Eciton",ANIMAL,"genus with different castes",high,,False
"instinct","Instinct","neuters","Neuters",CONCEPT,"castes within Eciton",high,,False
"instinct","Instinct","Cryptocerus","Cryptocerus",ANIMAL,"genus with different castes",high,,False
"granite","Granite","porphyry","Porphyry",SUBSTANCE,"other 'Plutonic' rocks",high,2561;3473;1903,True
"granite","Granite","serpentine","Serpentine",SUBSTANCE,"other 'Plutonic' rocks",high,1799,True
"granite","Granite","basalt","Basalt",SUBSTANCE,"other 'volcanic' rocks",high,1665,True
"granite","Granite","lava","Lava",SUBSTANCE,"other 'volcanic' rocks",high,2040;1714,True
"thinking","Thinking","sensationalist psychology","Sensationalist psychology",CONCEPT,"contrasted with author's view",high,,False
"thinking","Thinking","Kant","Immanuel Kant",PERSON,"philosophical authority",high,643,True
"thinking","Thinking","transitions of reason","Transitions of reason",CONCEPT,"a type of mental process",high,,False
"thinking","Thinking","transitions of reason","Transitions of reason",CONCEPT,"a type of mental process",high,,False
"thinking","Thinking","consciousness","Consciousness",CONCEPT,"state of mind",high,204,True
"thinking","Thinking","Manifold of Intuition","Manifold of Intuition",CONCEPT,"alternative philosophical concept to 'transcendental Ego'",high,,False
"thinking","Thinking","affection","mental affection",CONCEPT,"a state of mind that can be perceived",medium,3559,True
"comets","comet","head","comet head",CONCEPT,"a part of a comet",high,1508,True
"comets","comet","nucleus","comet nucleus",CONCEPT,"a part of a comet",high,929,True
"comets","comet","Greeks","Greeks",PERSON,"classical nation of the West",high,57;2636,True
"comets","comet","Romans","Romans",PERSON,"classical nation of the West",high,120;3611,True
"comets","comet","Chinese","Chinese",PERSON,"nation that observed nature carefully",high,1907;2399,True
"comets","comet","Halley's comet","Halley's comet",CONCEPT,"known as",high,1724,True
"comets","comet","Halley's comet","Halley's comet",CONCEPT,"known as",high,1724,True
"comets","comet","stellæ cadentes","falling stars",CONCEPT,"signifies",high,2314,True
"comets","comet","il Signor Astone","the Lord Astone",CONCEPT,"termed by Italian writers",high,,False
"naturalists","Naturalist","Physiologists","Physiologists",PERSON,"established generalizations",high,819;1103,True
"naturalists","Naturalist","Comparative Anatomists","Comparative Anatomists",PERSON,"established generalizations",high,,False
"May","May","Cosmos","Cosmos",CONCEPT,"exclusively termed",high,941,True
"May","May","Olympus","Olympus",PLACE,"used to express the exterior or igneous region",high,,False
"May","May","Bopp","Bopp",PERSON,"profound philologist",high,,False
"May","May","Pott","Pott",PERSON,"etymologist",high,,False
"May","May","[Greek word]","[Greek word]",CONCEPT,"word deduced from Sanscrit root",low,,False
"May","May","Sanscrit","Sanskrit",CONCEPT,"root",high,,False
"spinal cord","Spinal cord","pons","pons",SUBSTANCE,"part of the brain",high,,False
"spinal cord","Spinal cord","medulla","medulla",SUBSTANCE,"part of the brain",high,1043,True
"basalt","Basalt","granite","granite",SUBSTANCE,"Plutonic rock",high,1634,True
"basalt","Basalt","porphyry","porphyry",SUBSTANCE,"Plutonic rock",high,2561;3473;1903,True
"basalt","Basalt","serpentine","serpentine",SUBSTANCE,"Plutonic rock",high,1799,True
"basalt","Basalt","trachyte","trachyte",SUBSTANCE,"volcanic rock",high,1626,True
"basalt","Basalt","lava","lava",SUBSTANCE,"volcanic rock",high,2040;1714,True
"basalt","Basalt","trap","trap rock",SUBSTANCE,"substance known as trap or basalt",high,,False
"hybrids","Hybrid","mongrel offspring","mongrel offspring",CONCEPT,"offspring of varieties; contrasted with hybrid offspring of species",high,,False
"organism","organism","granular limestone","granular limestone",SUBSTANCE,"designated by",high,,False
"organism","organism","lignite","lignite",SUBSTANCE,"designated by",high,1760,True
"organism","organism","south Apennine gravel","south Apennine gravel",SUBSTANCE,"designated by",high,,False
"organism","organism","Colossal bones of antediluvian mammalia","Colossal bones of antediluvian mammalia",SUBSTANCE,"found in the upper alluvium",high,,False
"dentes","teeth","Serpents teeth","Serpents teeth",CONCEPT,"fable of the Serpents teeth sowed in the earth",high,,False
"dentes","teeth","Orion","Orion",PERSON,"birth of Orion from the urine of Jupiter; Mercury; and Neptune",high,1046,True
"dentes","teeth","Jupiter","Jupiter",PERSON,"birth of Orion from the urine of Jupiter; Mercury; and Neptune",high,553,True
"dentes","teeth","Mercury","Mercury",PERSON,"birth of Orion from the urine of Jupiter; Mercury; and Neptune",high,1550;622;559,True
"dentes","teeth","Neptune","Neptune",PERSON,"birth of Orion from the urine of Jupiter; Mercury; and Neptune",high,2411,True
"dentes","teeth","horns","horns",SUBSTANCE,"might rather be called horns; referring to elephant teeth",high,2258,True
"Northern Asia","Northern Asia","Aurora Borealis","Aurora Borealis",PHENOMENON,"related to magnetic phenomena",high,,False
"Northern Asia","Northern Asia",""Wood Hills"","Wood Hills",PLACE,"geographical feature mentioned",high,,False
"Northern Asia","Northern Asia","New Siberia","New Siberia",PLACE,"location of 'Wood Hills'",high,2605,True
"Northern Asia","Northern Asia","Hegel","Hegel",PERSON,"philosopher quoted",high,2302,True
"Northern Asia","Northern Asia",""Philosophy"","Philosophy",CONCEPT,"title of a work by Hegel",high,112,True
"elephantes","Elephants","Johannes","Johannes",PERSON,"mentioned as a source of information",high,,False
"elephantes","Elephants","Hugo","Hugo",PERSON,"mentioned as a source of information",high,3877,True
"elephantes","Elephants","Edwardus Lopez","Edwardus Lopez",PERSON,"mentioned as a source of information",high,,False
"elephantes","Elephants","Garcias ab horto","Garcia de Orta",PERSON,"mentioned as a source of information",high,397,True
"elephantes","Elephants","Cadamustus","CaDAmosto",PERSON,"mentioned as a source of information",high,,False
"Lyell","Charles Lyell","M. Barrande","Joachim Barrande",PERSON,"associated with 'colonies'",high,,False
"Lyell","Charles Lyell","fauna","fauna",CONCEPT,"reappearing fauna",high,809;4031,True
"Lyell","Charles Lyell","Jussieu","Antoine Laurent de Jussieu",PERSON,"author of 'Traite de Botanique'",high,3366,True
"Lyell","Charles Lyell","'Traite de Botanique'","Traite de Botanique",WORK,"botanical treatise",high,,False
"Lyell","Charles Lyell","'Principles of Geology'","Principles of Geology",WORK,"geological treatise",high,1154,True
"Lyell","Charles Lyell",""nether-formed"","nether-formed",CONCEPT,"description of rocks",high,,False
"Lyell","Charles Lyell",""hypogene rocks"","hypogene rocks",CONCEPT,"description of rocks",high,,False
"Lyell","Charles Lyell","Leop. von Buch","Leopold von Buch",PERSON,"author mentioned",high,1643;3013,True
"Lyell","Charles Lyell","'Ueber Dolomit'","Ueber Dolomit",WORK,"treatise on dolomite",high,,False
"Lyell","Charles Lyell","granite","granite",SUBSTANCE,"type of 'Plutonic' rock",high,1634,True
"Lyell","Charles Lyell","porphyry","porphyry",SUBSTANCE,"type of 'Plutonic' rock",high,2561;3473;1903,True
"Lyell","Charles Lyell","serpentine","serpentine",SUBSTANCE,"type of 'Plutonic' rock",high,1799,True
"Lyell","Charles Lyell","trachyte","trachyte",SUBSTANCE,"type of volcanic rock",high,1626,True
"Lyell","Charles Lyell","basalt","basalt",SUBSTANCE,"type of volcanic rock",high,1665,True
"Lyell","Charles Lyell","Sir Roderick Murchison","Roderick Murchison",PERSON,"Continental observer",high,2183,True
"Lyell","Charles Lyell","Mr. Lyell","Charles Lyell",PERSON,"Continental observer",high,3139;1710;2367,False
"Lyell","Charles Lyell","Mr. Logan","William Logan",PERSON,"Continental observer",high,,False
"Lyell","Charles Lyell","Captain Bayfield","Henry Bayfield",PERSON,"Continental observer",high,,False
"red","Red (color)","blue","blue",SUBSTANCE,"contrasting color",high,1762,True
"red","Red (color)","green","green",SUBSTANCE,"contrasting color",high,502;359,True
"red","Red (color)","violet","violet",SUBSTANCE,"contrasting color",high,1577;1644;1852,True
"red","Red (color)","B","B",CONCEPT,"designation for a spectral line",high,,False
"red","Red (color)","C","C",CONCEPT,"designation for a spectral line",high,,False
"red","Red (color)","orange","orange",SUBSTANCE,"color in the spectrum",high,1733;3926,True
"red","Red (color)","D","D",CONCEPT,"designation for a spectral line",high,,False
"red","Red (color)","green","green",SUBSTANCE,"color in the spectrum",high,502;359,True
"red","Red (color)","E","E",CONCEPT,"designation for a spectral line",high,,False
"red","Red (color)","blue","blue",SUBSTANCE,"color in the spectrum",high,1762,True
"red","Red (color)","F","F",CONCEPT,"designation for a spectral line",high,,False
"red","Red (color)","indigo","indigo",SUBSTANCE,"color in the spectrum",high,733,True
"red","Red (color)","G","G",CONCEPT,"designation for a spectral line",high,,False
"red","Red (color)","violet","violet",SUBSTANCE,"color in the spectrum",high,1577;1644;1852,True
"red","Red (color)","H","H",CONCEPT,"designation for a spectral line",high,,False
"red","Red (color)","M. Fraunhofer","Joseph von Fraunhofer",PERSON,"scientist",high,1035,True
"red","Red (color)","B","B",CONCEPT,"designation for a spectral line",high,,False
"red","Red (color)","C","C",CONCEPT,"designation for a spectral line",high,,False
"red","Red (color)","orange","orange",SUBSTANCE,"color in the spectrum",high,1733;3926,True
"red","Red (color)","D","D",CONCEPT,"designation for a spectral line",high,,False
"red","Red (color)","green","green",SUBSTANCE,"color in the spectrum",high,502;359,True
"red","Red (color)","E","E",CONCEPT,"designation for a spectral line",high,,False
"red","Red (color)","blue","blue",SUBSTANCE,"color in the spectrum",high,1762,True
"red","Red (color)","F","F",CONCEPT,"designation for a spectral line",high,,False
"red","Red (color)","indigo","indigo",SUBSTANCE,"color in the spectrum",high,733,True
"red","Red (color)","G","G",CONCEPT,"designation for a spectral line",high,,False
"red","Red (color)","violet","violet",SUBSTANCE,"color in the spectrum",high,1577;1644;1852,True
"red","Red (color)","H","H",CONCEPT,"designation for a spectral line",high,,False
"red","Red (color)","M. Fraunhofer","Joseph von Fraunhofer",PERSON,"scientist",high,1035,True
"lava","Augitic lava","trachyte","trachyte",SUBSTANCE,"type of ejected material",high,1626,True
"lava","Augitic lava","labradoritic augite","labradoritic augite",SUBSTANCE,"type of ejected material",high,,False
"lava","Augitic lava","granite","granite",SUBSTANCE,"type of 'Plutonic' rock",high,1634,True
"lava","Augitic lava","porphyry","porphyry",SUBSTANCE,"type of 'Plutonic' rock",high,2561;3473;1903,True
"lava","Augitic lava","serpentine","serpentine",SUBSTANCE,"type of 'Plutonic' rock",high,1799,True
"lava","Augitic lava","trachyte","trachyte",SUBSTANCE,"type of volcanic rock",high,1626,True
"lava","Augitic lava","basalt","basalt",SUBSTANCE,"type of volcanic rock",high,1665,True
"magnetic force","Magnetic force","solar spots","sunspots",CONCEPT,"celestial phenomenon affecting terrestrial magnetism",medium,,False
"Halley’s comet","Halley's Comet","comet","comet",CONCEPT,"example of",high,291;1645,True
"RELATIONS","Relations","Consciousness","consciousness",CONCEPT,"related to",high,204,True
"RELATIONS","Relations","mental affection","mental affection",CONCEPT,"type of",high,,False
"RELATIONS","Relations","mineral","mineral",SUBSTANCE,"identified by",high,138;2851,True
"RELATIONS","Relations","iron","iron",SUBSTANCE,"yielded by",high,592;251,True
"RELATIONS","Relations","matter","matter",SUBSTANCE,"possesses",high,249;2969,True
"RELATIONS","Relations","tangibility","tangibility",CONCEPT,"property of",high,3516,True
"RELATIONS","Relations","visibility","visibility",CONCEPT,"property of",high,3786,True
"RELATIONS","Relations","cohesion","cohesion",CONCEPT,"property of",high,749,True
"RELATIONS","Relations","weight","weight",CONCEPT,"property of",high,412,True
"61 Cygni","61 Cygni","Earth","Earth",PLACE,"compared to",high,709;533;21,True
"61 Cygni","61 Cygni","Sun","Sun",PLACE,"compared to",high,196;625;1617;1528;573,True
"61 Cygni","61 Cygni","Uranus","Uranus",PLACE,"compared to",high,,False
"61 Cygni","61 Cygni","Vega Lyrae","Vega Lyrae",PLACE,"compared to",high,,False
"61 Cygni","61 Cygni","star","star",PLACE,"type of",high,3914;1308,True
"61 Cygni","61 Cygni","double star","double star",PLACE,"type of",high,3769,True
"mass","Mass","head","head",CONCEPT,"part of",high,1508,True
"mass","Mass","nucleus","nucleus",CONCEPT,"part of",high,929,True
"mass","Mass","comet","comet",CONCEPT,"related to",high,291;1645,True
"mass","Mass","earth","earth",PLACE,"compared to",high,709;533;21,True
"mass","Mass","meteoric stones","meteoric stones",SUBSTANCE,"related to",high,1783,True
"mass","Mass","Ægos Potamos","Ægos Potamos",PLACE,"associated with",high,,False
"mass","Mass","hurricane","hurricane",CONCEPT,"proposed cause of",high,,False
"mass","Mass","medium","medium",CONCEPT,"state of equilibrium with",high,1133,True
"páo","Wood","New Siberia","New Siberia",PLACE,"location of 'wood-hills'",high,2605,True
"páo","Wood","New Siberia","New Siberia",PLACE,"location of 'Wood Hills'",high,2605,True
"páo","Wood","Hegel","Hegel",PERSON,"quoted",high,2302,True
"páo","Wood","Philosophy of History","Philosophy of History",CONCEPT,"work by Hegel",high,,False
"páo","Wood","Heine","Heine",PERSON,"discoverer",high,,False
"Natural history","Natural history","Kant","Kant",PERSON,"coined term",high,643,True
"Natural history","Natural history","natural history of the heavens","natural history of the heavens",CONCEPT,"synonym for sidereal portion",high,,False
"Natural history","Natural history","Aristarchus of Samos","Aristarchus of Samos",PERSON,"associated with science of the Cosmos",high,,False
"Natural history","Natural history","Aul. Gell.","Aulus Gellius",PERSON,"cited",high,,False
"Natural history","Natural history","Nect. Att.","Noctes Atticae",CONCEPT,"work by Aulus Gellius",high,,False
"Natural history","Natural history","Pliny the elder","Pliny the Elder",PERSON,"author of 'Natural History'",high,202,True
"Natural history","Natural history","History of Nature","History of Nature",CONCEPT,"alternative title used by Pliny the younger",high,1755,False
"Natural history","Natural history","birds","birds",ANIMAL,"example of natural history",high,2148;5,True
"Natural history","Natural history","fishes","fishes",ANIMAL,"example of natural history",high,94,True
"Silurian","Silurian","M. Barrande","Joachim Barrande",PERSON,"added to Silurian system",high,,False
"Silurian","Silurian","primordial zone","primordial zone",CONCEPT,"beneath Barrande's zone",high,,False
"Silurian","Silurian","devonian","Devonian",PLACE,"formation type",high,,False
"Silurian","Silurian","rocks of transition","rocks of transition",CONCEPT,"former name for silurian and devonian formations",high,,False
"Silurian","Silurian","lower trias","Lower Triassic",PLACE,"formation type",high,,False
"Silurian","Silurian","mountain limestone","mountain limestone",SUBSTANCE,"part of lower trias",high,,False
"Silurian","Silurian","coal measures","coal measures",CONCEPT,"part of lower trias",high,,False
"Silurian","Silurian","todilegende","Todte-liegende",SUBSTANCE,"part of lower trias",high,,False
"Silurian","Silurian","zechstein","Zechstein",SUBSTANCE,"part of lower trias",high,2046,True
"Silurian","Silurian","Schist","Schist",SUBSTANCE,"type of rock in transition formations",high,,False
"Silurian","Silurian","transition rock","transition rock",PLACE,"geological formation",high,,False
"Silurian","Silurian","devonian","Devonian",PLACE,"geological formation",high,,False
"Silurian","Silurian","cambrian","Cambrian",PLACE,"geological formation",high,,False
"Silurian","Silurian","old red sandstone","Old Red Sandstone",SUBSTANCE,"strata within the devonian formation",high,,False
"Silurian","Silurian","transition rocks","transition rocks",PLACE,"geological formation",high,,False
"Silurian","Silurian","graywacke","graywacke",SUBSTANCE,"type of rock",high,1935,True
"Silurian","Silurian","devonian","Devonian",PLACE,"geological system",high,,False
"Silurian","Silurian","old red sandstone","Old Red Sandstone",SUBSTANCE,"geological formation",high,,False
"Silurian","Silurian","lower trias","Lower Triassic",PLACE,"geological period",high,,False
"Silurian","Silurian","mountain limestone","mountain limestone",SUBSTANCE,"strata within the lower trias",high,,False
"Silurian","Silurian","coal-measures","coal measures",PLACE,"strata within the lower trias",high,,False
"Silurian","Silurian","transition formation","transition formation",PLACE,"geological formation",high,2774,True
"Silurian","Silurian","slate","slate",SUBSTANCE,"rock type",high,,False
"Silurian","Silurian","graywacke","graywacke",SUBSTANCE,"rock type",high,1935,True
"Silurian","Silurian","cambrian","Cambrian",PLACE,"geological sea",high,,False
"Silurian","Silurian","gneiss","gneiss",SUBSTANCE,"rock type",high,1625,True
"Silurian","Silurian","mica schist","mica schist",SUBSTANCE,"rock type",high,,False
"lignites","lignite","flotz strata","flötz strata",PLACE,"geological strata",high,,False
"lignites","lignite","mountain limestone","mountain limestone",SUBSTANCE,"strata",high,,False
"lignites","lignite","tertiary formations","tertiary formations",PLACE,"geological formations",high,1928,True
"lignites","lignite","granular limestone","granular limestone",SUBSTANCE,"tertiary formation component",high,,False
"lignites","lignite","south Apennine gravel","South Apennine gravel",SUBSTANCE,"tertiary formation component",high,,False
"lignites","lignite","antediluvian","antediluvian",CONCEPT,"pre-flood",high,,False
"blue","blue","white","white",SUBSTANCE,"color in the spectrum",high,,False
"blue","blue","yellow","yellow",SUBSTANCE,"color in the spectrum",high,1875;3188,True
"blue","blue","orange","orange",SUBSTANCE,"color in the spectrum",high,1733;3926,True
"blue","blue","red","red",SUBSTANCE,"color in the spectrum",high,1713,True
"blue","blue","violet","violet",SUBSTANCE,"color in the spectrum",high,1577;1644;1852,True
"blue","blue","yellow green","yellow green",SUBSTANCE,"color in the spectrum",high,359,True
"blue","blue","crimson red","crimson red",SUBSTANCE,"color in the spectrum",high,,False
"blue","blue","white","white",SUBSTANCE,"color in the spectrum",high,,False
"blue","blue","yellow","yellow",SUBSTANCE,"color in the spectrum",high,1875;3188,True
"blue","blue","orange","orange",SUBSTANCE,"color in the spectrum",high,1733;3926,True
"blue","blue","red","red",SUBSTANCE,"color in the spectrum",high,1713,True
"blue","blue","violet","violet",SUBSTANCE,"color in the spectrum",high,1577;1644;1852,True
"blue","blue","yellow green","yellow green",SUBSTANCE,"color in the spectrum",high,359,True
"blue","blue","crimson red","crimson red",SUBSTANCE,"color in the spectrum",high,,False
"blue","blue","Purple","purple",SUBSTANCE,"color in the spectrum",high,,False
"blue","blue","grass green","grass green",SUBSTANCE,"color in the spectrum",high,,False
"blue","blue","fine yellow","fine yellow",SUBSTANCE,"color in the spectrum",high,,False
"blue","blue","pink","pink",SUBSTANCE,"color in the spectrum",high,,False
"blue","blue","crimson","crimson",SUBSTANCE,"color in the spectrum",high,,False
"blue","blue","white","white",SUBSTANCE,"color in the spectrum",high,,False
"blue","blue","yellow","yellow",SUBSTANCE,"color in the spectrum",high,1875;3188,True
"blue","blue","orange","orange",SUBSTANCE,"color in the spectrum",high,1733;3926,True
"blue","blue","red","red",SUBSTANCE,"color in the spectrum",high,1713,True
"blue","blue","violet","violet",SUBSTANCE,"color in the spectrum",high,1577;1644;1852,True
"blue","blue","yellow green","yellow green",SUBSTANCE,"color in the spectrum",high,359,True
"blue","blue","crimson red","crimson red",SUBSTANCE,"color in the spectrum",high,,False
"blue","blue","Purple","purple",SUBSTANCE,"color in the spectrum",high,,False
"blue","blue","grass green","grass green",SUBSTANCE,"color in the spectrum",high,,False
"blue","blue","fine yellow","fine yellow",SUBSTANCE,"color in the spectrum",high,,False
"blue","blue","pink","pink",SUBSTANCE,"color in the spectrum",high,,False
"blue","blue","crimson","crimson",SUBSTANCE,"color in the spectrum",high,,False
"blue","blue","blueish green","bluish green",SUBSTANCE,"color in the spectrum",high,,False
"blue","blue","pale yellowish pink","pale yellowish pink",SUBSTANCE,"color in the spectrum",high,,False
"blue","blue","Pale blueish green","pale bluish green",SUBSTANCE,"color in the spectrum",high,,False
"chemical action","Chemical reactions","electric","electric",CONCEPT,"type of disposition of apparatus",low,2656,True
"chemical action","Chemical reactions","mechanical","mechanical",CONCEPT,"type of disposition of apparatus",low,314,True
"chemical action","Chemical reactions","simple reaction-time","simple reaction time",CONCEPT,"type of time-measurement",high,,False
"meteoric stones","Meteorites","aerolites","aerolite",SUBSTANCE,"synonym of meteoric stones",high,678,True
"meteoric stones","Meteorites","fire-balls","fire-ball",SUBSTANCE,"synonym of meteoric stones",high,,False
"meteoric stones","Meteorites","falling stars","falling star",SUBSTANCE,"synonym of meteoric stones",high,2314,True
"Serpentine","Serpentine","granite","granite",SUBSTANCE,"example of Plutonic rock",high,1634,True
"Serpentine","Serpentine","porphyry","porphyry",SUBSTANCE,"example of Plutonic rock",high,2561;3473;1903,True
"Serpentine","Serpentine","trachyte","trachyte",SUBSTANCE,"example of volcanic rock",high,1626,True
"Serpentine","Serpentine","basalt","basalt",SUBSTANCE,"example of volcanic rock",high,1665,True
"Serpentine","Serpentine","lava","lava",SUBSTANCE,"example of volcanic rock",high,2040;1714,True
"ellipse","ellipse","perihelion","perihelion",CONCEPT,"named point in an orbit",high,700,True
"salses","Salses","mud volcanoes","mud volcanoes",PLACE,"type of phenomenon",high,,False
"globe","Globe","Variables of seamen","variables of seamen",CONCEPT,"synonym for calms of the equator",high,,False
"nutation","Nutation","precession of the equinoxes","precession of the equinoxes",CONCEPT,"a larger gyration",high,1048,True
"déclinaison magnétique","Magnetic declination","Wood Hills","Wood Hills",PLACE,"called name",high,,False
"man","Human male","Euclide","Euclid",PERSON,"authority for the principle that the whole is greater than its parts",high,2493,True
"Meadows","Meadow","sargassa","sargassa",SUBSTANCE,"synonym for grassy sea",high,,False
"Meadows","Meadow","grassy sea","grassy sea",SUBSTANCE,"alternative name for sargassa",high,,False
"Meadows","Meadow","Columbus","Columbus",PERSON,"mentioned alongside Lerius",high,327,True
"Meadows","Meadow","Lerius","Lerius",PERSON,"mentioned alongside Columbus",high,3226,True
"Meadows","Meadow","North Atlantic","North Atlantic",PLACE,"location of sargassa",high,,False
"Meadows","Meadow","Fayal","Fayal",PLACE,"reference point for meridian",high,,False
"Meadows","Meadow","Azores","Azores",PLACE,"location of Fayal",high,874,True
"Météorologie","Meteorology","Olbers","Olbers",PERSON,"observer of light phenomena",high,1730,True
"Météorologie","Meteorology","volcanic storm","volcanic storm",CONCEPT,"similar process to meteorological process",high,,False
"Météorologie","Meteorology","barometric windroses","barometric windroses",CONCEPT,"term for atmospheric pressure tables",high,,False
"Météorologie","Meteorology","Leopold von Buch","Leopold von Buch",PERSON,"author of Barometrische Windrose",high,1643;3013,True
"Météorologie","Meteorology","Barometrische Windrose","Barometrische Windrose",CONCEPT,"title of work by Leopold von Buch",high,,False
"Météorologie","Meteorology","Dove","Dove",PERSON,"mentioned as an authority",high,,False
"integration","Integration","timbre","timbre",CONCEPT,"type of feeling difference related to integration",high,3519,True
"integration","Integration","timbre","timbre",CONCEPT,"type of feeling difference related to integration",high,3519,True
"integration","Integration","timbre","timbre",CONCEPT,"type of feeling difference related to integration",high,3519,True
"integration","Integration","thinking","thinking",CONCEPT,"process involving integration and differentiation",high,1635,True
"integration","Integration","differentiation","differentiation",CONCEPT,"process alongside integration in thinking",high,,False
"yellow","Yellow","Black","Black",SUBSTANCE,"color",high,3097;3061,True
"yellow","Yellow","blue","Blue",SUBSTANCE,"color",high,1762,True
"yellow","Yellow","white","White",SUBSTANCE,"color",high,,False
"yellow","Yellow","orange","Orange",SUBSTANCE,"color",high,1733;3926,True
"yellow","Yellow","red","Red",SUBSTANCE,"color",high,1713,True
"yellow","Yellow","Black","Black",SUBSTANCE,"color",high,3097;3061,True
"yellow","Yellow","blue","Blue",SUBSTANCE,"color",high,1762,True
"yellow","Yellow","white","White",SUBSTANCE,"color",high,,False
"yellow","Yellow","orange","Orange",SUBSTANCE,"color",high,1733;3926,True
"yellow","Yellow","red","Red",SUBSTANCE,"color",high,1713,True
"yellow","Yellow","purple","Purple",SUBSTANCE,"color",high,,False
"yellow","Yellow","violet","Violet",SUBSTANCE,"color",high,1577;1644;1852,True
"yellow","Yellow","yellow green","Yellow-green",SUBSTANCE,"color",high,359,True
"yellow","Yellow","crimson red","Crimson red",SUBSTANCE,"color",high,,False
"yellow","Yellow","grass green","Grass green",SUBSTANCE,"color",high,,False
"yellow","Yellow","pink","Pink",SUBSTANCE,"color",high,,False
"yellow","Yellow","red","Red",SUBSTANCE,"color",high,1713,True
"yellow","Yellow","purple","Purple",SUBSTANCE,"color",high,,False
"yellow","Yellow","violet","Violet",SUBSTANCE,"color",high,1577;1644;1852,True
"yellow","Yellow","blue","Blue",SUBSTANCE,"color",high,1762,True
"yellow","Yellow","yellow green","Yellow-green",SUBSTANCE,"color",high,359,True
"yellow","Yellow","crimson red","Crimson red",SUBSTANCE,"color",high,,False
"yellow","Yellow","grass green","Grass green",SUBSTANCE,"color",high,,False
"yellow","Yellow","pink","Pink",SUBSTANCE,"color",high,,False
"yellow","Yellow","blueish green","Bluish green",SUBSTANCE,"color",high,,False
"yellow","Yellow","yellowish pink","Yellowish pink",SUBSTANCE,"color",high,,False
"yellow","Yellow","white","White",SUBSTANCE,"color",high,,False
"yellow","Yellow","blue green","Blue green",SUBSTANCE,"color",high,,False
"Sir Humphry Davy","Humphry Davy","Sir Humphrey Davy","Humphry Davy",PERSON,"mention of same person",high,1877,False
"Sir Humphry Davy","Humphry Davy","Sir Humphrey Davy","Humphry Davy",PERSON,"mention of same person",high,1877,False
"Calcutta","Kolkata","Nepaul","Nepal",PLACE,"geographical location",high,1353,True
"Calcutta","Kolkata","Silhet","Sylhet",PLACE,"geographical location",high,3621,True
"Calcutta","Kolkata","Paranema cyathoides","Paranema cyathoides",PLANT,"synonym",high,,False
"Calcutta","Kolkata","Sphaeroptera barbata","Sphaeroptera barbata",PLANT,"synonym",high,,False
"Calcutta","Kolkata","Plantae Asiat.","Plantae Asiaticae",CONCEPT,"work title",high,,False
"Mansel","Henry Mansel","Mr Mansel","Henry Mansel",PERSON,"mention of same person",high,1900,False
"Mansel","Henry Mansel","Sir William Hamilton","William Hamilton",PERSON,"mentioned in conjunction with",high,1889;1037,True
"porphyry","Porphyry","dolerite","dolerite",SUBSTANCE,"a type of rock mentioned alongside porphyry",high,,False
"porphyry","Porphyry","melaphyre","melaphyre",SUBSTANCE,"a type of rock mentioned alongside porphyry",high,,False
"porphyry","Porphyry","trachyte","trachyte",SUBSTANCE,"a type of rock mentioned alongside porphyry",high,1626,True
"porphyry","Porphyry","andesite","andesite",SUBSTANCE,"a type of rock mentioned alongside porphyry",high,,False
"porphyry","Porphyry","dioritic porphyry","dioritic porphyry",SUBSTANCE,"a specific type of porphyry; also mentioned",high,,False
"porphyry","Porphyry","granite","granite",SUBSTANCE,"a 'Plutonic' rock mentioned alongside porphyry",high,1634,True
"porphyry","Porphyry","serpentine","serpentine",SUBSTANCE,"a 'Plutonic' rock mentioned alongside porphyry",high,1799,True
"porphyry","Porphyry","trachyte","trachyte",SUBSTANCE,"a volcanic rock mentioned in contrast to 'Plutonic' rocks like porphyry",high,1626,True
"porphyry","Porphyry","basalt","basalt",SUBSTANCE,"a volcanic rock mentioned in contrast to 'Plutonic' rocks like porphyry",high,1665,True
"porphyry","Porphyry","lava","lava",SUBSTANCE,"a volcanic rock mentioned in contrast to 'Plutonic' rocks like porphyry",high,2040;1714,True
"Chinese","China","Mo-kie-thi","Mo-kie-thi",PLACE,"a name given by the Chinese for southern Bahar",high,,False
"Chinese","China","Djambu-dwipa","Djambu-dwipa",PLACE,"a place name mentioned in proximity to Chinese references",low,,False
"Chinese","China","sui","sui",CONCEPT,"the name given by Chinese astronomers to the tail of a comet",high,,False
"Poisson","Siméon Denis Poisson","aërolites","aerolite",SUBSTANCE,"objects whose ignition beyond the atmosphere was conjectured by Poisson",high,678,True
"truth","truth","cunei","cuneus",PLACE,"a part of the occipital lobes concerned in vision",high,,False
"tertiary formations","Tertiary Period","Eocene Period","Eocene Period",CONCEPT,"a designation for a group of tertiary formations",high,2728,True
"tertiary formations","Tertiary Period","mountain limestone","mountain limestone",SUBSTANCE,"a stratum that begins with mountain limestone and is part of the flotz strata series",high,,False
"tertiary formations","Tertiary Period","granular limestone","granular limestone",SUBSTANCE,"a designation for one of the three divisions of tertiary formations",high,,False
"tertiary formations","Tertiary Period","lignite","lignite",SUBSTANCE,"a designation for one of the three divisions of tertiary formations",high,1760,True
"tertiary formations","Tertiary Period","south Apennine gravel","south Apennine gravel",SUBSTANCE,"a designation for one of the three divisions of tertiary formations",high,,False
"Resemblance","Resemblance","Difference","Difference",CONCEPT,"contrasted with Resemblance",high,698,True
"grauwacke","Graywacke","transition rocks","transition rocks",SUBSTANCE,"a category of rocks that includes graywacke",high,,False
"grauwacke","Graywacke","silurian","Silurian",CONCEPT,"a geological system associated with upper graywacke",high,1756,True
"grauwacke","Graywacke","devonian systems","Devonian",CONCEPT,"a geological system associated with lower graywacke",high,,False
"grauwacke","Graywacke","old red sandstone","Old Red Sandstone",SUBSTANCE,"formerly designated as the lower trias",high,,False
"grauwacke","Graywacke","lower trias","Lower Triassic",CONCEPT,"a geological period",high,,False
"grauwacke","Graywacke","mountain limestone","mountain limestone",SUBSTANCE,"part of the lower trias",high,,False
"grauwacke","Graywacke","transition formation","transition formation",CONCEPT,"an ancient structure that includes slate and graywacke",high,2774,True
"grauwacke","Graywacke","slate","slate",SUBSTANCE,"an ancient structure of the transition formation",high,,False
"grauwacke","Graywacke","silurian","Silurian",CONCEPT,"a geological period from which remains of sea weeds are found",high,1756,True
"grauwacke","Graywacke","cambrian sea","Cambrian",CONCEPT,"a geological period associated with the sea from which remains of sea weeds are found",high,,False
"grauwacke","Graywacke","gneiss","gneiss",SUBSTANCE,"a type of formation on which ancient formations might rest",high,1625,True
"practice","practice","Association by similarity","Association by similarity",CONCEPT,"commonly known",high,,False
"practice","practice","The Senses and the Intellect","The Senses and the Intellect",CONCEPT,"a work referenced",high,,False
"practice","practice","Time and Space","Time and Space",CONCEPT,"a work referenced",high,2573,True
"practice","practice","Theory of Practice","Theory of Practice",CONCEPT,"a work referenced",high,,False
"practice","practice","Psychologie als Wissenschaft","Psychologie als Wissenschaft",CONCEPT,"a work referenced",high,,False
"practice","practice","Prof. Ribot","Ribot",PERSON,"author referenced",high,,False
"practice","practice","Contemporary German Psychology","Contemporary German Psychology",CONCEPT,"a work referenced",high,,False
"unconsciousness","Unconsciousness","surgical shock","surgical shock",DISEASE,"synonym for a type of unconsciousness",high,,False
"unconsciousness","Unconsciousness","syncope","syncope",DISEASE,"symptom of surgical shock/unconsciousness",high,300,True
"unconsciousness","Unconsciousness","collapse","collapse",DISEASE,"symptom of surgical shock/unconsciousness",high,,False
"unconsciousness","Unconsciousness","syncope","syncope",DISEASE,"precedes lapse of memory/unconsciousness",high,300,True
"Personality","Personality","syncope","syncope",DISEASE,"precedes lapse of memory/unconsciousness",high,300,True
"Personality","Personality","trance","trance",CONCEPT,"state where original personality does not return",high,,False
"feldspar","feldspar","Hegel","Hegel",PERSON,"mentioned alongside",high,2302,True
"feldspar","feldspar","Heine","Heine",PERSON,"mentioned alongside",high,,False
"feldspar","feldspar","Hemmer","Hemmer",PERSON,"mentioned alongside",high,3477,True
"feldspar","feldspar","Hencke","Hencke",PERSON,"mentioned alongside",high,3131,True
"feldspar","feldspar","Henfrey, A.","A. Henfrey",PERSON,"mentioned alongside",high,,False
"Struggle for Life","Struggle for Existence","epidemics","epidemics",DISEASE,"related to limiting check",high,520,True
"Struggle for Life","Struggle for Existence","parasitic worms","parasitic worms",ANIMAL,"cause of epidemics",high,3973,True
"orders","Taxonomic Rank","genera","genera",CONCEPT,"taxonomic rank",high,611,True
"orders","Taxonomic Rank","sub-families","sub-families",CONCEPT,"taxonomic rank",high,,False
"orders","Taxonomic Rank","families","families",CONCEPT,"taxonomic rank",high,,False
"orders","Taxonomic Rank","sections","sections",CONCEPT,"taxonomic rank",high,,False
"orders","Taxonomic Rank","classes","classes",CONCEPT,"taxonomic rank",high,735,True
"bat","Bat","flying squirrel","flying squirrel",ANIMAL,"falsely ranked amongst",high,,False
"bat","Bat","Galeopithecus","Galeopithecus",ANIMAL,"falsely ranked amongst",high,,False
"bat","Bat","flying lemur","flying lemur",ANIMAL,"falsely ranked amongst",high,,False
"Subject","Subject","surgical shock","surgical shock",DISEASE,"is an inhibition which lasts a longer time in the human",high,,False
"Subject","Subject","post-hypnotic suggestion","post-hypnotic suggestion",CONCEPT,"is the ordinary so-called",high,,False
"Subject","Subject","Mozart","Mozart",PERSON,"imaginary beings",high,2990,True
"Subject","Subject","Faraday","Faraday",PERSON,"imaginary beings",high,248,True
"Unknowable","Unknowable","Noumenon","Noumenon",CONCEPT,"a mere empty locus",high,4233,True
"winds","Wind","barometric windroses","barometric windroses",CONCEPT,"tables of atmospheric pressure during different winds",high,,False
"winds","Wind","Montpellier","Montpellier",PLACE,"comparison to",high,1089,True
"winds","Wind","calms of the equator","calms of the equator",CONCEPT,"synonym for",high,,False
"winds","Wind","Variables of seamen","Variables of seamen",CONCEPT,"synonym for",high,,False
"winds","Wind","trade-winds","trade-winds",CONCEPT,"type of",high,2069,True
"volcanic action","Volcanic activity","sulphur","sulfur",SUBSTANCE,"component of",high,313;1820,True
"volcanic action","Volcanic activity","iron","iron",SUBSTANCE,"component of",high,592;251,True
"volcanic action","Volcanic activity","pyrophoric substances","pyrophoric substances",SUBSTANCE,"category of",high,,False
"volcanic action","Volcanic activity","metals of the alkalies","alkali metals",SUBSTANCE,"category of",high,,False
"volcanic action","Volcanic activity","earths","earth elements",SUBSTANCE,"category of",high,21;1183,True
"volcanic action","Volcanic activity","Sir Humphrey Davy","Humphry Davy",PERSON,"mentioned in relation to",high,1877,True
"magnetic storms","weather events","volcanic storm","volcanic storm",CONCEPT,"designated term for",high,,False
"movimento","movement","aërolites","meteorites",SUBSTANCE,"hypothesized origin from",high,678;1783,True
"movimento","movement","lunar volcanoes","lunar volcanoes",CONCEPT,"hypothesized source of",high,,False
"movimento","movement","planetary velocity of translation","orbital velocity",CONCEPT,"related to",high,,False
"movimento","movement","Mercury","Mercury",PLACE,"has planetary velocity",high,1550;622;559,True
"movimento","movement","Venus","Venus",PLACE,"has planetary velocity",high,1595;2268;53,True
"movimento","movement","Earth","Earth",PLACE,"has planetary velocity",high,709;533;21,True
"movimento","movement","volcanic force","volcanic force",CONCEPT,"numerical views regarding",high,,False
"movimento","movement","equatorial or rotation currnt","equatorial current",CONCEPT,"synonym for",high,,False
"Lucie","Lucius Annaeus Seneca","post-hypnotic suggestion","post-hypnotic suggestion",CONCEPT,"type of suggestion",high,,False
"image","Image","nominalism","nominalism",CONCEPT,"alternative philosophical concept to representational perception",high,,False
"image","Image","conceptualism","conceptualism",CONCEPT,"alternative philosophical concept to representational perception",high,,False
"image","Image","halo","halo",CONCEPT,"part of the image's significance",high,4507,True
"image","Image","penumbra","penumbra",CONCEPT,"part of the image's significance",high,,False
"image","Image","_thing_","thing",CONCEPT,"the object represented by the image",high,,False
"image","Image","form","form",CONCEPT,"a shadowy scheme related to perception",medium,2727,True
"image","Image","primary-memory-image","primary-memory-image",CONCEPT,"a type of vision related to attention",high,,False
"image","Image","number-name","number-name",CONCEPT,"a way of grasping numbers; associated with visual arrangements",high,,False
"image","Image","bcd","bcd",CONCEPT,"a constituent contrasted with 'a'",low,,False
"progenitor","Ancestor","generic characters","generic characters",CONCEPT,"inherited traits from a common ancestor",high,,False
"zechstein","Zechstein Formation","silurian","Silurian",PLACE,"geological formation",high,1756,True
"zechstein","Zechstein Formation","devonian","Devonian",PLACE,"geological formation",high,,False
"zechstein","Zechstein Formation","rocks of transition","transition rocks",PLACE,"older name for Silurian and Devonian formations",high,,False
"zechstein","Zechstein Formation","lower trias","lower Triassic",PLACE,"geological formation",high,,False
"zechstein","Zechstein Formation","mountain limestone","mountain limestone",SUBSTANCE,"component of the lower trias",high,,False
"zechstein","Zechstein Formation","coal measures","coal measures",PLACE,"component of the lower trias",high,,False
"zechstein","Zechstein Formation","todilegende","Todte-Liege",PLACE,"component of the lower trias",medium,,False
"zechstein","Zechstein Formation","upper trias","upper Triassic",PLACE,"geological formation",high,,False
"zechstein","Zechstein Formation","butter sandstone","Bunter sandstone",SUBSTANCE,"component of the upper trias",high,,False
"zechstein","Zechstein Formation","muschelkalk","Muschelkalk",PLACE,"component of the upper trias",high,1936,True
"zechstein","Zechstein Formation","keuper","Keuper",PLACE,"component of the upper trias",high,2415,True
"zechstein","Zechstein Formation","Jura limestone","Jurassic limestone",SUBSTANCE,"geological formation",high,1987,True
"zechstein","Zechstein Formation","lias","Lias",PLACE,"component of Jura limestone",high,,False
"zechstein","Zechstein Formation","oolite","oolite",SUBSTANCE,"component of Jura limestone",high,,False
"zechstein","Zechstein Formation","freestone","freestone",SUBSTANCE,"geological formation",medium,,False
"zechstein","Zechstein Formation","lower chalk","lower chalk",SUBSTANCE,"geological formation",high,,False
"zechstein","Zechstein Formation","upper chalk","upper chalk",SUBSTANCE,"geological formation",high,,False
"mental states","Mental states","UNCONSCIOUS MENTAL STATES","unconscious mental states",CONCEPT,"subject of discussion",high,,False
"planets","planet","primary planets","planet",OBJECT,"type of planets",high,2065;286,False
"planets","planet","satellites","moon",OBJECT,"synonym for secondary planets",high,1639;1582;722;634;1502,True
"planets","planet","secondary planets","moon",OBJECT,"type of planets (moons)",high,1582;722;634;1502,True
"planets","planet","comets","comet",OBJECT,"celestial body",high,291;1645,True
"planets","planet","planetary comets","comet",OBJECT,"type of comets",high,291;1645,True
"planets","planet","planetary comets","comet",OBJECT,"type of comets",high,291;1645,True
"planets","planet","planet","planet",OBJECT,"celestial body",high,2065;286,False
"Trade winds","Trade winds","calms of the equator","calms of the equator",CONCEPT,"synonym/related term for trade-winds",high,,False
"Trade winds","Trade winds","Variables of seamen","variables of seamen",CONCEPT,"synonym/related term for trade-winds",high,,False
"habits","Habits","personal habits","personal habits",CONCEPT,"specific type of habits",high,,False
"habits","Habits","vocalization","vocalization",CONCEPT,"example of personal habit",high,,False
"habits","Habits","pronunciation","pronunciation",CONCEPT,"example of personal habit",high,,False
"habits","Habits","gesture","gesture",CONCEPT,"example of personal habit",high,,False
"habits","Habits","motion","motion",CONCEPT,"example of personal habit",high,56;1375,True
"habits","Habits","personal habits","personal habits",CONCEPT,"specific type of habits",high,,False
"habits","Habits","vocalization","vocalization",CONCEPT,"example of personal habit",high,,False
"habits","Habits","pronunciation","pronunciation",CONCEPT,"example of personal habit",high,,False
"habits","Habits","gesture","gesture",CONCEPT,"example of personal habit",high,,False
"habits","Habits","motion","motion",CONCEPT,"example of personal habit",high,56;1375,True
"habits","Habits","address","address",CONCEPT,"example of personal habit",high,,False
"habits","Habits","double","double",CONCEPT,"refers to pathological cases (double personality)",low,,False
"Charpentier","Jérôme-Charles-Alexandre Charpentier","belemites","belemnites",FOSSIL,"mentioned alongside Charpentier's finds",high,,False
"Charpentier","Jérôme-Charles-Alexandre Charpentier","belemnites","belemnites",FOSSIL,"mentioned alongside Charpentier's finds",high,,False
"similarity","Similarity","Association by similarity","Association by similarity",CONCEPT,"concept related to",high,,False
"similarity","Similarity","Time and Space","Time and Space",CONCEPT,"related work",high,2573,True
"similarity","Similarity","Theory of Practice","Theory of Practice",CONCEPT,"related work",high,,False
"similarity","Similarity","Psychologie","Psychologie",CONCEPT,"related field",high,,False
"mental","Mental","mental affection","mental affection",CONCEPT,"a type of",high,,False
"mental","Mental","cognition","cognition",CONCEPT,"a type of",high,656;4406,True
"mental","Mental","Matter","Matter",CONCEPT,"related concept",high,249;2969,True
"mental","Mental","law of thought","law of thought",CONCEPT,"a type of",high,,False
"mental","Mental","forces","forces",CONCEPT,"category including",high,59,True
"Biela","Biela's Comet","inner comets","inner comets",OBJECT,"synonym for",high,,False
"Biela","Biela's Comet","Encke","Encke's Comet",OBJECT,"example of",high,659;899,True
"Biela","Biela's Comet","Faye","Faye's Comet",OBJECT,"example of",high,,False
"Biela","Biela's Comet","meteoric stones","meteoric stones",SUBSTANCE,"synonym for",high,1783,True
"Biela","Biela's Comet","fire-balls","fire-balls",OBJECT,"synonym for",high,,False
"Biela","Biela's Comet","falling stars","falling stars",OBJECT,"synonym for",high,2314,True
"meteors","meteor","falling stars","falling stars",OBJECT,"synonym for",high,2314,True
"meteors","meteor","aërolites","aërolites",SUBSTANCE,"synonym for",high,678,True
"vertue","Virtue","Hipericon","Hypericum",PLANT,"a plant associated with purifying the air and warding off demons",high,,False
"vertue","Virtue","St. Johns Wort","Hypericum",PLANT,"synonym for Hipericon",high,,False
"vertue","Virtue","fuga Dæmonis","demon-repelling",CONCEPT,"its name; attributed to the virtue of Hipericon",high,,False
"Hansteen","Christoph Heinrich Friedrich Henrichsen","Hausen","Hausen",PERSON,"mentioned in relation to astronomical speculation",high,,False
"Hansteen","Christoph Heinrich Friedrich Henrichsen","Hedenstrom","Hedenstrom",PERSON,"mentioned in relation to geographical descriptions",high,,False
"fixed stars","fixed stars","self-luminous moving suns","stars",OBJECT,"synonym for fixed stars",high,2672;2209;750,False
"fixed stars","fixed stars","our cosmical island","Milky Way",PLACE,"description of the location of fixed stars",medium,1583,True
"fixed stars","fixed stars","our own sun","Sun",OBJECT,"specific example of a self-luminous moving sun",high,196;625;1617;1528;573,True
"Saurians","Saurians","crocodile of Maestricht","Mosasaurus hoffmannii",ANIMAL,"example of a Saurian from the chalk epoch",high,,False
"Saurians","Saurians","Mososaurus","Mosasaurus",ANIMAL,"synonym for crocodile of Maestricht",high,,False
"horns","Horns","teeth of Elephants","Elephant teeth",SUBSTANCE,"possible alternative name for horns",high,,False
"horns","Horns","Elephants","Elephant",ANIMAL,"animal from which 'teeth' (potential horns) are derived",high,1703;839,True
"horns","Horns","long-horns","long-horned cattle",ANIMAL,"type of cattle displaced by short-horns",high,,False
"horns","Horns","short-horns","short-horned cattle",ANIMAL,"type of cattle that displaced long-horns",high,,False
"mammal","Mammals","Glyptodon","Glyptodon",ANIMAL,"extinct mammal allied to the Armadillo",high,,False
"mammal","Mammals","Armadillo","Armadillo",ANIMAL,"creature allied to the Glyptodon",high,1151,True
"Hamilton","Sir William Rowan Hamilton","redintegration","redintegration",CONCEPT,"term used by Hamilton to designate association",high,,False
"hypnotism","hypnotic","post-hypnotic suggestion","post-hypnotic suggestion",CONCEPT,"type of suggestion being discussed",high,,False
"hypnotism","hypnotic","post-hypnotic suggestion","post-hypnotic suggestion",CONCEPT,"related concept",high,,False
"Hegel","Georg Wilhelm Friedrich Hegel","criminal legislation","criminal legislation",CONCEPT,"example of an abstract meaning",high,,False
"Hegel","Georg Wilhelm Friedrich Hegel","fallacy","fallacy",CONCEPT,"example of an abstract meaning",high,,False
"Hegel","Georg Wilhelm Friedrich Hegel","pure being","pure being",CONCEPT,"philosophical concept discussed by Hegel",high,,False
"Hegel","Georg Wilhelm Friedrich Hegel","pure nothing","pure nothing",CONCEPT,"philosophical concept discussed by Hegel",high,,False
"Hegel","Georg Wilhelm Friedrich Hegel","Wood Hills","Wood Hills",PLACE,"location discussed by Hedenstrom",high,,False
"Hegel","Georg Wilhelm Friedrich Hegel","Philosophy of History","Philosophy of History",CONCEPT,"work by Hegel",high,,False
"clocks","clock","psychologist","psychologist",PERSON,"profession",low,,False
"clocks","clock","mean solar time","mean solar time",CONCEPT,"type of time",high,,False
"clocks","clock","true or apparent time","true or apparent time",CONCEPT,"type of time",high,,False
"clocks","clock","dials","sundial",OBJECT,"instrument for measuring time",high,,False
"phenomenon","phenomenon","Noumenon","noumenon",CONCEPT,"philosophical concept contrasted with phenomenon",high,4233,True
"falling stars","Meteor","inner comets","inner comets",OBJECT,"more correct term for certain celestial bodies",high,,False
"falling stars","Meteor","Encke","Encke",PERSON,"associated with inner comets",high,659,True
"falling stars","Meteor","Biela","Biela",PERSON,"associated with inner comets",high,2130,True
"falling stars","Meteor","Faye","Faye",PERSON,"associated with inner comets",high,,False
"falling stars","Meteor","meteoric stones","meteorite",SUBSTANCE,"synonym for aerolites",high,1783,True
"falling stars","Meteor","fire-balls","fireball",OBJECT,"synonym for aerolites",high,,False
"falling stars","Meteor","November stream","November meteor shower",CONCEPT,"meteor stream",high,,False
"falling stars","Meteor","stream of St. Lawrence","stream of St. Lawrence",CONCEPT,"meteor stream",high,,False
"mosses","moss","saxifrages","saxifrage",PLANT,"plant associated with a botanical region",high,2949,True
"mosses","moss","Polypody","Polypody",PLANT,"a type of parasitical plant",high,666,True
"mosses","moss","Capillaries","Capillaries",PLANT,"a type of parasitical plant",high,3860,True
"mosses","moss","Misseltoes","Mistletoe",PLANT,"regional variations",high,2919,True
"mosses","moss","India","India",PLACE,"a region producing a specific type of Mistletoe",high,17;2500;231,True
"mosses","moss","America","America",PLACE,"a region producing a specific type of Mistletoe",high,1,True
"Novembre","November","November phenomenon","November phenomenon",CONCEPT,"a periodic fall",high,,False
"Novembre","November","St. Lawrence","Saint Lawrence",PERSON,"a festival associated with a periodic fall",high,2597,True
"Novembre","November","November phenomenon","November phenomenon",CONCEPT,"a periodic fall",high,,False
"Novembre","November","St. Lawrence","Saint Lawrence",PERSON,"a festival associated with a periodic fall",high,2597,True
"synthesis","synthesis","Categorical unity","Categorical unity",CONCEPT,"a Kantian term for unity",high,,False
"synthesis","synthesis","transcendental synthesis","transcendental synthesis",CONCEPT,"a Kantian term for synthesis",high,,False
"abstract","abstract concept","table","table",CONCEPT,"a concrete word",high,4468,True
"abstract","abstract concept","Boston","Boston",PLACE,"a concrete word",high,363,True
"abstract","abstract concept","criminal legislation","criminal legislation",CONCEPT,"an abstract word",high,,False
"abstract","abstract concept","fallacy","fallacy",CONCEPT,"an abstract word",high,,False
"abstract","abstract concept","forces","force",CONCEPT,"related to the concept of matter",high,59,True
"Being","Being","presentative","presentative knowledge",CONCEPT,"opposed to representative knowledge",high,,False
"Being","Being","representative","representative knowledge",CONCEPT,"opposed to presentative knowledge",high,,False
"Being","Being","spiritualism","spiritualism",CONCEPT,"a subject of dispute; separate from scientific facts",high,,False
"Being","Being","material object","material object",CONCEPT,"a way of cognizing a thing",high,,False
"Being","Being","Unlimited","the Unlimited",CONCEPT,"an antithetical notion to conceived limits",high,,False
"muscular tension","muscle tension","sensations of muscular tension","muscle tension sensation",CONCEPT,"produced by the action of muscles",high,,False
"Nebulae","Nebula","planetary nebulous vapor","planetary nebula",OBJECT,"synonym/type of",high,,False
"volcanic","Volcanic eruption","volcanic storm","volcanic storm",CONCEPT,"metaphorical description of",high,,False
"magnetic lines of force","Magnetic field lines","Aurora Borealis","Aurora Borealis",PHENOMENON,"related phenomenon to",high,,False
"magnetic lines of force","Magnetic field lines","magnetic lines of declination","magnetic declination lines",CONCEPT,"type of",high,,False
"magnetic lines of force","Magnetic field lines","Wood Hills","Wood Hills",PLACE,"geographic feature described as",high,,False
"Sexes","Sex","Castoreum","Castoreum",SUBSTANCE,"example of divulsion of parts",high,,False
"Sexes","Sex","Testicles","Testicles",ANATOMY,"compared to",high,378,True
"Sexes","Sex","Stones","Testicles",ANATOMY,"synonym for Testicles",high,2704;378;1494,True
"Sexes","Sex","Cocks eggs","unfertilized eggs",BIOLOGICAL_OBJECT,"example of unfruitful eggs",high,,False
"offspring","offspring","hybrid offspring","hybrid offspring",CONCEPT,"type of offspring",high,,False
"offspring","offspring","mongrel offspring","mongrel offspring",CONCEPT,"type of offspring",high,,False
"destruction","destruction","species of animals","animal species",PLANT|ANIMAL,"destroyed",high,,False
"destruction","destruction","plants","plants",PLANT,"destroyed",high,16,True
"Mer du Nord","North Sea","microscopic Polythalamia","microscopic Polythalamia",PLANT|ANIMAL,"existing in seas",high,,False
"Mer du Nord","North Sea","Baltic","Baltic Sea",PLACE,"location in middle latitudes",high,319,True
"Mer du Nord","North Sea","chalk","chalk",SUBSTANCE,"geological layer",high,829,True
"Mer du Nord","North Sea","Eocene Period","Eocene Period",CONCEPT,"geological period",high,2728,True
"August","August","November phenomenon","November phenomenon",CONCEPT,"meteorological event",high,,False
"August","August","St. Lawrence","Saint Lawrence",PERSON,"festival date reference",high,2597,True
"August","August","fiery tears","fiery tears",CONCEPT,"metaphor for meteor event",high,,False
"August","August","church calendar of England","English church calendar",CONCEPT,"source of tradition",high,,False
"stimulation","Stimulation","sensation","sensation",CONCEPT,"related to excitation",high,228,True
"stimulation","Stimulation","emotion","emotion",CONCEPT,"related to excitation",high,618,True
"stimulation","Stimulation","associated ideas","associated ideas",CONCEPT,"part of excitation",high,3105,True
"stimulation","Stimulation","feelings","feelings",CONCEPT,"part of excitation",high,618,True
"stimulation","Stimulation","involuntary muscles","involuntary muscles",CONCEPT,"affected by excitation",high,,False
"stimulation","Stimulation","voluntary muscles","voluntary muscles",CONCEPT,"affected by excitation",high,,False
"Greek","Greek","Latin","Latin",CONCEPT,"language",high,1263;1055,True
"Floras","Flora","faunas","fauna",ANIMAL,"related to",high,809;4031,True
"Floras","Flora","florals","flora",PLANT,"related to",high,2595,False
"seas","Seas","Polythalamia","Polythalamia",CONCEPT,"consist of",high,,False
"seas","Seas","North Sea","North Sea",PLACE,"in the middle latitudes of",high,2555,True
"seas","Seas","Baltic","Baltic Sea",PLACE,"in the middle latitudes of",high,319,True
"St. Lawrence","St. Lawrence River","November phenomenon","November phenomenon",CONCEPT,"a celebrated event",high,,False
"St. Lawrence","St. Lawrence River","England","England",PLACE,"in a church calendar of",high,65,True
"New Siberia","Siberia","wood-hills","wood hills",PLACE,"discovered in",high,,False
"New Siberia","Siberia","sandstone","sandstone",SUBSTANCE,"consist of",high,,False
"New Siberia","Siberia","Northern Asia","Northern Asia",PLACE,"in",high,1687,True
"New Siberia","Siberia","Wood Hills","Wood Hills",PLACE,"of",high,,False
"New Siberia","Siberia","Philosophy of History","Philosophy of History",CONCEPT,"quotation from his",high,,False
"New Siberia","Siberia","crystals of feldspar","feldspar crystals",SUBSTANCE,"discovery of",high,,False
"New Siberia","Siberia","scoriae","scoriae",SUBSTANCE,"in",high,,False
"New Siberia","Siberia","falling stars","meteors",CONCEPT,"about",high,2314;1868;2133,True
"Rivers","River","volcanoes","volcanoes",PLACE,"active",high,602;299;2443,True
"igneous","Igneous","continents","continents",PLACE,"whence result",high,25,True
"igneous","Igneous","oceans","oceans",PLACE,"whence result",high,52,True
"straight line","Straight line","dynamics","dynamics",CONCEPT,"subject to the laws of",high,,False
"straight line","Straight line","mathematical analysis","mathematical analysis",CONCEPT,"subject to the laws of",high,,False
"straight line","Straight line","waves","waves",CONCEPT,"like the spreading of",high,763,True
"straight line","Straight line","water","water",SUBSTANCE,"in",high,0;897;1289,True
"electric","Electric","fluid motion","fluid motion",CONCEPT,"a force which may be regarded as simple or uniform",high,,False
"electric","Electric","magnetic attraction","magnetic attraction",CONCEPT,"a force which may be regarded as simple or uniform",high,1408,True
"electric","Electric","chemical affinity","chemical affinity",CONCEPT,"a force which may be regarded as simple or uniform",high,727,True
"Nutmeg","nutmeg","Mace","mace",SUBSTANCE,"part of nutmeg",high,734,True
"Arteria magna","Aorta","arterial vein","arterial vein",SUBSTANCE,"part of circulatory system; related to great artery",high,,False
"Arteria magna","Aorta","Deer","deer",ANIMAL,"animal in which the great artery is found",high,802,True
"Mont-Rose","Monte Rosa","Usnea","Usnea",PLANT,"mentioned in context",high,,False
"Mont-Rose","Monte Rosa","Podurellae","Podurella",ANIMAL,"mentioned in context",high,,False
"Mont-Rose","Monte Rosa","Chionaea nivalis","Chionaea nivalis",ANIMAL,"mentioned in context",high,,False
"Mont-Rose","Monte Rosa","Protococcus","Protococcus",PLANT,"formerly known as",high,,False
"vocal organs","Vocal organs","post-hypnotic suggestion","post-hypnotic suggestion",CONCEPT,"mentioned in context",high,,False
"nabo","Turnips","nabo","Nabo",PLANT,"synonym for Turnip",high,2870,False
"nabo","Turnips","Ruta baga","Ruta baga",PLANT,"a plant that is related to or a variety of Turnip",high,,False
"Pitch","Pitch","Bitumen","bitumen",SUBSTANCE,"synonym",high,160,True
"Pitch","Pitch","Brimstone","brimstone",SUBSTANCE,"synonym",high,313,True
"Pitch","Pitch","Hipericon","Hypericum perforatum",PLANT,"mentioned in parallel",high,,False
"Pitch","Pitch","St. Johns Wort","Hypericum perforatum",PLANT,"synonym of Hipericon",high,,False
"Urine","Urine","Helmont","Jan Baptist van Helmont",PERSON,"cited author",high,1706,True
"Urine","Urine","Helmont","Jan Baptist van Helmont",PERSON,"cited author",high,1706,True
"Urine","Urine","Cadmus","Cadmus",PERSON,"mentioned in parallel fable",high,,False
"Urine","Urine","Cadmus","Cadmus",PERSON,"mentioned in parallel fable",high,,False
"Urine","Urine","Orion","Orion",PERSON,"mentioned in parallel fable",high,1046,True
"Urine","Urine","Jupiter","Jupiter",PERSON,"mentioned in parallel fable",high,553,True
"Urine","Urine","Mercury","Mercury",PERSON,"mentioned in parallel fable",high,1550;622;559,True
"Urine","Urine","Neptune","Neptune",PERSON,"mentioned in parallel fable",high,2411,True
"Geometry","Geometry","Arithmetick","arithmetic",CONCEPT,"related discipline",high,1207,True
"State","State","conception","conception",CONCEPT,"related to consciousness",high,282;3532,True
"State","State","conception","conception",CONCEPT,"related to consciousness",high,282;3532,True
"State","State","idea","idea",CONCEPT,"related to consciousness",high,226,True
"State","State","knowledge","knowledge",CONCEPT,"related to consciousness",high,1743,True
"Ginger","Ginger","Mace","Mace",SUBSTANCE,"part of the same tree as Ginger",high,734,True
"Ginger","Ginger","Nutmeg","Nutmeg",SUBSTANCE,"part of the same tree as Ginger",high,2692,True
"Ginger","Ginger","Plant","Plant",PLANT,"herbaceous plant from which Ginger is the root",high,16,True
"Ginger","Ginger","Water Flower-De-luce","Water Flower-De-luce",PLANT,"resembles the plant Ginger",high,,False
"roots","Root","induration","induration",DISEASE,"abnormal hardening of tissue",high,,False
"roots","Root","arterial vein","arterial vein",ANATOMY,"part of the circulatory system",high,,False
"roots","Root","great artery","great artery",ANATOMY,"part of the circulatory system",high,2696,True
"roots","Root","heart","heart",ANATOMY,"organ where induration is thought to be found",high,85;1519,True
"roots","Root","Deer","Deer",ANIMAL,"animal in whose heart induration is found",high,802,True
"opinions","Opinion","Pagans","Pagans",PERSON,"group of people associated with gods of the Gentiles",high,,False
"opinions","Opinion","gods","gods",CONCEPT,"worshipped by Pagans",high,,False
"opinions","Opinion","Gentiles","Gentiles",PERSON,"group whose gods are referenced",high,,False
"opinions","Opinion","Basilisk","Basilisk",ANIMAL,"serpent; also called Cockatrice",high,,False
"opinions","Opinion","Serpents","Serpent",ANIMAL,"category to which Basilisk belongs",high,1535,True
"opinions","Opinion","Cockatrice","Cockatrice",ANIMAL,"another name for Basilisk",high,,False
"Justinian","Justinian I","Trogus Pompeius","Trogus Pompeius",PERSON,"followed by Justinian",high,2503,True
"Justinian","Justinian I","Aetna","Aetna",PLACE,"volcanic location",high,647,True
"Justinian","Justinian I","Aeolian Islands","Aeolian Islands",PLACE,"volcanic location",high,,False
"conceit","Conceit","Orestes","Orestes",PERSON,"mentioned in analogy",high,,False
"conceit","Conceit","Paul","Paul",PERSON,"identified with",high,9;586,True
"conceit","Conceit","Barnabas","Barnabas",PERSON,"identified with",high,,False
"conceit","Conceit","Jupiter","Jupiter",PERSON,"designated equivalent of",high,553,True
"conceit","Conceit","Mercurius","Mercurius",PERSON,"designated equivalent of",high,559,True
"conceit","Conceit","Betonica Pauli","Pauls Betony",PLANT,"common name for",high,,False
"conceit","Conceit","Pauls Betony","Pauls Betony",PLANT,"common name for",high,,False
"conceit","Conceit","Paul","Paul",PERSON,"name associated with",high,9;586,True
"conceit","Conceit","Paulus Ægineta","Paulus Aegineta",PERSON,"source of name",high,586,True
"conceit","Conceit","Ægina","Aegina",PLACE,"origin of",high,,False
"conceit","Conceit","Speed-well","Veronica",PLANT,"alternative name for",high,3224,True
"Sea Coasts","Coastline","Montpellier","Montpellier",PLACE,"metaphorical comparison for",high,1089,True
"Sea Coasts","Coastline","Agave Mexicana","Agave americana",PLANT,"example of flora",high,,False
"fossiliferous","Fossiliferous","Glyptodon","Glyptodon",ANIMAL,"example of extinct mammal",high,,False
"fossiliferous","Fossiliferous","Armadillo","Armadillo",ANIMAL,"allied to",high,1151,True
"botanists","Botanist","Ruta baga","Rutabaga",PLANT,"example of plant",high,,False
"Mozart","Wolfgang Amadeus Mozart","Faraday","Michael Faraday",PERSON,"example of departed spirit",high,248,True
"silurian strata","Silurian strata","Schist","Schist",SUBSTANCE,"a type of rock forming formations",high,,False
"silurian strata","Silurian strata","transition rock","transition rock",SUBSTANCE,"a type of rock forming formations",high,,False
"silurian strata","Silurian strata","devonian formations","Devonian formation",SUBSTANCE,"geological formation",high,,False
"silurian strata","Silurian strata","cambrian","Cambrian",SUBSTANCE,"a historical term for lower Silurian strata",high,,False
"silurian strata","Silurian strata","old red sandstone","Old Red Sandstone",SUBSTANCE,"geological formation",high,,False
"silurian strata","Silurian strata","mountain lime","mountain limestone",SUBSTANCE,"a type of rock",high,,False
"black","Black","blue","blue",SUBSTANCE,"a color in the spectrum of light",high,1762,True
"black","Black","white","white",SUBSTANCE,"a color in the spectrum of light",high,,False
"black","Black","yellow","yellow",SUBSTANCE,"a color in the spectrum of light",high,1875;3188,True
"black","Black","orange","orange",SUBSTANCE,"a color in the spectrum of light",high,1733;3926,True
"black","Black","red","red",SUBSTANCE,"a color in the spectrum of light",high,1713,True
"black","Black","purple","purple",SUBSTANCE,"a color in the spectrum of light",high,,False
"black","Black","violet","violet",SUBSTANCE,"a color in the spectrum of light",high,1577;1644;1852,True
"black","Black","green","green",SUBSTANCE,"a color in the spectrum of light",high,502;359,True
"black","Black","crimson","crimson",SUBSTANCE,"a color in the spectrum of light",high,,False
"motor","motor functions","pons","pons",PLACE,"part of the brain",high,,False
"motor","motor functions","medulla","medulla",PLACE,"part of the brain",high,1043,True
"motor","motor functions","spinal cord","spinal cord",PLACE,"part of the nervous system",high,1658;1043;2799,True
"motor","motor functions","secondary sclerosis","secondary sclerosis",DISEASE,"a peculiar degenerative change",high,,False
"influence","influence","agglutinative languages","agglutinative languages",CONCEPT,"languages",high,,False
"influence","influence","Greek","Greek",PLACE,"language family",high,945;2570;773,True
"influence","influence","Latin","Latin",PLACE,"language family",high,1263;1055,True
"influence","influence","S.E. trade-wind","S.E. trade-wind",CONCEPT,"wind",high,,False
"influence","influence","monsoon","monsoon",CONCEPT,"wind",high,,False
"influence","influence","monsoons","monsoons",CONCEPT,"wind",high,799,True
"tone","tone","planchette writing","planchette writing",CONCEPT,"type of writing",high,,False
"impulse","Impulse","agraphic disease","agraphic disease",DISEASE,"disease",high,,False
"childhood","Childhood","youth","youth",CONCEPT,"stage of life",high,2469,True
"considerations","consideration","UNCONSCIOUS MENTAL STATES","unconscious mental states",CONCEPT,"mental states",high,,False
"sensorial excitement","Sensory stimulation","idea","idea",CONCEPT,"related to sensorial excitement through association",high,226,True
"associated ideas","Association of ideas","sensation","sensation",CONCEPT,"related to associated ideas through expenditure of force",high,228,True
"associated ideas","Association of ideas","emotion","emotion",CONCEPT,"related to associated ideas through expenditure of force",high,618,True
"associated ideas","Association of ideas","contractions","contractions",CONCEPT,"bodily change resulting from expended sensation/emotion",high,4201,True
"associated ideas","Association of ideas","involuntary muscles","involuntary muscles",SUBSTANCE,"affected by bodily changes",high,,False
"associated ideas","Association of ideas","voluntary muscles","voluntary muscles",SUBSTANCE,"affected by bodily changes",high,,False
"associated ideas","Association of ideas","stimulation","stimulation",CONCEPT,"result of bodily changes",high,2568,True
"bodily parts","Body","feelings","feelings",CONCEPT,"pour in from bodily parts to express emotion",high,618,True
"bodily parts","Body","head-feelings","head-feelings",CONCEPT,"swallowed up by larger mass of feelings",high,,False
"heaven","sky","body","body",SUBSTANCE,"left in a quiet trance",high,398;220;3109;262,True
"heaven","sky","personality","personality",CONCEPT,"original personality returning",high,1943,True
"heaven","sky","Lurancy","Lurancy",PERSON,"original personality",high,,False
"heaven","sky","vault of heaven","vault of heaven",PLACE,"corresponds to the direction of the inclination of the needle",high,,False
"heaven","sky","corona","corona",CONCEPT,"crown of the northern light",high,,False
"attributes","attributes","force","force",CONCEPT,"differentiates units or portions of matter",high,59,True
"attributes","attributes","matter","matter",SUBSTANCE,"has attributes that can be known through force",high,249;2969,True
"attributes","attributes","consciousness","consciousness",CONCEPT,"impressed by forces",high,204,True
"Lassen","Christian Lassen","Madhjadeca","Madhya Decca",PLACE,"region named by Lassen",high,,False
"Lassen","Christian Lassen","Indische Alterthumskunde","Indische Altertumskunde",CONCEPT,"title of work by Lassen",high,,False
"Lassen","Christian Lassen","Bahar","Bahar",PLACE,"southern region called Mo-kie-thi",high,,False
"Lassen","Christian Lassen","Mo-kie-thi","Mo-kie-thi",PLACE,"Chinese name for southern Bahar",high,,False
"disks","Disks","planetary nebulae","planetary nebulae",OBJECT,"type of celestial object with disks",high,3145,True
"disks","Disks","Nebulous stars","Nebulous stars",OBJECT,"celestial object type; distinct from planetary nebulae",high,3144,True
"nebulous stars","Nebulous stars","nebulous spots","nebulous spots",OBJECT,"type of object; distinct from nebulous stars",high,,False
"nebulous stars","Nebulous stars","planetary nebulae","planetary nebulae",OBJECT,"type of celestial object with disks",high,3145,True
"nebulous stars","Nebulous stars","Nebulous stars","Nebulous stars",OBJECT,"celestial object type; distinct from planetary nebulae",high,3144,False
"nebulous stars","Nebulous stars","Mecanique Celeste","Mecanique Celeste",CONCEPT,"related to the author's work on celestial mechanics",high,,False
"nebulous stars","Nebulous stars","comets","comet",OBJECT,"contrasted with nebulous stars",high,291;1645,True
"nebulous stars","Nebulous stars","planetary nebulous vapor","planetary nebula",OBJECT,"synonym/related to planetary nebulae",high,,False
"nebulous stars","Nebulous stars","Andromeda","Andromeda Nebula",OBJECT,"example of an unresolvable nebula",high,2613,True
"planetary nebulae","Planetary nebulae","stars","star",OBJECT,"potential outcome of concentrated nebulae",medium,2209;3914;750;2672;1308,True
"astronomer","astronomer","Halley's comet","Halley's Comet",OBJECT,"historical astronomical observation",high,1724,True
"astronomer","astronomer","Arago","Dominique François Jean Arago",PERSON,"cited source",high,217;1818,True
"astronomer","astronomer","Langier","Jérôme Stanislas Langier",PERSON,"cited source",high,,False
"Progress","progress","Conservation of Force","Conservation of Energy",CONCEPT,"a known generalization of scientific laws",high,2156,True
"Progress","progress","Transcendental Physiology","Transcendental Physiology",CONCEPT,"a subject of a published paper",high,,False
"telescopic planets","Faint celestial objects","planetary nebulous","planetary nebula",OBJECT,"related to the 'so-called planetary nebulous vapor'",high,,False
"telescopic planets","Faint celestial objects","Andromeda","Andromeda Nebula",OBJECT,"example of an unresolvable nebula",high,2613,True
"Lerius","Gerardus Mercator","algæ","algae",PLANT,"type of plant found in the sargassa sea",high,957,True
"Lerius","Gerardus Mercator","sargassa","Sargassum",PLANT,"accumulation of algae; also called the grassy sea",high,,False
"Lerius","Gerardus Mercator","grassy sea","Sargasso Sea",PLACE,"alternative name for the sargassa sea",high,,False
"Lerius","Gerardus Mercator","Columbus","Christopher Columbus",PERSON,"early navigator who observed the sargassa sea",high,327,True
"vacuo","vacuum","infinite","the infinite",CONCEPT,"contrasted with the void",high,2005,True
"Scholars","Scholars","Apolonius","Apollonius of Perga",PERSON,"cited as authority",high,,False
"Scholars","Scholars","Hiarchas","Hiarchas",PERSON,"learned scholar from India",high,,False
"Cock","Rooster","Ovum Centeninum","Ovum Centeninum",CONCEPT,"alternative name for 'Cocks eggs'",high,,False
"Cock","Rooster","Hen","Hen",ANIMAL,"parent animal",high,,False
"squirrels","Squirrel","flying squirrels","flying squirrel",ANIMAL,"comparison group for squirrels",high,,False
"Eternity","Eternity","Thought","Thought",CONCEPT,"finite experience contrasted with absolute Ego",medium,534,True
"Eternity","Eternity","Ego","Ego",CONCEPT,"absolute self",high,1587,True
"Jussieu","Antoine Laurent de Jussieu","Link","Heinrich Wilhelm von Link",PERSON,"author cited for botanical principles",high,,False
"Jussieu","Antoine Laurent de Jussieu","Endlicher","Stephan Ladislaus Endlicher",PERSON,"author cited for botanical principles",high,,False
"Jussieu","Antoine Laurent de Jussieu","Unger","Franz Unger",PERSON,"author cited for botanical principles",high,,False
"Jussieu","Antoine Laurent de Jussieu","Lyell","Charles Lyell",PERSON,"author who termed certain rocks 'endogenous'",high,3139;1710;2367,True
"young","Young animals","planchette","planchette",CONCEPT,"object involved in psychological experiment",high,,False
"process","process","Galeopithecus","Galeopithecus",ANIMAL,"related to",high,,False
"process","process","unconscious cerebration","unconscious cerebration",CONCEPT,"referred to as",high,,False
"process","process","Ego","Ego",CONCEPT,"called",high,1587,True
"terrestrial","terrestrial","sidereal","sidereal",CONCEPT,"contrasted with",high,,False
"terrestrial","terrestrial","natural history of the heavens","natural history of the heavens",CONCEPT,"also termed",high,,False
"NOTES","notes","specious present","specious present",CONCEPT,"named",high,,False
"NOTES","notes","obvious past","obvious past",CONCEPT,"known as",high,,False
"materialists","materialism","Spiritualist","Spiritualist",CONCEPT,"contrasted with",high,1780,True
"tactile","tactile","visibility","visibility",CONCEPT,"physical property of matter",high,3786,True
"tactile","tactile","cohesion","cohesion",CONCEPT,"physical property of matter",high,749,True
"tactile","tactile","weight","weight",CONCEPT,"physical property of matter",high,412,True
"Physiological optics","Physiological optics","_muscæ volitantes_","muscae volitantes",CONCEPT,"floating in vitreous humor",high,,False
"Physiological optics","Physiological optics","fibres","fibers",SUBSTANCE,"part of muscae volitantes",high,331;2956,True
"Physiological optics","Physiological optics","granules","granules",SUBSTANCE,"part of muscae volitantes",high,4265,True
"Physiological optics","Physiological optics","vitreous humor","vitreous humor",SUBSTANCE,"part of the eye containing muscae volitantes",high,,False
"twilight","Twilight","oxygen","oxygen",SUBSTANCE,"component of atmosphere",high,3163,True
"twilight","Twilight","zodiacal light","zodiacal light",CONCEPT,"celestial phenomenon",high,,False
"twilight","Twilight","dawn","dawn",CONCEPT,"time of day",high,,False
"Quantity","Quantity","fallacy of division","fallacy of division",CONCEPT,"logical fallacy",high,,False
"Quantity","Quantity","difference-threshold","difference-threshold",CONCEPT,"a ratio",high,,False
"lines","line","rays of light","light rays",SUBSTANCE,"subject of refractive powers",high,3762;1202,True
"optics","optics","rays of light","light rays",SUBSTANCE,"subject of refractive powers",high,3762;1202,True
"names","Name","conception","conception",CONCEPT,"alternative to the state of consciousness evoked by the name",high,282;3532,True
"compound","None","organic compounds","organic compounds",SUBSTANCE,"modified; not destroyed",high,1189,True
"coexistence","None","feeling","feeling",CONCEPT,"ordinarily so called; a portion of consciousness",high,245,True
"seconds","seconds","miles","mile",CONCEPT,"unit of measurement for orbit breadth",high,2202,True
"Silhet","Sylhet","Paranema cyathoides","Paranema cyathoides",PLANT,"synonym",high,,False
"Silhet","Sylhet","Sphaeroptera barbata","Sphaeroptera barbata",PLANT,"synonym",high,,False
"mineralógica","mineralogy","botany","botany",CONCEPT,"related field",high,1098,True
"mineralógica","mineralogy","zoology","zoology",CONCEPT,"related field",high,1268,True
"mineralógica","mineralogy","geology","geology",CONCEPT,"related field",high,278,True
"masses","Mass","trap","trap",SUBSTANCE,"type of substance",high,,False
"masses","Mass","basalt","basalt",SUBSTANCE,"type of substance",high,1665,True
"rings","Rings","Newton’s scale of colours","Newton's scale of colours",CONCEPT,"known standard",high,,False
"luminous body","Luminous body","fixed stars","fixed stars",CONCEPT,"erroneous designation",high,2209,True
"luminous body","Luminous body","zodiacal light","zodiacal light",CONCEPT,"celestial phenomenon",high,,False
"granular","Granular","granular limestone","granular limestone",SUBSTANCE,"type of formation",high,,False
"granular","Granular","lignite","lignite",SUBSTANCE,"type of formation",high,1760,True
"granular","Granular","south Apennine gravel","south Apennine gravel",SUBSTANCE,"type of formation",high,,False
"race","race","cradle of the human race","cradle of the human race",CONCEPT,"metaphorical origin",high,,False
"Doctrine","doctrine","Gilbertus","Gilbertus",PERSON,"proponent of doctrine",high,,False
"Doctrine","doctrine","Coition","coition",CONCEPT,"term for motion",high,,False
"Doctrine","doctrine","Syndrome","syndrome",CONCEPT,"synonym for concourse",low,,False
"figure","Figure","Polypody","Polypody",PLANT,"example of parasitical plants",high,666,True
"figure","Figure","Moss","Moss",PLANT,"example of parasitical plants",high,2317,True
"figure","Figure","Capillaries","Capillaries",PLANT,"example of parasitical plants",high,3860,True
"parasitical Plants","Parasitic plants","Polypody","Polypody",PLANT,"example of parasitical plants",high,666,True
"parasitical Plants","Parasitic plants","Moss","Moss",PLANT,"example of parasitical plants",high,2317,True
"parasitical Plants","Parasitic plants","Capillaries","Capillaries",PLANT,"example of parasitical plants",high,3860,True
"parasitical Plants","Parasitic plants","_India_","India",PLACE,"region producing a type of Misseltoe",high,17;2500;231,True
"parasitical Plants","Parasitic plants","_America_","America",PLACE,"region producing a type of Misseltoe",high,1,True
"Capillaries","Capillaries","Polypody","Polypody",PLANT,"example of parasitical plants",high,666,True
"Capillaries","Capillaries","Moss","Moss",PLANT,"example of parasitical plants",high,2317,True
"Capillaries","Capillaries","Capillaries","Capillaries",PLANT,"example of parasitical plants",high,3860,False
"Capillaries","Capillaries","_India_","India",PLACE,"region producing a type of Misseltoe",high,17;2500;231,True
"Capillaries","Capillaries","_America_","America",PLACE,"region producing a type of Misseltoe",high,1,True
"lobes","Lobe","cunei","cunei",SUBSTANCE,"part of cortical regions concerned in vision",high,,False
"adult","Adult organism","larval stages","larval stages",CONCEPT,"alternative term for different stages of an individual organism",high,,False
"adult","Adult organism","alternate generations","alternate generations",CONCEPT,"alternative term for certain life cycles",high,,False
"adult","Adult organism","Steenstrup","Steenstrup",PERSON,"associated with the concept of alternate generations",high,,False
"adult","Adult organism","Motion","Motion",CONCEPT,"primitive conception from which adult conception evolves",high,56;1375,True
"adult","Adult organism","Space","Space",CONCEPT,"concept evolved alongside Motion and Time",high,240,True
"adult","Adult organism","Time","Time",CONCEPT,"concept evolved alongside Motion and Space",high,223,True
"bone","Bone","flesh","flesh",SUBSTANCE,"used metaphorically in conjunction with bone",high,219,True
"system","system","Silurian","Silurian",CONCEPT,"a geological system",high,1756,True
"system","system","Longmynd","Longmynd",PLACE,"beds containing traces of life",high,,False
"system","system","primordial zone","primordial zone",CONCEPT,"a geological zone",high,,False
"Thèbes","Thebes","[Greek word]","[Greek word]",CONCEPT,"etymologically related to 'Thebes'",high,,False
"Thèbes","Thebes","Welcker","Welcker",PERSON,"a scholar who combined names",high,,False
"Thèbes","Thebes","Cretan","Cretan",PLACE,"associated with a colony in Thebes",high,510,True
"Thèbes","Thebes","Hesychius","Hesychius",PERSON,"a source for a definition",high,,False
"siècle","Century","popular p 52 knowledge","popular knowledge",CONCEPT,"an inappropriate term for scientific subjects",high,,False
"Pathological cases","Pathology","syncope","syncope",DISEASE,"a condition that can precede personality changes",high,300,True
"contractions","contractions","brow","brow",BODY_PART,"involved in muscular contractions during effort",high,,False
"contractions","contractions","glottis","glottis",BODY_PART,"involved in muscular contractions during effort",high,2735,True
"negating","negation","absolute","absolute",CONCEPT,"related to conceivability and negation",high,,False
"negating","negation","infinite","infinite",CONCEPT,"from which things are known",high,2005,True
"negating","negation","Relative","Relative",CONCEPT,"known in relation to the Absolute",high,,False
"negating","negation","Absolute","Absolute",CONCEPT,"a pure negation",high,,False
"Noumenon","Noumenon","locus","locus",CONCEPT,"synonym for unknowable",high,,False
"Noumenon","Noumenon","phenomenon","phenomenon",CONCEPT,"contrasted with Noumenon",high,2306,True
"scientific","Scientific","spiritualism","spiritualism",CONCEPT,"example of disputed facts",high,,False
"scientific","Scientific","Popular Scientific Lectures","Popular Scientific Lectures",CONCEPT,"title of a work",high,,False
"conceivability","Conceivability","_à priori_","a priori",CONCEPT,"truths involved in the organization of relations",high,2582,True
"equality","Equality","Inequality","Inequality",CONCEPT,"correlative of Equality",high,4250;4519,True
"equality","Equality","Relative","Relative",CONCEPT,"conceived by opposition to the Non-relative",high,,False
"equality","Equality","Non-relative","Non-relative",CONCEPT,"opposition to the Relative",high,,False
"whole","Wholeness","_schema_","schema",CONCEPT,"diagram of regions concerned in vision",high,,False
"whole","Wholeness","cunei","cunei",CONCEPT,"part of the occipital lobes concerned in vision",high,,False
"whole","Wholeness","brain-physiology","brain-physiology",CONCEPT,"physical condition of conscious states",high,,False
"whole","Wholeness","physiology of the sense-organs","physiology of the sense-organs",CONCEPT,"physical condition of conscious states",high,,False
"whole","Wholeness","psycho-physics","psycho-physics",CONCEPT,"technical term for connection of conscious states with physical conditions",high,,False
"whole","Wholeness","Matter","Matter",CONCEPT,"content of our idea of reality",high,249;2969,True
"slow","Slow reproduction rate","transitions of reason","transitions of reason",CONCEPT,"a type of thought process",high,,False
"slow","Slow reproduction rate","elementary habit","elementary habit",CONCEPT,"a manifestation of habit",high,,False
"slow","Slow reproduction rate","elementary memory","elementary memory",CONCEPT,"an effect of habit",high,,False
"indefinites","indefinite","Aboriginal men","Aboriginal men",PERSON,"people who think indefinitely",high,,False
"granules","granules","muscæ volitantes","muscae volitantes",SUBSTANCE,"a type of floating object in the eye",high,,False
"granules","granules","vitreous humor","vitreous humor",SUBSTANCE,"fluid where muscae volitantes float",high,,False
"granules","granules","retina","retina",PLACE,"surface on which shadows are cast",high,739,True
"ratio","ratio","difference-threshold","difference-threshold",CONCEPT,"a ratio described by Fechner",high,,False
"transitions","transition","transitions of reason","transitions of reason",CONCEPT,"a type of thinking process",high,,False
"sequence","Sequence","feeling proper","feeling proper",CONCEPT,"a type of feeling",high,,False
"tenacity","Tenacity","native tenacity","native tenacity",CONCEPT,"a quality that contributes to greatness",high,,False
"tenacity","Tenacity","great passions","great passions",CONCEPT,"a quality coupled with tenacity",high,,False
"tenacity","Tenacity","great intellect","great intellect",CONCEPT,"a quality coupled with tenacity",high,,False
"tenacity","Tenacity","desultory memory","desultory memory",CONCEPT,"a type of memory possessed by imbeciles",high,,False
"mountain","Mountain","rocks of transition","transition rocks",SUBSTANCE,"synonym for Silurian and Devonian formations",high,,False
"mountain","Mountain","mountain limestone","mountain limestone",SUBSTANCE,"part of the lower trias",high,,False
"mountain","Mountain","coal measures","coal measures",SUBSTANCE,"part of the lower trias",high,,False
"mountain","Mountain","todilegende","Todtliegende",SUBSTANCE,"part of the lower trias",high,,False
"mountain","Mountain","zechstein","Zechstein",SUBSTANCE,"part of the lower trias",high,2046,True
"mountain","Mountain","butter sandstone","Bunter sandstone",SUBSTANCE,"part of the upper trias",high,,False
"mountain","Mountain","muschelkalk","Muschelkalk",SUBSTANCE,"part of the upper trias",high,1936,True
"mountain","Mountain","keuper","Keuper",SUBSTANCE,"part of the upper trias",high,2415,True
"mountain","Mountain","Jura limestone","Jurassic limestone",SUBSTANCE,"part of the Jura formation",high,1987,True
"mountain","Mountain","lias","Lias",SUBSTANCE,"part of the Jura formation",high,,False
"mountain","Mountain","lias","Lias",SUBSTANCE,"part of the Jura limestone",high,,False
"mountain","Mountain","oolite","oolite",SUBSTANCE,"part of the Jura limestone",high,,False
"mountain","Mountain","freestone","freestone",SUBSTANCE,"part of the flotz strata",high,,False
"mountain","Mountain","chalk","chalk",SUBSTANCE,"part of the flotz strata",high,829,True
"mountain","Mountain","mountain limestone","mountain limestone",SUBSTANCE,"beginning of flotz strata",high,,False
"mountain","Mountain","granular limestone","granular limestone",SUBSTANCE,"designation for tertiary formations",high,,False
"mountain","Mountain","lignite","lignite",SUBSTANCE,"designation for tertiary formations",high,1760,True
"mountain","Mountain","south Apennine gravel","south Apennine gravel",SUBSTANCE,"designation for tertiary formations",high,,False
"mountain","Mountain","cambrian","Cambrian",SUBSTANCE,"former name for Silurian strata",high,,False
"mountain","Mountain","old red sandstone","old red sandstone",SUBSTANCE,"strata in contact with mountain limestone",high,,False
"mountain","Mountain","devonian formation","Devonian formation",SUBSTANCE,"strata in contact with mountain limestone",high,,False
"mountain","Mountain","Limestones","limestones",SUBSTANCE,"imbedded in transition and carboniferous formations",high,,False
"mountain","Mountain","zechstein","Zechstein",SUBSTANCE,"part of transition and carboniferous formations",high,2046,True
"mountain","Mountain","muschelkalk","Muschelkalk",SUBSTANCE,"part of transition and carboniferous formations",high,1936,True
"mountain","Mountain","Jura formation","Jura formation",SUBSTANCE,"part of transition and carboniferous formations",high,,False
"mountain","Mountain","silurian and devonian systems","Silurian and Devonian systems",SUBSTANCE,"synonym for upper and lower graywacke",high,,False
"mountain","Mountain","old red sandstone","old red sandstone",SUBSTANCE,"former designation for lower trias",high,,False
"mountain","Mountain","lower trias","Lower Trias",SUBSTANCE,"comprising mountain limestone; coal-measures; and lower new red sandstone",high,,False
"mountain","Mountain","mountain limestone","mountain limestone",SUBSTANCE,"part of the lower trias",high,,False
"mountain","Mountain","coal-measures","coal measures",SUBSTANCE,"part of the lower trias",high,,False
"mountain","Mountain","lower new red sandstone","lower new red sandstone",SUBSTANCE,"part of the lower trias",high,,False
"mountain","Mountain","Todtliegende","Todtliegende",SUBSTANCE,"part of the lower trias",high,,False
"mountain","Mountain","Zechstein","Zechstein",SUBSTANCE,"part of the lower trias",high,2046,True
"mountain","Mountain","upper trias","Upper Trias",SUBSTANCE,"including variegated sandstone",high,,False
"mountain","Mountain","variegated sandstone","variegated sandstone",SUBSTANCE,"part of the upper trias",high,,False
"atmospheric","Atmospheric","telluric","telluric",CONCEPT,"alternative name for origin",high,,False
"atmospheric","Atmospheric","Ægos Potamos","Aigos Potamos",PLACE,"location of mass",high,,False
"social condition","Social conditions","Aphorismi ex Physiologia Chemica","Aphorismi ex Physiologia Chemica",CONCEPT,"cited work/source",high,,False
"inequalities","Orbital Inequalities","periodic inequalities","periodic inequalities",CONCEPT,"type of inequality",high,,False
"inequalities","Orbital Inequalities","Equality","Equality",CONCEPT,"correlative to Inequality",high,4249,True
"inequalities","Orbital Inequalities","Relative","Relative",CONCEPT,"correlative to Non-relative",high,,False
"inequalities","Orbital Inequalities","Non-relative","Non-relative",CONCEPT,"correlative to Relative",high,,False
"electric heat","Artificial heat","artificial heat","artificial heat",CONCEPT,"synonym",high,4540,False
